A  .task-board/.goals/primary/PRIMARY-GOAL-260731-v5a1is/revision-000001.json
A  .task-board/.goals/primary/PRIMARY-GOAL-260731-v5a1is/revision-000002.json
A  .task-board/.goals/primary/PRIMARY-GOAL-260731-v5a1is/revision-000003.json
A  .task-board/.goals/primary/PRIMARY-GOAL-260731-v5a1is/revision-000004.json
A  .task-board/.goals/primary/head.json
A  .task-board/.goals/v2/migration.json
A  .task-board/.goals/v2/owners/parent/primary/head.json
A  .task-board/.goals/v2/owners/run/RUN-260731-00042D/head.json
A  .task-board/.goals/v2/owners/run/RUN-260731-00315A/head.json
A  .task-board/.goals/v2/owners/run/RUN-260731-0086ED/head.json
A  .task-board/.goals/v2/owners/run/RUN-260731-0099F5/head.json
A  .task-board/.goals/v2/owners/run/RUN-260731-00C17B/head.json
A  .task-board/.goals/v2/owners/run/RUN-260731-020603/head.json
A  .task-board/.goals/v2/owners/run/RUN-260731-0253AD/head.json
A  .task-board/.goals/v2/owners/run/RUN-260731-037531/head.json
A  .task-board/.goals/v2/owners/run/RUN-260731-03A2DD/head.json
A  .task-board/.goals/v2/owners/run/RUN-260731-03B819/head.json
A  .task-board/.goals/v2/owners/run/RUN-260731-043291/head.json
A  .task-board/.goals/v2/owners/run/RUN-260731-04708C/head.json
A  .task-board/.goals/v2/owners/run/RUN-260731-0470D9/head.json
A  .task-board/.goals/v2/owners/run/RUN-260731-06CF0E/head.json
A  .task-board/.goals/v2/owners/run/RUN-260731-06DE89/head.json
A  .task-board/.goals/v2/owners/run/RUN-260731-071BFD/head.json
A  .task-board/.goals/v2/owners/run/RUN-260731-07A826/head.json
A  .task-board/.goals/v2/owners/run/RUN-260731-0810E0/head.json
A  .task-board/.goals/v2/owners/run/RUN-260731-08D442/head.json
A  .task-board/.goals/v2/owners/run/RUN-260731-08F77B/head.json
A  .task-board/.goals/v2/owners/run/RUN-260731-092533/head.json
A  .task-board/.goals/v2/owners/run/RUN-260731-094A32/head.json
A  .task-board/.goals/v2/owners/run/RUN-260731-0A9ECF/head.json
A  .task-board/.goals/v2/owners/run/RUN-260731-0BD125/head.json
A  .task-board/.goals/v2/owners/run/RUN-260731-0BF63A/head.json
A  .task-board/.goals/v2/owners/run/RUN-260731-0C0CC9/head.json
A  .task-board/.goals/v2/owners/run/RUN-260731-0CD415/head.json
A  .task-board/.goals/v2/owners/run/RUN-260731-0CF53F/head.json
A  .task-board/.goals/v2/owners/run/RUN-260731-0D4D68/head.json
A  .task-board/.goals/v2/owners/run/RUN-260731-0D521B/head.json
A  .task-board/.goals/v2/owners/run/RUN-260731-0DEB24/head.json
A  .task-board/.goals/v2/owners/run/RUN-260731-0E20BC/head.json
A  .task-board/.goals/v2/owners/run/RUN-260731-0E6239/head.json
A  .task-board/.goals/v2/owners/run/RUN-260731-0E6F79/head.json
A  .task-board/.goals/v2/owners/run/RUN-260731-0EA2E2/head.json
A  .task-board/.goals/v2/owners/run/RUN-260731-0F0F2B/head.json
A  .task-board/.goals/v2/owners/run/RUN-260731-0F7EF3/head.json
A  .task-board/.goals/v2/owners/run/RUN-260731-0F946F/head.json
A  .task-board/.goals/v2/owners/run/RUN-260731-109AF3/head.json
A  .task-board/.goals/v2/owners/run/RUN-260731-109B9B/head.json
A  .task-board/.goals/v2/owners/run/RUN-260731-10E30E/head.json
A  .task-board/.goals/v2/owners/run/RUN-260731-110DCE/head.json
A  .task-board/.goals/v2/owners/run/RUN-260731-112560/head.json
A  .task-board/.goals/v2/owners/run/RUN-260731-1138DF/head.json
A  .task-board/.goals/v2/owners/run/RUN-260731-118A55/head.json
A  .task-board/.goals/v2/owners/run/RUN-260731-11C4E2/head.json
A  .task-board/.goals/v2/owners/run/RUN-260731-11E6DB/head.json
A  .task-board/.goals/v2/owners/run/RUN-260731-126F69/head.json
A  .task-board/.goals/v2/owners/run/RUN-260731-15F5CD/head.json
A  .task-board/.goals/v2/owners/run/RUN-260731-16DD98/head.json
A  .task-board/.goals/v2/owners/run/RUN-260731-1742F3/head.json
A  .task-board/.goals/v2/owners/run/RUN-260731-1782D5/head.json
A  .task-board/.goals/v2/owners/run/RUN-260731-17CD97/head.json
A  .task-board/.goals/v2/owners/run/RUN-260731-1803C5/head.json
A  .task-board/.goals/v2/owners/run/RUN-260731-195D6E/head.json
A  .task-board/.goals/v2/owners/run/RUN-260731-199EEB/head.json
A  .task-board/.goals/v2/owners/run/RUN-260731-19C0D4/head.json
A  .task-board/.goals/v2/owners/run/RUN-260731-1A25AC/head.json
A  .task-board/.goals/v2/owners/run/RUN-260731-1A2E42/head.json
A  .task-board/.goals/v2/owners/run/RUN-260731-1AAF98/head.json
A  .task-board/.goals/v2/owners/run/RUN-260731-1AFFB7/head.json
A  .task-board/.goals/v2/owners/run/RUN-260731-1B124F/head.json
A  .task-board/.goals/v2/owners/run/RUN-260731-1BFE7B/head.json
A  .task-board/.goals/v2/owners/run/RUN-260731-1C03CC/head.json
A  .task-board/.goals/v2/owners/run/RUN-260731-1CDE2D/head.json
A  .task-board/.goals/v2/owners/run/RUN-260731-1D3CA6/head.json
A  .task-board/.goals/v2/owners/run/RUN-260731-1D502B/head.json
A  .task-board/.goals/v2/owners/run/RUN-260731-1D59C8/head.json
A  .task-board/.goals/v2/owners/run/RUN-260731-1DB2F5/head.json
A  .task-board/.goals/v2/owners/run/RUN-260731-1E121C/head.json
A  .task-board/.goals/v2/owners/run/RUN-260731-1E142E/head.json
A  .task-board/.goals/v2/owners/run/RUN-260731-1EAB0D/head.json
A  .task-board/.goals/v2/owners/run/RUN-260731-1F1FC0/head.json
A  .task-board/.goals/v2/owners/run/RUN-260731-20A786/head.json
A  .task-board/.goals/v2/owners/run/RUN-260731-21545D/head.json
A  .task-board/.goals/v2/owners/run/RUN-260731-219304/head.json
A  .task-board/.goals/v2/owners/run/RUN-260731-21DADC/head.json
A  .task-board/.goals/v2/owners/run/RUN-260731-21F129/head.json
A  .task-board/.goals/v2/owners/run/RUN-260731-22095C/head.json
A  .task-board/.goals/v2/owners/run/RUN-260731-227735/head.json
A  .task-board/.goals/v2/owners/run/RUN-260731-227989/head.json
A  .task-board/.goals/v2/owners/run/RUN-260731-23849F/head.json
A  .task-board/.goals/v2/owners/run/RUN-260731-23D044/head.json
A  .task-board/.goals/v2/owners/run/RUN-260731-240AC1/head.json
A  .task-board/.goals/v2/owners/run/RUN-260731-2423FC/head.json
A  .task-board/.goals/v2/owners/run/RUN-260731-245F39/head.json
A  .task-board/.goals/v2/owners/run/RUN-260731-24848F/head.json
A  .task-board/.goals/v2/owners/run/RUN-260731-24B444/head.json
A  .task-board/.goals/v2/owners/run/RUN-260731-25137B/head.json
A  .task-board/.goals/v2/owners/run/RUN-260731-251CEA/head.json
A  .task-board/.goals/v2/owners/run/RUN-260731-254433/head.json
A  .task-board/.goals/v2/owners/run/RUN-260731-257350/head.json
A  .task-board/.goals/v2/owners/run/RUN-260731-25A2F8/head.json
A  .task-board/.goals/v2/owners/run/RUN-260731-264EC4/head.json
A  .task-board/.goals/v2/owners/run/RUN-260731-265940/head.json
A  .task-board/.goals/v2/owners/run/RUN-260731-279F23/head.json
A  .task-board/.goals/v2/owners/run/RUN-260731-27A434/head.json
A  .task-board/.goals/v2/owners/run/RUN-260731-27D7D8/head.json
A  .task-board/.goals/v2/owners/run/RUN-260731-2815E0/head.json
A  .task-board/.goals/v2/owners/run/RUN-260731-28D463/head.json
A  .task-board/.goals/v2/owners/run/RUN-260731-28DF3A/head.json
A  .task-board/.goals/v2/owners/run/RUN-260731-299B9E/head.json
A  .task-board/.goals/v2/owners/run/RUN-260731-2A2373/head.json
A  .task-board/.goals/v2/owners/run/RUN-260731-2A7F78/head.json
A  .task-board/.goals/v2/owners/run/RUN-260731-2AECE4/head.json
A  .task-board/.goals/v2/owners/run/RUN-260731-2BF7DB/head.json
A  .task-board/.goals/v2/owners/run/RUN-260731-2C7B85/head.json
A  .task-board/.goals/v2/owners/run/RUN-260731-2D1E32/head.json
A  .task-board/.goals/v2/owners/run/RUN-260731-2D6E99/head.json
A  .task-board/.goals/v2/owners/run/RUN-260731-2D9294/head.json
A  .task-board/.goals/v2/owners/run/RUN-260731-2DF35E/head.json
A  .task-board/.goals/v2/owners/run/RUN-260731-2E961B/head.json
A  .task-board/.goals/v2/owners/run/RUN-260731-2FD4E6/head.json
A  .task-board/.goals/v2/owners/run/RUN-260731-2FDB9F/head.json
A  .task-board/.goals/v2/owners/run/RUN-260731-30C7F4/head.json
A  .task-board/.goals/v2/owners/run/RUN-260731-30DD43/head.json
A  .task-board/.goals/v2/owners/run/RUN-260731-31AF48/head.json
A  .task-board/.goals/v2/owners/run/RUN-260731-324DA8/head.json
A  .task-board/.goals/v2/owners/run/RUN-260731-325CC6/head.json
A  .task-board/.goals/v2/owners/run/RUN-260731-32644B/head.json
A  .task-board/.goals/v2/owners/run/RUN-260731-32FB05/head.json
A  .task-board/.goals/v2/owners/run/RUN-260731-330289/head.json
A  .task-board/.goals/v2/owners/run/RUN-260731-3349B6/head.json
A  .task-board/.goals/v2/owners/run/RUN-260731-335490/head.json
A  .task-board/.goals/v2/owners/run/RUN-260731-3374E1/head.json
A  .task-board/.goals/v2/owners/run/RUN-260731-33A385/head.json
A  .task-board/.goals/v2/owners/run/RUN-260731-342561/head.json
A  .task-board/.goals/v2/owners/run/RUN-260731-342CD3/head.json
A  .task-board/.goals/v2/owners/run/RUN-260731-3440E6/head.json
A  .task-board/.goals/v2/owners/run/RUN-260731-344220/head.json
A  .task-board/.goals/v2/owners/run/RUN-260731-349A35/head.json
A  .task-board/.goals/v2/owners/run/RUN-260731-34DDC6/head.json
A  .task-board/.goals/v2/owners/run/RUN-260731-34EFFB/head.json
A  .task-board/.goals/v2/owners/run/RUN-260731-35C9DE/head.json
A  .task-board/.goals/v2/owners/run/RUN-260731-35D0F2/head.json
A  .task-board/.goals/v2/owners/run/RUN-260731-36A0ED/head.json
A  .task-board/.goals/v2/owners/run/RUN-260731-3742DD/head.json
A  .task-board/.goals/v2/owners/run/RUN-260731-379AAD/head.json
A  .task-board/.goals/v2/owners/run/RUN-260731-386306/head.json
A  .task-board/.goals/v2/owners/run/RUN-260731-389EDC/head.json
A  .task-board/.goals/v2/owners/run/RUN-260731-390420/head.json
A  .task-board/.goals/v2/owners/run/RUN-260731-39D22D/head.json
A  .task-board/.goals/v2/owners/run/RUN-260731-3A1340/head.json
A  .task-board/.goals/v2/owners/run/RUN-260731-3A7130/head.json
A  .task-board/.goals/v2/owners/run/RUN-260731-3B1187/head.json
A  .task-board/.goals/v2/owners/run/RUN-260731-3B2243/head.json
A  .task-board/.goals/v2/owners/run/RUN-260731-3BA0CD/head.json
A  .task-board/.goals/v2/owners/run/RUN-260731-3BADAD/head.json
A  .task-board/.goals/v2/owners/run/RUN-260731-3BD723/head.json
A  .task-board/.goals/v2/owners/run/RUN-260731-3CF9D4/head.json
A  .task-board/.goals/v2/owners/run/RUN-260731-3D1776/head.json
A  .task-board/.goals/v2/owners/run/RUN-260731-3D6F61/head.json
A  .task-board/.goals/v2/owners/run/RUN-260731-3DECD4/head.json
A  .task-board/.goals/v2/owners/run/RUN-260731-3E3071/head.json
A  .task-board/.goals/v2/owners/run/RUN-260731-3E517B/head.json
A  .task-board/.goals/v2/owners/run/RUN-260731-4069DC/head.json
A  .task-board/.goals/v2/owners/run/RUN-260731-4117FD/head.json
A  .task-board/.goals/v2/owners/run/RUN-260731-4156FC/head.json
A  .task-board/.goals/v2/owners/run/RUN-260731-419746/head.json
A  .task-board/.goals/v2/owners/run/RUN-260731-4226C9/head.json
A  .task-board/.goals/v2/owners/run/RUN-260731-42548D/head.json
A  .task-board/.goals/v2/owners/run/RUN-260731-427A06/head.json
A  .task-board/.goals/v2/owners/run/RUN-260731-429165/head.json
A  .task-board/.goals/v2/owners/run/RUN-260731-430907/head.json
A  .task-board/.goals/v2/owners/run/RUN-260731-431DA9/head.json
A  .task-board/.goals/v2/owners/run/RUN-260731-432A25/head.json
A  .task-board/.goals/v2/owners/run/RUN-260731-435363/head.json
A  .task-board/.goals/v2/owners/run/RUN-260731-43EDFE/head.json
A  .task-board/.goals/v2/owners/run/RUN-260731-447ED1/head.json
A  .task-board/.goals/v2/owners/run/RUN-260731-44F8E2/head.json
A  .task-board/.goals/v2/owners/run/RUN-260731-4530E4/head.json
A  .task-board/.goals/v2/owners/run/RUN-260731-45E3BF/head.json
A  .task-board/.goals/v2/owners/run/RUN-260731-4655A2/head.json
A  .task-board/.goals/v2/owners/run/RUN-260731-4680CE/head.json
A  .task-board/.goals/v2/owners/run/RUN-260731-47245E/head.json
A  .task-board/.goals/v2/owners/run/RUN-260731-4766A2/head.json
A  .task-board/.goals/v2/owners/run/RUN-260731-47EED8/head.json
A  .task-board/.goals/v2/owners/run/RUN-260731-47FFDB/head.json
A  .task-board/.goals/v2/owners/run/RUN-260731-48D4D8/head.json
A  .task-board/.goals/v2/owners/run/RUN-260731-49B660/head.json
A  .task-board/.goals/v2/owners/run/RUN-260731-49E943/head.json
A  .task-board/.goals/v2/owners/run/RUN-260731-4A2676/head.json
A  .task-board/.goals/v2/owners/run/RUN-260731-4ACAFD/head.json
A  .task-board/.goals/v2/owners/run/RUN-260731-4AE7AA/head.json
A  .task-board/.goals/v2/owners/run/RUN-260731-4AFBAB/head.json
A  .task-board/.goals/v2/owners/run/RUN-260731-4B310E/head.json
A  .task-board/.goals/v2/owners/run/RUN-260731-4BE2EC/head.json
A  .task-board/.goals/v2/owners/run/RUN-260731-4D41CF/head.json
A  .task-board/.goals/v2/owners/run/RUN-260731-4D5C51/head.json
A  .task-board/.goals/v2/owners/run/RUN-260731-4D87E3/head.json
A  .task-board/.goals/v2/owners/run/RUN-260731-4D8B17/head.json
A  .task-board/.goals/v2/owners/run/RUN-260731-4DB620/head.json
A  .task-board/.goals/v2/owners/run/RUN-260731-4DEDC3/head.json
A  .task-board/.goals/v2/owners/run/RUN-260731-4E3D0C/head.json
A  .task-board/.goals/v2/owners/run/RUN-260731-4EA49B/head.json
A  .task-board/.goals/v2/owners/run/RUN-260731-4F6303/head.json
A  .task-board/.goals/v2/owners/run/RUN-260731-4F8CB2/head.json
A  .task-board/.goals/v2/owners/run/RUN-260731-502165/head.json
A  .task-board/.goals/v2/owners/run/RUN-260731-50AA49/head.json
A  .task-board/.goals/v2/owners/run/RUN-260731-50E6E9/head.json
A  .task-board/.goals/v2/owners/run/RUN-260731-521DB1/head.json
A  .task-board/.goals/v2/owners/run/RUN-260731-5277BF/head.json
A  .task-board/.goals/v2/owners/run/RUN-260731-52911A/head.json
A  .task-board/.goals/v2/owners/run/RUN-260731-53904B/head.json
A  .task-board/.goals/v2/owners/run/RUN-260731-53BCA5/head.json
A  .task-board/.goals/v2/owners/run/RUN-260731-55182C/head.json
A  .task-board/.goals/v2/owners/run/RUN-260731-556CF6/head.json
A  .task-board/.goals/v2/owners/run/RUN-260731-573631/head.json
A  .task-board/.goals/v2/owners/run/RUN-260731-57F50E/head.json
A  .task-board/.goals/v2/owners/run/RUN-260731-581FB0/head.json
A  .task-board/.goals/v2/owners/run/RUN-260731-592818/head.json
A  .task-board/.goals/v2/owners/run/RUN-260731-595F73/head.json
A  .task-board/.goals/v2/owners/run/RUN-260731-59CA8E/head.json
A  .task-board/.goals/v2/owners/run/RUN-260731-59D292/head.json
A  .task-board/.goals/v2/owners/run/RUN-260731-59D5D1/head.json
A  .task-board/.goals/v2/owners/run/RUN-260731-5A6C9E/head.json
A  .task-board/.goals/v2/owners/run/RUN-260731-5A834A/head.json
A  .task-board/.goals/v2/owners/run/RUN-260731-5AF6DF/head.json
A  .task-board/.goals/v2/owners/run/RUN-260731-5B3541/head.json
A  .task-board/.goals/v2/owners/run/RUN-260731-5B699E/head.json
A  .task-board/.goals/v2/owners/run/RUN-260731-5B9EDD/head.json
A  .task-board/.goals/v2/owners/run/RUN-260731-5BF555/head.json
A  .task-board/.goals/v2/owners/run/RUN-260731-5C7E3B/head.json
A  .task-board/.goals/v2/owners/run/RUN-260731-5CD82B/head.json
A  .task-board/.goals/v2/owners/run/RUN-260731-5D634F/head.json
A  .task-board/.goals/v2/owners/run/RUN-260731-5D7B06/head.json
A  .task-board/.goals/v2/owners/run/RUN-260731-5E35D7/head.json
A  .task-board/.goals/v2/owners/run/RUN-260731-5F285D/head.json
A  .task-board/.goals/v2/owners/run/RUN-260731-5F4D34/head.json
A  .task-board/.goals/v2/owners/run/RUN-260731-5F9FC4/head.json
A  .task-board/.goals/v2/owners/run/RUN-260731-5FAFB7/head.json
A  .task-board/.goals/v2/owners/run/RUN-260731-5FCCFC/head.json
A  .task-board/.goals/v2/owners/run/RUN-260731-602967/head.json
A  .task-board/.goals/v2/owners/run/RUN-260731-6035BB/head.json
A  .task-board/.goals/v2/owners/run/RUN-260731-6120DC/head.json
A  .task-board/.goals/v2/owners/run/RUN-260731-612CB2/head.json
A  .task-board/.goals/v2/owners/run/RUN-260731-62C03B/head.json
A  .task-board/.goals/v2/owners/run/RUN-260731-62C15C/head.json
A  .task-board/.goals/v2/owners/run/RUN-260731-62C8AF/head.json
A  .task-board/.goals/v2/owners/run/RUN-260731-62F672/head.json
A  .task-board/.goals/v2/owners/run/RUN-260731-63563B/head.json
A  .task-board/.goals/v2/owners/run/RUN-260731-63570D/head.json
A  .task-board/.goals/v2/owners/run/RUN-260731-63D4E2/head.json
A  .task-board/.goals/v2/owners/run/RUN-260731-63E21E/head.json
A  .task-board/.goals/v2/owners/run/RUN-260731-63F980/head.json
A  .task-board/.goals/v2/owners/run/RUN-260731-640B8B/head.json
A  .task-board/.goals/v2/owners/run/RUN-260731-646510/head.json
A  .task-board/.goals/v2/owners/run/RUN-260731-648560/head.json
A  .task-board/.goals/v2/owners/run/RUN-260731-6497BC/head.json
A  .task-board/.goals/v2/owners/run/RUN-260731-64D205/head.json
A  .task-board/.goals/v2/owners/run/RUN-260731-64EECA/head.json
A  .task-board/.goals/v2/owners/run/RUN-260731-6502ED/head.json
A  .task-board/.goals/v2/owners/run/RUN-260731-6527C1/head.json
A  .task-board/.goals/v2/owners/run/RUN-260731-6610B8/head.json
A  .task-board/.goals/v2/owners/run/RUN-260731-662709/head.json
A  .task-board/.goals/v2/owners/run/RUN-260731-664F7F/head.json
A  .task-board/.goals/v2/owners/run/RUN-260731-66FFC3/head.json
A  .task-board/.goals/v2/owners/run/RUN-260731-674547/head.json
A  .task-board/.goals/v2/owners/run/RUN-260731-67ABFF/head.json
A  .task-board/.goals/v2/owners/run/RUN-260731-6809B0/head.json
A  .task-board/.goals/v2/owners/run/RUN-260731-681504/head.json
A  .task-board/.goals/v2/owners/run/RUN-260731-69381D/head.json
A  .task-board/.goals/v2/owners/run/RUN-260731-698726/head.json
A  .task-board/.goals/v2/owners/run/RUN-260731-6A9556/head.json
A  .task-board/.goals/v2/owners/run/RUN-260731-6B176A/head.json
A  .task-board/.goals/v2/owners/run/RUN-260731-6B6D59/head.json
A  .task-board/.goals/v2/owners/run/RUN-260731-6BA3E9/head.json
A  .task-board/.goals/v2/owners/run/RUN-260731-6C2F85/head.json
A  .task-board/.goals/v2/owners/run/RUN-260731-6D0D33/head.json
A  .task-board/.goals/v2/owners/run/RUN-260731-6D4AB2/head.json
A  .task-board/.goals/v2/owners/run/RUN-260731-6E43CC/head.json
A  .task-board/.goals/v2/owners/run/RUN-260731-6E8086/head.json
A  .task-board/.goals/v2/owners/run/RUN-260731-701C0F/head.json
A  .task-board/.goals/v2/owners/run/RUN-260731-7063A2/head.json
A  .task-board/.goals/v2/owners/run/RUN-260731-709C60/head.json
A  .task-board/.goals/v2/owners/run/RUN-260731-70C8C0/head.json
A  .task-board/.goals/v2/owners/run/RUN-260731-70EAE8/head.json
A  .task-board/.goals/v2/owners/run/RUN-260731-7155BD/head.json
A  .task-board/.goals/v2/owners/run/RUN-260731-7156B1/head.json
A  .task-board/.goals/v2/owners/run/RUN-260731-719384/head.json
A  .task-board/.goals/v2/owners/run/RUN-260731-726440/head.json
A  .task-board/.goals/v2/owners/run/RUN-260731-72EA89/head.json
A  .task-board/.goals/v2/owners/run/RUN-260731-72EC1D/head.json
A  .task-board/.goals/v2/owners/run/RUN-260731-732B40/head.json
A  .task-board/.goals/v2/owners/run/RUN-260731-735B03/head.json
A  .task-board/.goals/v2/owners/run/RUN-260731-7374B1/head.json
A  .task-board/.goals/v2/owners/run/RUN-260731-738FBF/head.json
A  .task-board/.goals/v2/owners/run/RUN-260731-74B2B2/head.json
A  .task-board/.goals/v2/owners/run/RUN-260731-74D5B2/head.json
A  .task-board/.goals/v2/owners/run/RUN-260731-752DEA/head.json
A  .task-board/.goals/v2/owners/run/RUN-260731-7563D8/head.json
A  .task-board/.goals/v2/owners/run/RUN-260731-761ED8/head.json
A  .task-board/.goals/v2/owners/run/RUN-260731-762FB8/head.json
A  .task-board/.goals/v2/owners/run/RUN-260731-76BF5B/head.json
A  .task-board/.goals/v2/owners/run/RUN-260731-7792B6/head.json
A  .task-board/.goals/v2/owners/run/RUN-260731-780999/head.json
A  .task-board/.goals/v2/owners/run/RUN-260731-785DB6/head.json
A  .task-board/.goals/v2/owners/run/RUN-260731-78A6FA/head.json
A  .task-board/.goals/v2/owners/run/RUN-260731-791442/head.json
A  .task-board/.goals/v2/owners/run/RUN-260731-79301D/head.json
A  .task-board/.goals/v2/owners/run/RUN-260731-795F65/head.json
A  .task-board/.goals/v2/owners/run/RUN-260731-7963DF/head.json
A  .task-board/.goals/v2/owners/run/RUN-260731-79BC28/head.json
A  .task-board/.goals/v2/owners/run/RUN-260731-7A5170/head.json
A  .task-board/.goals/v2/owners/run/RUN-260731-7A9A08/head.json
A  .task-board/.goals/v2/owners/run/RUN-260731-7B01DC/head.json
A  .task-board/.goals/v2/owners/run/RUN-260731-7B970B/head.json
A  .task-board/.goals/v2/owners/run/RUN-260731-7BDE49/head.json
A  .task-board/.goals/v2/owners/run/RUN-260731-7BE74A/head.json
A  .task-board/.goals/v2/owners/run/RUN-260731-7C2E70/head.json
A  .task-board/.goals/v2/owners/run/RUN-260731-7C6C01/head.json
A  .task-board/.goals/v2/owners/run/RUN-260731-7C983A/head.json
A  .task-board/.goals/v2/owners/run/RUN-260731-7C9A7A/head.json
A  .task-board/.goals/v2/owners/run/RUN-260731-7CDCFE/head.json
A  .task-board/.goals/v2/owners/run/RUN-260731-7CE7A7/head.json
A  .task-board/.goals/v2/owners/run/RUN-260731-7D17E8/head.json
A  .task-board/.goals/v2/owners/run/RUN-260731-7D213B/head.json
A  .task-board/.goals/v2/owners/run/RUN-260731-7D9F12/head.json
A  .task-board/.goals/v2/owners/run/RUN-260731-7DCA5F/head.json
A  .task-board/.goals/v2/owners/run/RUN-260731-7E2A2C/head.json
A  .task-board/.goals/v2/owners/run/RUN-260731-7E80F9/head.json
A  .task-board/.goals/v2/owners/run/RUN-260731-7E9F95/head.json
A  .task-board/.goals/v2/owners/run/RUN-260731-7EAAE7/head.json
A  .task-board/.goals/v2/owners/run/RUN-260731-7ECD70/head.json
A  .task-board/.goals/v2/owners/run/RUN-260731-7F191D/head.json
A  .task-board/.goals/v2/owners/run/RUN-260731-7F2011/head.json
A  .task-board/.goals/v2/owners/run/RUN-260731-7F2505/head.json
A  .task-board/.goals/v2/owners/run/RUN-260731-7FD0C7/head.json
A  .task-board/.goals/v2/owners/run/RUN-260731-7FF8F9/head.json
A  .task-board/.goals/v2/owners/run/RUN-260731-8044F4/head.json
A  .task-board/.goals/v2/owners/run/RUN-260731-8071CF/head.json
A  .task-board/.goals/v2/owners/run/RUN-260731-807FD7/head.json
A  .task-board/.goals/v2/owners/run/RUN-260731-80C01A/head.json
A  .task-board/.goals/v2/owners/run/RUN-260731-810D5F/head.json
A  .task-board/.goals/v2/owners/run/RUN-260731-818EBD/head.json
A  .task-board/.goals/v2/owners/run/RUN-260731-81908E/head.json
A  .task-board/.goals/v2/owners/run/RUN-260731-81CE5B/head.json
A  .task-board/.goals/v2/owners/run/RUN-260731-8200CF/head.json
A  .task-board/.goals/v2/owners/run/RUN-260731-8213F2/head.json
A  .task-board/.goals/v2/owners/run/RUN-260731-826018/head.json
A  .task-board/.goals/v2/owners/run/RUN-260731-83242F/head.json
A  .task-board/.goals/v2/owners/run/RUN-260731-833F9B/head.json
A  .task-board/.goals/v2/owners/run/RUN-260731-83A765/head.json
A  .task-board/.goals/v2/owners/run/RUN-260731-84523E/head.json
A  .task-board/.goals/v2/owners/run/RUN-260731-8463AB/head.json
A  .task-board/.goals/v2/owners/run/RUN-260731-84DDB3/head.json
A  .task-board/.goals/v2/owners/run/RUN-260731-850A70/head.json
A  .task-board/.goals/v2/owners/run/RUN-260731-8536D7/head.json
A  .task-board/.goals/v2/owners/run/RUN-260731-8537BD/head.json
A  .task-board/.goals/v2/owners/run/RUN-260731-854426/head.json
A  .task-board/.goals/v2/owners/run/RUN-260731-85469B/head.json
A  .task-board/.goals/v2/owners/run/RUN-260731-85D5CA/head.json
A  .task-board/.goals/v2/owners/run/RUN-260731-85F6B9/head.json
A  .task-board/.goals/v2/owners/run/RUN-260731-868715/head.json
A  .task-board/.goals/v2/owners/run/RUN-260731-86BB1E/head.json
A  .task-board/.goals/v2/owners/run/RUN-260731-8708FA/head.json
A  .task-board/.goals/v2/owners/run/RUN-260731-874800/head.json
A  .task-board/.goals/v2/owners/run/RUN-260731-875BA0/head.json
A  .task-board/.goals/v2/owners/run/RUN-260731-876991/head.json
A  .task-board/.goals/v2/owners/run/RUN-260731-8788C4/head.json
A  .task-board/.goals/v2/owners/run/RUN-260731-8855BB/head.json
A  .task-board/.goals/v2/owners/run/RUN-260731-886A07/head.json
A  .task-board/.goals/v2/owners/run/RUN-260731-888628/head.json
A  .task-board/.goals/v2/owners/run/RUN-260731-894A9A/head.json
A  .task-board/.goals/v2/owners/run/RUN-260731-899909/head.json
A  .task-board/.goals/v2/owners/run/RUN-260731-89B192/head.json
A  .task-board/.goals/v2/owners/run/RUN-260731-8A6D70/head.json
A  .task-board/.goals/v2/owners/run/RUN-260731-8A95DE/head.json
A  .task-board/.goals/v2/owners/run/RUN-260731-8AC0B2/head.json
A  .task-board/.goals/v2/owners/run/RUN-260731-8B5D2A/head.json
A  .task-board/.goals/v2/owners/run/RUN-260731-8BA727/head.json
A  .task-board/.goals/v2/owners/run/RUN-260731-8C6E9F/head.json
A  .task-board/.goals/v2/owners/run/RUN-260731-8CB012/head.json
A  .task-board/.goals/v2/owners/run/RUN-260731-8D5920/head.json
A  .task-board/.goals/v2/owners/run/RUN-260731-8DB952/head.json
A  .task-board/.goals/v2/owners/run/RUN-260731-8DDCE7/head.json
A  .task-board/.goals/v2/owners/run/RUN-260731-8DEE95/head.json
A  .task-board/.goals/v2/owners/run/RUN-260731-8F9DBC/head.json
A  .task-board/.goals/v2/owners/run/RUN-260731-8FBECC/head.json
A  .task-board/.goals/v2/owners/run/RUN-260731-8FCF67/head.json
A  .task-board/.goals/v2/owners/run/RUN-260731-8FE272/head.json
A  .task-board/.goals/v2/owners/run/RUN-260731-90394C/head.json
A  .task-board/.goals/v2/owners/run/RUN-260731-9182E6/head.json
A  .task-board/.goals/v2/owners/run/RUN-260731-919384/head.json
A  .task-board/.goals/v2/owners/run/RUN-260731-91ADD1/head.json
A  .task-board/.goals/v2/owners/run/RUN-260731-922DC9/head.json
A  .task-board/.goals/v2/owners/run/RUN-260731-925C51/head.json
A  .task-board/.goals/v2/owners/run/RUN-260731-92E090/head.json
A  .task-board/.goals/v2/owners/run/RUN-260731-932DD6/head.json
A  .task-board/.goals/v2/owners/run/RUN-260731-945EA3/head.json
A  .task-board/.goals/v2/owners/run/RUN-260731-94CC16/head.json
A  .task-board/.goals/v2/owners/run/RUN-260731-951947/head.json
A  .task-board/.goals/v2/owners/run/RUN-260731-95BDBD/head.json
A  .task-board/.goals/v2/owners/run/RUN-260731-95E61C/head.json
A  .task-board/.goals/v2/owners/run/RUN-260731-960FC7/head.json
A  .task-board/.goals/v2/owners/run/RUN-260731-9664B0/head.json
A  .task-board/.goals/v2/owners/run/RUN-260731-971F35/head.json
A  .task-board/.goals/v2/owners/run/RUN-260731-97A7DC/head.json
A  .task-board/.goals/v2/owners/run/RUN-260731-99FB9B/head.json
A  .task-board/.goals/v2/owners/run/RUN-260731-9A3715/head.json
A  .task-board/.goals/v2/owners/run/RUN-260731-9AB4B7/head.json
A  .task-board/.goals/v2/owners/run/RUN-260731-9B2400/head.json
A  .task-board/.goals/v2/owners/run/RUN-260731-9CCDF5/head.json
A  .task-board/.goals/v2/owners/run/RUN-260731-9D2391/head.json
A  .task-board/.goals/v2/owners/run/RUN-260731-9D54AD/head.json
A  .task-board/.goals/v2/owners/run/RUN-260731-9D6464/head.json
A  .task-board/.goals/v2/owners/run/RUN-260731-9DB0F0/head.json
A  .task-board/.goals/v2/owners/run/RUN-260731-9DB491/head.json
A  .task-board/.goals/v2/owners/run/RUN-260731-9DB49D/head.json
A  .task-board/.goals/v2/owners/run/RUN-260731-9E4090/head.json
A  .task-board/.goals/v2/owners/run/RUN-260731-9E9207/head.json
A  .task-board/.goals/v2/owners/run/RUN-260731-9ED83F/head.json
A  .task-board/.goals/v2/owners/run/RUN-260731-9F0082/head.json
A  .task-board/.goals/v2/owners/run/RUN-260731-9F7C01/head.json
A  .task-board/.goals/v2/owners/run/RUN-260731-9FE1D0/head.json
A  .task-board/.goals/v2/owners/run/RUN-260731-A0261A/head.json
A  .task-board/.goals/v2/owners/run/RUN-260731-A08FA6/head.json
A  .task-board/.goals/v2/owners/run/RUN-260731-A0AD63/head.json
A  .task-board/.goals/v2/owners/run/RUN-260731-A0DED6/head.json
A  .task-board/.goals/v2/owners/run/RUN-260731-A17A9E/head.json
A  .task-board/.goals/v2/owners/run/RUN-260731-A185F9/head.json
A  .task-board/.goals/v2/owners/run/RUN-260731-A39DE1/head.json
A  .task-board/.goals/v2/owners/run/RUN-260731-A3AB8D/head.json
A  .task-board/.goals/v2/owners/run/RUN-260731-A3C0EA/head.json
A  .task-board/.goals/v2/owners/run/RUN-260731-A3E78E/head.json
A  .task-board/.goals/v2/owners/run/RUN-260731-A5248E/head.json
A  .task-board/.goals/v2/owners/run/RUN-260731-A5C202/head.json
A  .task-board/.goals/v2/owners/run/RUN-260731-A61272/head.json
A  .task-board/.goals/v2/owners/run/RUN-260731-A6564C/head.json
A  .task-board/.goals/v2/owners/run/RUN-260731-A8E3A5/head.json
A  .task-board/.goals/v2/owners/run/RUN-260731-A9870F/head.json
A  .task-board/.goals/v2/owners/run/RUN-260731-A996A3/head.json
A  .task-board/.goals/v2/owners/run/RUN-260731-AA8462/head.json
A  .task-board/.goals/v2/owners/run/RUN-260731-AAF626/head.json
A  .task-board/.goals/v2/owners/run/RUN-260731-ABD99B/head.json
A  .task-board/.goals/v2/owners/run/RUN-260731-AC74C1/head.json
A  .task-board/.goals/v2/owners/run/RUN-260731-ACDCCD/head.json
A  .task-board/.goals/v2/owners/run/RUN-260731-AD325C/head.json
A  .task-board/.goals/v2/owners/run/RUN-260731-AD8C2F/head.json
A  .task-board/.goals/v2/owners/run/RUN-260731-AEAB75/head.json
A  .task-board/.goals/v2/owners/run/RUN-260731-AF0969/head.json
A  .task-board/.goals/v2/owners/run/RUN-260731-AF961F/head.json
A  .task-board/.goals/v2/owners/run/RUN-260731-B0C15C/head.json
A  .task-board/.goals/v2/owners/run/RUN-260731-B0D953/head.json
A  .task-board/.goals/v2/owners/run/RUN-260731-B15CF8/head.json
A  .task-board/.goals/v2/owners/run/RUN-260731-B18C49/head.json
A  .task-board/.goals/v2/owners/run/RUN-260731-B1EAAD/head.json
A  .task-board/.goals/v2/owners/run/RUN-260731-B200D6/head.json
A  .task-board/.goals/v2/owners/run/RUN-260731-B295E8/head.json
A  .task-board/.goals/v2/owners/run/RUN-260731-B3BF04/head.json
A  .task-board/.goals/v2/owners/run/RUN-260731-B41C81/head.json
A  .task-board/.goals/v2/owners/run/RUN-260731-B444FD/head.json
A  .task-board/.goals/v2/owners/run/RUN-260731-B504FB/head.json
A  .task-board/.goals/v2/owners/run/RUN-260731-B58C91/head.json
A  .task-board/.goals/v2/owners/run/RUN-260731-B5DA21/head.json
A  .task-board/.goals/v2/owners/run/RUN-260731-B61411/head.json
A  .task-board/.goals/v2/owners/run/RUN-260731-B6271C/head.json
A  .task-board/.goals/v2/owners/run/RUN-260731-B68B16/head.json
A  .task-board/.goals/v2/owners/run/RUN-260731-B727D9/head.json
A  .task-board/.goals/v2/owners/run/RUN-260731-B759E5/head.json
A  .task-board/.goals/v2/owners/run/RUN-260731-B77906/head.json
A  .task-board/.goals/v2/owners/run/RUN-260731-B7E3E5/head.json
A  .task-board/.goals/v2/owners/run/RUN-260731-B8496F/head.json
A  .task-board/.goals/v2/owners/run/RUN-260731-B93888/head.json
A  .task-board/.goals/v2/owners/run/RUN-260731-B97067/head.json
A  .task-board/.goals/v2/owners/run/RUN-260731-B9760E/head.json
A  .task-board/.goals/v2/owners/run/RUN-260731-BB549B/head.json
A  .task-board/.goals/v2/owners/run/RUN-260731-BB6E21/head.json
A  .task-board/.goals/v2/owners/run/RUN-260731-BB7B2B/head.json
A  .task-board/.goals/v2/owners/run/RUN-260731-BB7CF8/head.json
A  .task-board/.goals/v2/owners/run/RUN-260731-BBE7CB/head.json
A  .task-board/.goals/v2/owners/run/RUN-260731-BBE889/head.json
A  .task-board/.goals/v2/owners/run/RUN-260731-BC645C/head.json
A  .task-board/.goals/v2/owners/run/RUN-260731-BCA68C/head.json
A  .task-board/.goals/v2/owners/run/RUN-260731-BCB71B/head.json
A  .task-board/.goals/v2/owners/run/RUN-260731-BD0CE3/head.json
A  .task-board/.goals/v2/owners/run/RUN-260731-BDC55C/head.json
A  .task-board/.goals/v2/owners/run/RUN-260731-BDFAB7/head.json
A  .task-board/.goals/v2/owners/run/RUN-260731-BE0F64/head.json
A  .task-board/.goals/v2/owners/run/RUN-260731-BEA164/head.json
A  .task-board/.goals/v2/owners/run/RUN-260731-BEF429/head.json
A  .task-board/.goals/v2/owners/run/RUN-260731-BEF497/head.json
A  .task-board/.goals/v2/owners/run/RUN-260731-BF36DC/head.json
A  .task-board/.goals/v2/owners/run/RUN-260731-BFED35/head.json
A  .task-board/.goals/v2/owners/run/RUN-260731-BFF49E/head.json
A  .task-board/.goals/v2/owners/run/RUN-260731-BFF588/head.json
A  .task-board/.goals/v2/owners/run/RUN-260731-C02916/head.json
A  .task-board/.goals/v2/owners/run/RUN-260731-C035BA/head.json
A  .task-board/.goals/v2/owners/run/RUN-260731-C12C3B/head.json
A  .task-board/.goals/v2/owners/run/RUN-260731-C1AD57/head.json
A  .task-board/.goals/v2/owners/run/RUN-260731-C1D16D/head.json
A  .task-board/.goals/v2/owners/run/RUN-260731-C224AE/head.json
A  .task-board/.goals/v2/owners/run/RUN-260731-C268A8/head.json
A  .task-board/.goals/v2/owners/run/RUN-260731-C30791/head.json
A  .task-board/.goals/v2/owners/run/RUN-260731-C351AC/head.json
A  .task-board/.goals/v2/owners/run/RUN-260731-C35556/head.json
A  .task-board/.goals/v2/owners/run/RUN-260731-C3B0C7/head.json
A  .task-board/.goals/v2/owners/run/RUN-260731-C417E0/head.json
A  .task-board/.goals/v2/owners/run/RUN-260731-C48805/head.json
A  .task-board/.goals/v2/owners/run/RUN-260731-C51624/head.json
A  .task-board/.goals/v2/owners/run/RUN-260731-C5250D/head.json
A  .task-board/.goals/v2/owners/run/RUN-260731-C6D808/head.json
A  .task-board/.goals/v2/owners/run/RUN-260731-C711C7/head.json
A  .task-board/.goals/v2/owners/run/RUN-260731-C8A302/head.json
A  .task-board/.goals/v2/owners/run/RUN-260731-C8BC61/head.json
A  .task-board/.goals/v2/owners/run/RUN-260731-C92141/head.json
A  .task-board/.goals/v2/owners/run/RUN-260731-C9266C/head.json
A  .task-board/.goals/v2/owners/run/RUN-260731-C94E78/head.json
A  .task-board/.goals/v2/owners/run/RUN-260731-C9B675/head.json
A  .task-board/.goals/v2/owners/run/RUN-260731-CA220C/head.json
A  .task-board/.goals/v2/owners/run/RUN-260731-CA3283/head.json
A  .task-board/.goals/v2/owners/run/RUN-260731-CA7E90/head.json
A  .task-board/.goals/v2/owners/run/RUN-260731-CB3D88/head.json
A  .task-board/.goals/v2/owners/run/RUN-260731-CBA0FF/head.json
A  .task-board/.goals/v2/owners/run/RUN-260731-CBAF96/head.json
A  .task-board/.goals/v2/owners/run/RUN-260731-CBB5F4/head.json
A  .task-board/.goals/v2/owners/run/RUN-260731-CC03CB/head.json
A  .task-board/.goals/v2/owners/run/RUN-260731-CC43C6/head.json
A  .task-board/.goals/v2/owners/run/RUN-260731-CC53E2/head.json
A  .task-board/.goals/v2/owners/run/RUN-260731-CCA6FD/head.json
A  .task-board/.goals/v2/owners/run/RUN-260731-CCF754/head.json
A  .task-board/.goals/v2/owners/run/RUN-260731-CD7EE1/head.json
A  .task-board/.goals/v2/owners/run/RUN-260731-CD9955/head.json
A  .task-board/.goals/v2/owners/run/RUN-260731-CDF73B/head.json
A  .task-board/.goals/v2/owners/run/RUN-260731-CE1A0F/head.json
A  .task-board/.goals/v2/owners/run/RUN-260731-CE3C15/head.json
A  .task-board/.goals/v2/owners/run/RUN-260731-CE6430/head.json
A  .task-board/.goals/v2/owners/run/RUN-260731-CED64E/head.json
A  .task-board/.goals/v2/owners/run/RUN-260731-CF13C7/head.json
A  .task-board/.goals/v2/owners/run/RUN-260731-CFBC4D/head.json
A  .task-board/.goals/v2/owners/run/RUN-260731-CFC481/head.json
A  .task-board/.goals/v2/owners/run/RUN-260731-CFEBF1/head.json
A  .task-board/.goals/v2/owners/run/RUN-260731-D009A8/head.json
A  .task-board/.goals/v2/owners/run/RUN-260731-D00AF4/head.json
A  .task-board/.goals/v2/owners/run/RUN-260731-D06E1E/head.json
A  .task-board/.goals/v2/owners/run/RUN-260731-D13661/head.json
A  .task-board/.goals/v2/owners/run/RUN-260731-D17143/head.json
A  .task-board/.goals/v2/owners/run/RUN-260731-D17657/head.json
A  .task-board/.goals/v2/owners/run/RUN-260731-D1E164/head.json
A  .task-board/.goals/v2/owners/run/RUN-260731-D1E578/head.json
A  .task-board/.goals/v2/owners/run/RUN-260731-D1FE00/head.json
A  .task-board/.goals/v2/owners/run/RUN-260731-D21D8D/head.json
A  .task-board/.goals/v2/owners/run/RUN-260731-D22B19/head.json
A  .task-board/.goals/v2/owners/run/RUN-260731-D262D3/head.json
A  .task-board/.goals/v2/owners/run/RUN-260731-D3043A/head.json
A  .task-board/.goals/v2/owners/run/RUN-260731-D33C57/head.json
A  .task-board/.goals/v2/owners/run/RUN-260731-D39430/head.json
A  .task-board/.goals/v2/owners/run/RUN-260731-D3F60E/head.json
A  .task-board/.goals/v2/owners/run/RUN-260731-D4805E/head.json
A  .task-board/.goals/v2/owners/run/RUN-260731-D4C386/head.json
A  .task-board/.goals/v2/owners/run/RUN-260731-D4E6BB/head.json
A  .task-board/.goals/v2/owners/run/RUN-260731-D500BC/head.json
A  .task-board/.goals/v2/owners/run/RUN-260731-D5DDA1/head.json
A  .task-board/.goals/v2/owners/run/RUN-260731-D63682/head.json
A  .task-board/.goals/v2/owners/run/RUN-260731-D63DF4/head.json
A  .task-board/.goals/v2/owners/run/RUN-260731-D63F10/head.json
A  .task-board/.goals/v2/owners/run/RUN-260731-D66CDE/head.json
A  .task-board/.goals/v2/owners/run/RUN-260731-D6C8EE/head.json
A  .task-board/.goals/v2/owners/run/RUN-260731-D72A77/head.json
A  .task-board/.goals/v2/owners/run/RUN-260731-D75060/head.json
A  .task-board/.goals/v2/owners/run/RUN-260731-D77994/head.json
A  .task-board/.goals/v2/owners/run/RUN-260731-D80F9E/head.json
A  .task-board/.goals/v2/owners/run/RUN-260731-D82F9A/head.json
A  .task-board/.goals/v2/owners/run/RUN-260731-D8BD59/head.json
A  .task-board/.goals/v2/owners/run/RUN-260731-D8DC64/head.json
A  .task-board/.goals/v2/owners/run/RUN-260731-D8E60A/head.json
A  .task-board/.goals/v2/owners/run/RUN-260731-D91E4B/head.json
A  .task-board/.goals/v2/owners/run/RUN-260731-D92354/head.json
A  .task-board/.goals/v2/owners/run/RUN-260731-D9260F/head.json
A  .task-board/.goals/v2/owners/run/RUN-260731-D9BE61/head.json
A  .task-board/.goals/v2/owners/run/RUN-260731-D9F95E/head.json
A  .task-board/.goals/v2/owners/run/RUN-260731-DA13D8/head.json
A  .task-board/.goals/v2/owners/run/RUN-260731-DAB691/head.json
A  .task-board/.goals/v2/owners/run/RUN-260731-DB559A/head.json
A  .task-board/.goals/v2/owners/run/RUN-260731-DBA984/head.json
A  .task-board/.goals/v2/owners/run/RUN-260731-DBBE43/head.json
A  .task-board/.goals/v2/owners/run/RUN-260731-DBD58D/head.json
A  .task-board/.goals/v2/owners/run/RUN-260731-DBDECE/head.json
A  .task-board/.goals/v2/owners/run/RUN-260731-DC2466/head.json
A  .task-board/.goals/v2/owners/run/RUN-260731-DC5042/head.json
A  .task-board/.goals/v2/owners/run/RUN-260731-DCB6AD/head.json
A  .task-board/.goals/v2/owners/run/RUN-260731-DDFBFC/head.json
A  .task-board/.goals/v2/owners/run/RUN-260731-DE8492/head.json
A  .task-board/.goals/v2/owners/run/RUN-260731-DF15F7/head.json
A  .task-board/.goals/v2/owners/run/RUN-260731-DF9A48/head.json
A  .task-board/.goals/v2/owners/run/RUN-260731-DFCA53/head.json
A  .task-board/.goals/v2/owners/run/RUN-260731-DFD36D/head.json
A  .task-board/.goals/v2/owners/run/RUN-260731-E0815E/head.json
A  .task-board/.goals/v2/owners/run/RUN-260731-E09B6B/head.json
A  .task-board/.goals/v2/owners/run/RUN-260731-E0CDF2/head.json
A  .task-board/.goals/v2/owners/run/RUN-260731-E121F7/head.json
A  .task-board/.goals/v2/owners/run/RUN-260731-E17F01/head.json
A  .task-board/.goals/v2/owners/run/RUN-260731-E1AE92/head.json
A  .task-board/.goals/v2/owners/run/RUN-260731-E1C5DC/head.json
A  .task-board/.goals/v2/owners/run/RUN-260731-E2446D/head.json
A  .task-board/.goals/v2/owners/run/RUN-260731-E2DDFB/head.json
A  .task-board/.goals/v2/owners/run/RUN-260731-E49F4C/head.json
A  .task-board/.goals/v2/owners/run/RUN-260731-E4A345/head.json
A  .task-board/.goals/v2/owners/run/RUN-260731-E52798/head.json
A  .task-board/.goals/v2/owners/run/RUN-260731-E527E1/head.json
A  .task-board/.goals/v2/owners/run/RUN-260731-E552C3/head.json
A  .task-board/.goals/v2/owners/run/RUN-260731-E56EC9/head.json
A  .task-board/.goals/v2/owners/run/RUN-260731-E6AD02/head.json
A  .task-board/.goals/v2/owners/run/RUN-260731-E6BCD5/head.json
A  .task-board/.goals/v2/owners/run/RUN-260731-E742A7/head.json
A  .task-board/.goals/v2/owners/run/RUN-260731-E74850/head.json
A  .task-board/.goals/v2/owners/run/RUN-260731-E758BF/head.json
A  .task-board/.goals/v2/owners/run/RUN-260731-E7F1EF/head.json
A  .task-board/.goals/v2/owners/run/RUN-260731-E8318C/head.json
A  .task-board/.goals/v2/owners/run/RUN-260731-E850C3/head.json
A  .task-board/.goals/v2/owners/run/RUN-260731-E93B44/head.json
A  .task-board/.goals/v2/owners/run/RUN-260731-E9D7B5/head.json
A  .task-board/.goals/v2/owners/run/RUN-260731-EA0711/head.json
A  .task-board/.goals/v2/owners/run/RUN-260731-EB1722/head.json
A  .task-board/.goals/v2/owners/run/RUN-260731-EB6493/head.json
A  .task-board/.goals/v2/owners/run/RUN-260731-EBA509/head.json
A  .task-board/.goals/v2/owners/run/RUN-260731-EBEC7B/head.json
A  .task-board/.goals/v2/owners/run/RUN-260731-ECAD7C/head.json
A  .task-board/.goals/v2/owners/run/RUN-260731-ECDC62/head.json
A  .task-board/.goals/v2/owners/run/RUN-260731-ECE961/head.json
A  .task-board/.goals/v2/owners/run/RUN-260731-ED56C4/head.json
A  .task-board/.goals/v2/owners/run/RUN-260731-ED7790/head.json
A  .task-board/.goals/v2/owners/run/RUN-260731-EE6061/head.json
A  .task-board/.goals/v2/owners/run/RUN-260731-EE76B6/head.json
A  .task-board/.goals/v2/owners/run/RUN-260731-EEE928/head.json
A  .task-board/.goals/v2/owners/run/RUN-260731-EF1517/head.json
A  .task-board/.goals/v2/owners/run/RUN-260731-EF22F8/head.json
A  .task-board/.goals/v2/owners/run/RUN-260731-EF53B6/head.json
A  .task-board/.goals/v2/owners/run/RUN-260731-EFE2DD/head.json
A  .task-board/.goals/v2/owners/run/RUN-260731-EFF09E/head.json
A  .task-board/.goals/v2/owners/run/RUN-260731-F02009/head.json
A  .task-board/.goals/v2/owners/run/RUN-260731-F052AF/head.json
A  .task-board/.goals/v2/owners/run/RUN-260731-F0F739/head.json
A  .task-board/.goals/v2/owners/run/RUN-260731-F11ABD/head.json
A  .task-board/.goals/v2/owners/run/RUN-260731-F289C7/head.json
A  .task-board/.goals/v2/owners/run/RUN-260731-F3C0E1/head.json
A  .task-board/.goals/v2/owners/run/RUN-260731-F50A7C/head.json
A  .task-board/.goals/v2/owners/run/RUN-260731-F56BC3/head.json
A  .task-board/.goals/v2/owners/run/RUN-260731-F57E20/head.json
A  .task-board/.goals/v2/owners/run/RUN-260731-F5B1F3/head.json
A  .task-board/.goals/v2/owners/run/RUN-260731-F5E4BD/head.json
A  .task-board/.goals/v2/owners/run/RUN-260731-F6618C/head.json
A  .task-board/.goals/v2/owners/run/RUN-260731-F67F6B/head.json
A  .task-board/.goals/v2/owners/run/RUN-260731-F6A8B2/head.json
A  .task-board/.goals/v2/owners/run/RUN-260731-F6E67E/head.json
A  .task-board/.goals/v2/owners/run/RUN-260731-F6F13B/head.json
A  .task-board/.goals/v2/owners/run/RUN-260731-F7DEC8/head.json
A  .task-board/.goals/v2/owners/run/RUN-260731-F80571/head.json
A  .task-board/.goals/v2/owners/run/RUN-260731-F815A8/head.json
A  .task-board/.goals/v2/owners/run/RUN-260731-F8F83D/head.json
A  .task-board/.goals/v2/owners/run/RUN-260731-F946E8/head.json
A  .task-board/.goals/v2/owners/run/RUN-260731-F9A2B2/head.json
A  .task-board/.goals/v2/owners/run/RUN-260731-FA3E4B/head.json
A  .task-board/.goals/v2/owners/run/RUN-260731-FA6AF4/head.json
A  .task-board/.goals/v2/owners/run/RUN-260731-FA77B9/head.json
A  .task-board/.goals/v2/owners/run/RUN-260731-FA846B/head.json
A  .task-board/.goals/v2/owners/run/RUN-260731-FA99DC/head.json
A  .task-board/.goals/v2/owners/run/RUN-260731-FAB694/head.json
A  .task-board/.goals/v2/owners/run/RUN-260731-FC34B4/head.json
A  .task-board/.goals/v2/owners/run/RUN-260731-FCEF73/head.json
A  .task-board/.goals/v2/owners/run/RUN-260731-FD6906/head.json
A  .task-board/.goals/v2/owners/run/RUN-260731-FDDC5C/head.json
A  .task-board/.goals/v2/owners/run/RUN-260731-FE0100/head.json
A  .task-board/.goals/v2/owners/run/RUN-260731-FE66CF/head.json
A  .task-board/.goals/v2/owners/run/RUN-260731-FEAFE9/head.json
A  .task-board/.goals/v2/owners/run/RUN-260731-FEC0BA/head.json
A  .task-board/.goals/v2/owners/run/RUN-260731-FFB8B8/head.json
A  .task-board/.goals/v2/revisions/GOAL-260731-00042D/revision-000001.json
A  .task-board/.goals/v2/revisions/GOAL-260731-00315A/revision-000001.json
A  .task-board/.goals/v2/revisions/GOAL-260731-0086ED/revision-000001.json
A  .task-board/.goals/v2/revisions/GOAL-260731-0099F5/revision-000001.json
A  .task-board/.goals/v2/revisions/GOAL-260731-00C17B/revision-000001.json
A  .task-board/.goals/v2/revisions/GOAL-260731-020603/revision-000001.json
A  .task-board/.goals/v2/revisions/GOAL-260731-0253AD/revision-000001.json
A  .task-board/.goals/v2/revisions/GOAL-260731-037531/revision-000001.json
A  .task-board/.goals/v2/revisions/GOAL-260731-03A2DD/revision-000001.json
A  .task-board/.goals/v2/revisions/GOAL-260731-03B819/revision-000001.json
A  .task-board/.goals/v2/revisions/GOAL-260731-043291/revision-000001.json
A  .task-board/.goals/v2/revisions/GOAL-260731-04708C/revision-000001.json
A  .task-board/.goals/v2/revisions/GOAL-260731-0470D9/revision-000001.json
A  .task-board/.goals/v2/revisions/GOAL-260731-06CF0E/revision-000001.json
A  .task-board/.goals/v2/revisions/GOAL-260731-06DE89/revision-000001.json
A  .task-board/.goals/v2/revisions/GOAL-260731-071BFD/revision-000001.json
A  .task-board/.goals/v2/revisions/GOAL-260731-07A826/revision-000001.json
A  .task-board/.goals/v2/revisions/GOAL-260731-0810E0/revision-000001.json
A  .task-board/.goals/v2/revisions/GOAL-260731-08D442/revision-000001.json
A  .task-board/.goals/v2/revisions/GOAL-260731-08F77B/revision-000001.json
A  .task-board/.goals/v2/revisions/GOAL-260731-092533/revision-000001.json
A  .task-board/.goals/v2/revisions/GOAL-260731-094A32/revision-000001.json
A  .task-board/.goals/v2/revisions/GOAL-260731-0A9ECF/revision-000001.json
A  .task-board/.goals/v2/revisions/GOAL-260731-0BD125/revision-000001.json
A  .task-board/.goals/v2/revisions/GOAL-260731-0BF63A/revision-000001.json
A  .task-board/.goals/v2/revisions/GOAL-260731-0C0CC9/revision-000001.json
A  .task-board/.goals/v2/revisions/GOAL-260731-0CD415/revision-000001.json
A  .task-board/.goals/v2/revisions/GOAL-260731-0CF53F/revision-000001.json
A  .task-board/.goals/v2/revisions/GOAL-260731-0D4D68/revision-000001.json
A  .task-board/.goals/v2/revisions/GOAL-260731-0D521B/revision-000001.json
A  .task-board/.goals/v2/revisions/GOAL-260731-0DEB24/revision-000001.json
A  .task-board/.goals/v2/revisions/GOAL-260731-0E20BC/revision-000001.json
A  .task-board/.goals/v2/revisions/GOAL-260731-0E6239/revision-000001.json
A  .task-board/.goals/v2/revisions/GOAL-260731-0E6F79/revision-000001.json
A  .task-board/.goals/v2/revisions/GOAL-260731-0EA2E2/revision-000001.json
A  .task-board/.goals/v2/revisions/GOAL-260731-0F0F2B/revision-000001.json
A  .task-board/.goals/v2/revisions/GOAL-260731-0F7EF3/revision-000001.json
A  .task-board/.goals/v2/revisions/GOAL-260731-0F946F/revision-000001.json
A  .task-board/.goals/v2/revisions/GOAL-260731-109AF3/revision-000001.json
A  .task-board/.goals/v2/revisions/GOAL-260731-109B9B/revision-000001.json
A  .task-board/.goals/v2/revisions/GOAL-260731-10E30E/revision-000001.json
A  .task-board/.goals/v2/revisions/GOAL-260731-110DCE/revision-000001.json
A  .task-board/.goals/v2/revisions/GOAL-260731-112560/revision-000001.json
A  .task-board/.goals/v2/revisions/GOAL-260731-1138DF/revision-000001.json
A  .task-board/.goals/v2/revisions/GOAL-260731-118A55/revision-000001.json
A  .task-board/.goals/v2/revisions/GOAL-260731-11C4E2/revision-000001.json
A  .task-board/.goals/v2/revisions/GOAL-260731-11C4E2/revision-000002.json
A  .task-board/.goals/v2/revisions/GOAL-260731-11E6DB/revision-000001.json
A  .task-board/.goals/v2/revisions/GOAL-260731-126F69/revision-000001.json
A  .task-board/.goals/v2/revisions/GOAL-260731-15F5CD/revision-000001.json
A  .task-board/.goals/v2/revisions/GOAL-260731-16DD98/revision-000001.json
A  .task-board/.goals/v2/revisions/GOAL-260731-1742F3/revision-000001.json
A  .task-board/.goals/v2/revisions/GOAL-260731-1782D5/revision-000001.json
A  .task-board/.goals/v2/revisions/GOAL-260731-17CD97/revision-000001.json
A  .task-board/.goals/v2/revisions/GOAL-260731-1803C5/revision-000001.json
A  .task-board/.goals/v2/revisions/GOAL-260731-195D6E/revision-000001.json
A  .task-board/.goals/v2/revisions/GOAL-260731-199EEB/revision-000001.json
A  .task-board/.goals/v2/revisions/GOAL-260731-19C0D4/revision-000001.json
A  .task-board/.goals/v2/revisions/GOAL-260731-1A25AC/revision-000001.json
A  .task-board/.goals/v2/revisions/GOAL-260731-1A2E42/revision-000001.json
A  .task-board/.goals/v2/revisions/GOAL-260731-1AAF98/revision-000001.json
A  .task-board/.goals/v2/revisions/GOAL-260731-1AAF98/revision-000002.json
A  .task-board/.goals/v2/revisions/GOAL-260731-1AFFB7/revision-000001.json
A  .task-board/.goals/v2/revisions/GOAL-260731-1B124F/revision-000001.json
A  .task-board/.goals/v2/revisions/GOAL-260731-1BFE7B/revision-000001.json
A  .task-board/.goals/v2/revisions/GOAL-260731-1C03CC/revision-000001.json
A  .task-board/.goals/v2/revisions/GOAL-260731-1CDE2D/revision-000001.json
A  .task-board/.goals/v2/revisions/GOAL-260731-1D3CA6/revision-000001.json
A  .task-board/.goals/v2/revisions/GOAL-260731-1D502B/revision-000001.json
A  .task-board/.goals/v2/revisions/GOAL-260731-1D59C8/revision-000001.json
A  .task-board/.goals/v2/revisions/GOAL-260731-1DB2F5/revision-000001.json
A  .task-board/.goals/v2/revisions/GOAL-260731-1E121C/revision-000001.json
A  .task-board/.goals/v2/revisions/GOAL-260731-1E142E/revision-000001.json
A  .task-board/.goals/v2/revisions/GOAL-260731-1EAB0D/revision-000001.json
A  .task-board/.goals/v2/revisions/GOAL-260731-1F1FC0/revision-000001.json
A  .task-board/.goals/v2/revisions/GOAL-260731-20A786/revision-000001.json
A  .task-board/.goals/v2/revisions/GOAL-260731-21545D/revision-000001.json
A  .task-board/.goals/v2/revisions/GOAL-260731-219304/revision-000001.json
A  .task-board/.goals/v2/revisions/GOAL-260731-21DADC/revision-000001.json
A  .task-board/.goals/v2/revisions/GOAL-260731-21F129/revision-000001.json
A  .task-board/.goals/v2/revisions/GOAL-260731-22095C/revision-000001.json
A  .task-board/.goals/v2/revisions/GOAL-260731-227735/revision-000001.json
A  .task-board/.goals/v2/revisions/GOAL-260731-227989/revision-000001.json
A  .task-board/.goals/v2/revisions/GOAL-260731-23849F/revision-000001.json
A  .task-board/.goals/v2/revisions/GOAL-260731-23D044/revision-000001.json
A  .task-board/.goals/v2/revisions/GOAL-260731-240AC1/revision-000001.json
A  .task-board/.goals/v2/revisions/GOAL-260731-2423FC/revision-000001.json
A  .task-board/.goals/v2/revisions/GOAL-260731-245F39/revision-000001.json
A  .task-board/.goals/v2/revisions/GOAL-260731-24848F/revision-000001.json
A  .task-board/.goals/v2/revisions/GOAL-260731-24B444/revision-000001.json
A  .task-board/.goals/v2/revisions/GOAL-260731-25137B/revision-000001.json
A  .task-board/.goals/v2/revisions/GOAL-260731-251CEA/revision-000001.json
A  .task-board/.goals/v2/revisions/GOAL-260731-254433/revision-000001.json
A  .task-board/.goals/v2/revisions/GOAL-260731-257350/revision-000001.json
A  .task-board/.goals/v2/revisions/GOAL-260731-25A2F8/revision-000001.json
A  .task-board/.goals/v2/revisions/GOAL-260731-264EC4/revision-000001.json
A  .task-board/.goals/v2/revisions/GOAL-260731-265940/revision-000001.json
A  .task-board/.goals/v2/revisions/GOAL-260731-279F23/revision-000001.json
A  .task-board/.goals/v2/revisions/GOAL-260731-27A434/revision-000001.json
A  .task-board/.goals/v2/revisions/GOAL-260731-27D7D8/revision-000001.json
A  .task-board/.goals/v2/revisions/GOAL-260731-2815E0/revision-000001.json
A  .task-board/.goals/v2/revisions/GOAL-260731-28D463/revision-000001.json
A  .task-board/.goals/v2/revisions/GOAL-260731-28DF3A/revision-000001.json
A  .task-board/.goals/v2/revisions/GOAL-260731-299B9E/revision-000001.json
A  .task-board/.goals/v2/revisions/GOAL-260731-2A2373/revision-000001.json
A  .task-board/.goals/v2/revisions/GOAL-260731-2A7F78/revision-000001.json
A  .task-board/.goals/v2/revisions/GOAL-260731-2AECE4/revision-000001.json
A  .task-board/.goals/v2/revisions/GOAL-260731-2BF7DB/revision-000001.json
A  .task-board/.goals/v2/revisions/GOAL-260731-2C7B85/revision-000001.json
A  .task-board/.goals/v2/revisions/GOAL-260731-2D1E32/revision-000001.json
A  .task-board/.goals/v2/revisions/GOAL-260731-2D6E99/revision-000001.json
A  .task-board/.goals/v2/revisions/GOAL-260731-2D9294/revision-000001.json
A  .task-board/.goals/v2/revisions/GOAL-260731-2DF35E/revision-000001.json
A  .task-board/.goals/v2/revisions/GOAL-260731-2E961B/revision-000001.json
A  .task-board/.goals/v2/revisions/GOAL-260731-2FD4E6/revision-000001.json
A  .task-board/.goals/v2/revisions/GOAL-260731-2FDB9F/revision-000001.json
A  .task-board/.goals/v2/revisions/GOAL-260731-30C7F4/revision-000001.json
A  .task-board/.goals/v2/revisions/GOAL-260731-30DD43/revision-000001.json
A  .task-board/.goals/v2/revisions/GOAL-260731-318711/revision-000001.json
A  .task-board/.goals/v2/revisions/GOAL-260731-31AF48/revision-000001.json
A  .task-board/.goals/v2/revisions/GOAL-260731-324DA8/revision-000001.json
A  .task-board/.goals/v2/revisions/GOAL-260731-325CC6/revision-000001.json
A  .task-board/.goals/v2/revisions/GOAL-260731-32644B/revision-000001.json
A  .task-board/.goals/v2/revisions/GOAL-260731-32FB05/revision-000001.json
A  .task-board/.goals/v2/revisions/GOAL-260731-330289/revision-000001.json
A  .task-board/.goals/v2/revisions/GOAL-260731-3349B6/revision-000001.json
A  .task-board/.goals/v2/revisions/GOAL-260731-335490/revision-000001.json
A  .task-board/.goals/v2/revisions/GOAL-260731-3374E1/revision-000001.json
A  .task-board/.goals/v2/revisions/GOAL-260731-342561/revision-000001.json
A  .task-board/.goals/v2/revisions/GOAL-260731-342CD3/revision-000001.json
A  .task-board/.goals/v2/revisions/GOAL-260731-3440E6/revision-000001.json
A  .task-board/.goals/v2/revisions/GOAL-260731-344220/revision-000001.json
A  .task-board/.goals/v2/revisions/GOAL-260731-349A35/revision-000001.json
A  .task-board/.goals/v2/revisions/GOAL-260731-34DDC6/revision-000001.json
A  .task-board/.goals/v2/revisions/GOAL-260731-34EFFB/revision-000001.json
A  .task-board/.goals/v2/revisions/GOAL-260731-35C9DE/revision-000001.json
A  .task-board/.goals/v2/revisions/GOAL-260731-35D0F2/revision-000001.json
A  .task-board/.goals/v2/revisions/GOAL-260731-36A0ED/revision-000001.json
A  .task-board/.goals/v2/revisions/GOAL-260731-3742DD/revision-000001.json
A  .task-board/.goals/v2/revisions/GOAL-260731-379AAD/revision-000001.json
A  .task-board/.goals/v2/revisions/GOAL-260731-386306/revision-000001.json
A  .task-board/.goals/v2/revisions/GOAL-260731-389EDC/revision-000001.json
A  .task-board/.goals/v2/revisions/GOAL-260731-390420/revision-000001.json
A  .task-board/.goals/v2/revisions/GOAL-260731-39D22D/revision-000001.json
A  .task-board/.goals/v2/revisions/GOAL-260731-3A1340/revision-000001.json
A  .task-board/.goals/v2/revisions/GOAL-260731-3A7130/revision-000001.json
A  .task-board/.goals/v2/revisions/GOAL-260731-3B1187/revision-000001.json
A  .task-board/.goals/v2/revisions/GOAL-260731-3B2243/revision-000001.json
A  .task-board/.goals/v2/revisions/GOAL-260731-3BA0CD/revision-000001.json
A  .task-board/.goals/v2/revisions/GOAL-260731-3BADAD/revision-000001.json
A  .task-board/.goals/v2/revisions/GOAL-260731-3BD723/revision-000001.json
A  .task-board/.goals/v2/revisions/GOAL-260731-3CF9D4/revision-000001.json
A  .task-board/.goals/v2/revisions/GOAL-260731-3D1776/revision-000001.json
A  .task-board/.goals/v2/revisions/GOAL-260731-3D6F61/revision-000001.json
A  .task-board/.goals/v2/revisions/GOAL-260731-3DECD4/revision-000001.json
A  .task-board/.goals/v2/revisions/GOAL-260731-3E3071/revision-000001.json
A  .task-board/.goals/v2/revisions/GOAL-260731-3E517B/revision-000001.json
A  .task-board/.goals/v2/revisions/GOAL-260731-4069DC/revision-000001.json
A  .task-board/.goals/v2/revisions/GOAL-260731-4117FD/revision-000001.json
A  .task-board/.goals/v2/revisions/GOAL-260731-4156FC/revision-000001.json
A  .task-board/.goals/v2/revisions/GOAL-260731-419746/revision-000001.json
A  .task-board/.goals/v2/revisions/GOAL-260731-4226C9/revision-000001.json
A  .task-board/.goals/v2/revisions/GOAL-260731-42548D/revision-000001.json
A  .task-board/.goals/v2/revisions/GOAL-260731-427A06/revision-000001.json
A  .task-board/.goals/v2/revisions/GOAL-260731-429165/revision-000001.json
A  .task-board/.goals/v2/revisions/GOAL-260731-430907/revision-000001.json
A  .task-board/.goals/v2/revisions/GOAL-260731-431DA9/revision-000001.json
A  .task-board/.goals/v2/revisions/GOAL-260731-432A25/revision-000001.json
A  .task-board/.goals/v2/revisions/GOAL-260731-435363/revision-000001.json
A  .task-board/.goals/v2/revisions/GOAL-260731-43EDFE/revision-000001.json
A  .task-board/.goals/v2/revisions/GOAL-260731-447ED1/revision-000001.json
A  .task-board/.goals/v2/revisions/GOAL-260731-44F8E2/revision-000001.json
A  .task-board/.goals/v2/revisions/GOAL-260731-4530E4/revision-000001.json
A  .task-board/.goals/v2/revisions/GOAL-260731-45E3BF/revision-000001.json
A  .task-board/.goals/v2/revisions/GOAL-260731-4655A2/revision-000001.json
A  .task-board/.goals/v2/revisions/GOAL-260731-4680CE/revision-000001.json
A  .task-board/.goals/v2/revisions/GOAL-260731-47245E/revision-000001.json
A  .task-board/.goals/v2/revisions/GOAL-260731-4766A2/revision-000001.json
A  .task-board/.goals/v2/revisions/GOAL-260731-47EED8/revision-000001.json
A  .task-board/.goals/v2/revisions/GOAL-260731-47FFDB/revision-000001.json
A  .task-board/.goals/v2/revisions/GOAL-260731-48D4D8/revision-000001.json
A  .task-board/.goals/v2/revisions/GOAL-260731-49B660/revision-000001.json
A  .task-board/.goals/v2/revisions/GOAL-260731-49E943/revision-000001.json
A  .task-board/.goals/v2/revisions/GOAL-260731-4A2676/revision-000001.json
A  .task-board/.goals/v2/revisions/GOAL-260731-4ACAFD/revision-000001.json
A  .task-board/.goals/v2/revisions/GOAL-260731-4AE7AA/revision-000001.json
A  .task-board/.goals/v2/revisions/GOAL-260731-4AFBAB/revision-000001.json
A  .task-board/.goals/v2/revisions/GOAL-260731-4B310E/revision-000001.json
A  .task-board/.goals/v2/revisions/GOAL-260731-4BE2EC/revision-000001.json
A  .task-board/.goals/v2/revisions/GOAL-260731-4D41CF/revision-000001.json
A  .task-board/.goals/v2/revisions/GOAL-260731-4D5C51/revision-000001.json
A  .task-board/.goals/v2/revisions/GOAL-260731-4D87E3/revision-000001.json
A  .task-board/.goals/v2/revisions/GOAL-260731-4D8B17/revision-000001.json
A  .task-board/.goals/v2/revisions/GOAL-260731-4DB620/revision-000001.json
A  .task-board/.goals/v2/revisions/GOAL-260731-4DEDC3/revision-000001.json
A  .task-board/.goals/v2/revisions/GOAL-260731-4E3D0C/revision-000001.json
A  .task-board/.goals/v2/revisions/GOAL-260731-4EA49B/revision-000001.json
A  .task-board/.goals/v2/revisions/GOAL-260731-4F6303/revision-000001.json
A  .task-board/.goals/v2/revisions/GOAL-260731-4F8CB2/revision-000001.json
A  .task-board/.goals/v2/revisions/GOAL-260731-502165/revision-000001.json
A  .task-board/.goals/v2/revisions/GOAL-260731-50E6E9/revision-000001.json
A  .task-board/.goals/v2/revisions/GOAL-260731-521DB1/revision-000001.json
A  .task-board/.goals/v2/revisions/GOAL-260731-5277BF/revision-000001.json
A  .task-board/.goals/v2/revisions/GOAL-260731-52911A/revision-000001.json
A  .task-board/.goals/v2/revisions/GOAL-260731-53904B/revision-000001.json
A  .task-board/.goals/v2/revisions/GOAL-260731-53BCA5/revision-000001.json
A  .task-board/.goals/v2/revisions/GOAL-260731-55182C/revision-000001.json
A  .task-board/.goals/v2/revisions/GOAL-260731-556CF6/revision-000001.json
A  .task-board/.goals/v2/revisions/GOAL-260731-573631/revision-000001.json
A  .task-board/.goals/v2/revisions/GOAL-260731-57F50E/revision-000001.json
A  .task-board/.goals/v2/revisions/GOAL-260731-581FB0/revision-000001.json
A  .task-board/.goals/v2/revisions/GOAL-260731-592818/revision-000001.json
A  .task-board/.goals/v2/revisions/GOAL-260731-595F73/revision-000001.json
A  .task-board/.goals/v2/revisions/GOAL-260731-59CA8E/revision-000001.json
A  .task-board/.goals/v2/revisions/GOAL-260731-59D292/revision-000001.json
A  .task-board/.goals/v2/revisions/GOAL-260731-59D5D1/revision-000001.json
A  .task-board/.goals/v2/revisions/GOAL-260731-5A6C9E/revision-000001.json
A  .task-board/.goals/v2/revisions/GOAL-260731-5A834A/revision-000001.json
A  .task-board/.goals/v2/revisions/GOAL-260731-5AF6DF/revision-000001.json
A  .task-board/.goals/v2/revisions/GOAL-260731-5B3541/revision-000001.json
A  .task-board/.goals/v2/revisions/GOAL-260731-5B699E/revision-000001.json
A  .task-board/.goals/v2/revisions/GOAL-260731-5B9EDD/revision-000001.json
A  .task-board/.goals/v2/revisions/GOAL-260731-5BF555/revision-000001.json
A  .task-board/.goals/v2/revisions/GOAL-260731-5C7E3B/revision-000001.json
A  .task-board/.goals/v2/revisions/GOAL-260731-5CD82B/revision-000001.json
A  .task-board/.goals/v2/revisions/GOAL-260731-5D634F/revision-000001.json
A  .task-board/.goals/v2/revisions/GOAL-260731-5D7B06/revision-000001.json
A  .task-board/.goals/v2/revisions/GOAL-260731-5E35D7/revision-000001.json
A  .task-board/.goals/v2/revisions/GOAL-260731-5F285D/revision-000001.json
A  .task-board/.goals/v2/revisions/GOAL-260731-5F4D34/revision-000001.json
A  .task-board/.goals/v2/revisions/GOAL-260731-5F9FC4/revision-000001.json
A  .task-board/.goals/v2/revisions/GOAL-260731-5FAFB7/revision-000001.json
A  .task-board/.goals/v2/revisions/GOAL-260731-5FCCFC/revision-000001.json
A  .task-board/.goals/v2/revisions/GOAL-260731-602967/revision-000001.json
A  .task-board/.goals/v2/revisions/GOAL-260731-6035BB/revision-000001.json
A  .task-board/.goals/v2/revisions/GOAL-260731-6120DC/revision-000001.json
A  .task-board/.goals/v2/revisions/GOAL-260731-612CB2/revision-000001.json
A  .task-board/.goals/v2/revisions/GOAL-260731-62C03B/revision-000001.json
A  .task-board/.goals/v2/revisions/GOAL-260731-62C15C/revision-000001.json
A  .task-board/.goals/v2/revisions/GOAL-260731-62C8AF/revision-000001.json
A  .task-board/.goals/v2/revisions/GOAL-260731-62F672/revision-000001.json
A  .task-board/.goals/v2/revisions/GOAL-260731-63563B/revision-000001.json
A  .task-board/.goals/v2/revisions/GOAL-260731-63570D/revision-000001.json
A  .task-board/.goals/v2/revisions/GOAL-260731-63D4E2/revision-000001.json
A  .task-board/.goals/v2/revisions/GOAL-260731-63E21E/revision-000001.json
A  .task-board/.goals/v2/revisions/GOAL-260731-63F980/revision-000001.json
A  .task-board/.goals/v2/revisions/GOAL-260731-640B8B/revision-000001.json
A  .task-board/.goals/v2/revisions/GOAL-260731-646510/revision-000001.json
A  .task-board/.goals/v2/revisions/GOAL-260731-648560/revision-000001.json
A  .task-board/.goals/v2/revisions/GOAL-260731-6497BC/revision-000001.json
A  .task-board/.goals/v2/revisions/GOAL-260731-64D205/revision-000001.json
A  .task-board/.goals/v2/revisions/GOAL-260731-64EECA/revision-000001.json
A  .task-board/.goals/v2/revisions/GOAL-260731-6502ED/revision-000001.json
A  .task-board/.goals/v2/revisions/GOAL-260731-6527C1/revision-000001.json
A  .task-board/.goals/v2/revisions/GOAL-260731-6610B8/revision-000001.json
A  .task-board/.goals/v2/revisions/GOAL-260731-662709/revision-000001.json
A  .task-board/.goals/v2/revisions/GOAL-260731-664F7F/revision-000001.json
A  .task-board/.goals/v2/revisions/GOAL-260731-66FFC3/revision-000001.json
A  .task-board/.goals/v2/revisions/GOAL-260731-674547/revision-000001.json
A  .task-board/.goals/v2/revisions/GOAL-260731-67ABFF/revision-000001.json
A  .task-board/.goals/v2/revisions/GOAL-260731-6809B0/revision-000001.json
A  .task-board/.goals/v2/revisions/GOAL-260731-681504/revision-000001.json
A  .task-board/.goals/v2/revisions/GOAL-260731-68850A/revision-000001.json
A  .task-board/.goals/v2/revisions/GOAL-260731-69381D/revision-000001.json
A  .task-board/.goals/v2/revisions/GOAL-260731-698726/revision-000001.json
A  .task-board/.goals/v2/revisions/GOAL-260731-6A9556/revision-000001.json
A  .task-board/.goals/v2/revisions/GOAL-260731-6B176A/revision-000001.json
A  .task-board/.goals/v2/revisions/GOAL-260731-6B6D59/revision-000001.json
A  .task-board/.goals/v2/revisions/GOAL-260731-6BA3E9/revision-000001.json
A  .task-board/.goals/v2/revisions/GOAL-260731-6C2F85/revision-000001.json
A  .task-board/.goals/v2/revisions/GOAL-260731-6D0D33/revision-000001.json
A  .task-board/.goals/v2/revisions/GOAL-260731-6D4AB2/revision-000001.json
A  .task-board/.goals/v2/revisions/GOAL-260731-6E43CC/revision-000001.json
A  .task-board/.goals/v2/revisions/GOAL-260731-6E8086/revision-000001.json
A  .task-board/.goals/v2/revisions/GOAL-260731-701C0F/revision-000001.json
A  .task-board/.goals/v2/revisions/GOAL-260731-7063A2/revision-000001.json
A  .task-board/.goals/v2/revisions/GOAL-260731-709C60/revision-000001.json
A  .task-board/.goals/v2/revisions/GOAL-260731-70C8C0/revision-000001.json
A  .task-board/.goals/v2/revisions/GOAL-260731-70EAE8/revision-000001.json
A  .task-board/.goals/v2/revisions/GOAL-260731-7155BD/revision-000001.json
A  .task-board/.goals/v2/revisions/GOAL-260731-7156B1/revision-000001.json
A  .task-board/.goals/v2/revisions/GOAL-260731-719384/revision-000001.json
A  .task-board/.goals/v2/revisions/GOAL-260731-726440/revision-000001.json
A  .task-board/.goals/v2/revisions/GOAL-260731-72EA89/revision-000001.json
A  .task-board/.goals/v2/revisions/GOAL-260731-72EC1D/revision-000001.json
A  .task-board/.goals/v2/revisions/GOAL-260731-732B40/revision-000001.json
A  .task-board/.goals/v2/revisions/GOAL-260731-735B03/revision-000001.json
A  .task-board/.goals/v2/revisions/GOAL-260731-7374B1/revision-000001.json
A  .task-board/.goals/v2/revisions/GOAL-260731-738FBF/revision-000001.json
A  .task-board/.goals/v2/revisions/GOAL-260731-74B2B2/revision-000001.json
A  .task-board/.goals/v2/revisions/GOAL-260731-74D5B2/revision-000001.json
A  .task-board/.goals/v2/revisions/GOAL-260731-752DEA/revision-000001.json
A  .task-board/.goals/v2/revisions/GOAL-260731-7563D8/revision-000001.json
A  .task-board/.goals/v2/revisions/GOAL-260731-761ED8/revision-000001.json
A  .task-board/.goals/v2/revisions/GOAL-260731-762FB8/revision-000001.json
A  .task-board/.goals/v2/revisions/GOAL-260731-76BF5B/revision-000001.json
A  .task-board/.goals/v2/revisions/GOAL-260731-7792B6/revision-000001.json
A  .task-board/.goals/v2/revisions/GOAL-260731-780999/revision-000001.json
A  .task-board/.goals/v2/revisions/GOAL-260731-785DB6/revision-000001.json
A  .task-board/.goals/v2/revisions/GOAL-260731-78A6FA/revision-000001.json
A  .task-board/.goals/v2/revisions/GOAL-260731-791442/revision-000001.json
A  .task-board/.goals/v2/revisions/GOAL-260731-79301D/revision-000001.json
A  .task-board/.goals/v2/revisions/GOAL-260731-795F65/revision-000001.json
A  .task-board/.goals/v2/revisions/GOAL-260731-7963DF/revision-000001.json
A  .task-board/.goals/v2/revisions/GOAL-260731-79BC28/revision-000001.json
A  .task-board/.goals/v2/revisions/GOAL-260731-7A5170/revision-000001.json
A  .task-board/.goals/v2/revisions/GOAL-260731-7A9A08/revision-000001.json
A  .task-board/.goals/v2/revisions/GOAL-260731-7B01DC/revision-000001.json
A  .task-board/.goals/v2/revisions/GOAL-260731-7B970B/revision-000001.json
A  .task-board/.goals/v2/revisions/GOAL-260731-7BDE49/revision-000001.json
A  .task-board/.goals/v2/revisions/GOAL-260731-7BE74A/revision-000001.json
A  .task-board/.goals/v2/revisions/GOAL-260731-7C2E70/revision-000001.json
A  .task-board/.goals/v2/revisions/GOAL-260731-7C6C01/revision-000001.json
A  .task-board/.goals/v2/revisions/GOAL-260731-7C983A/revision-000001.json
A  .task-board/.goals/v2/revisions/GOAL-260731-7C9A7A/revision-000001.json
A  .task-board/.goals/v2/revisions/GOAL-260731-7CDCFE/revision-000001.json
A  .task-board/.goals/v2/revisions/GOAL-260731-7CE7A7/revision-000001.json
A  .task-board/.goals/v2/revisions/GOAL-260731-7D17E8/revision-000001.json
A  .task-board/.goals/v2/revisions/GOAL-260731-7D213B/revision-000001.json
A  .task-board/.goals/v2/revisions/GOAL-260731-7D213B/revision-000002.json
A  .task-board/.goals/v2/revisions/GOAL-260731-7D9F12/revision-000001.json
A  .task-board/.goals/v2/revisions/GOAL-260731-7DCA5F/revision-000001.json
A  .task-board/.goals/v2/revisions/GOAL-260731-7E2A2C/revision-000001.json
A  .task-board/.goals/v2/revisions/GOAL-260731-7E80F9/revision-000001.json
A  .task-board/.goals/v2/revisions/GOAL-260731-7E9F95/revision-000001.json
A  .task-board/.goals/v2/revisions/GOAL-260731-7EAAE7/revision-000001.json
A  .task-board/.goals/v2/revisions/GOAL-260731-7ECD70/revision-000001.json
A  .task-board/.goals/v2/revisions/GOAL-260731-7F191D/revision-000001.json
A  .task-board/.goals/v2/revisions/GOAL-260731-7F2011/revision-000001.json
A  .task-board/.goals/v2/revisions/GOAL-260731-7F2505/revision-000001.json
A  .task-board/.goals/v2/revisions/GOAL-260731-7FD0C7/revision-000001.json
A  .task-board/.goals/v2/revisions/GOAL-260731-7FF8F9/revision-000001.json
A  .task-board/.goals/v2/revisions/GOAL-260731-8044F4/revision-000001.json
A  .task-board/.goals/v2/revisions/GOAL-260731-8071CF/revision-000001.json
A  .task-board/.goals/v2/revisions/GOAL-260731-807FD7/revision-000001.json
A  .task-board/.goals/v2/revisions/GOAL-260731-80C01A/revision-000001.json
A  .task-board/.goals/v2/revisions/GOAL-260731-810D5F/revision-000001.json
A  .task-board/.goals/v2/revisions/GOAL-260731-818EBD/revision-000001.json
A  .task-board/.goals/v2/revisions/GOAL-260731-81908E/revision-000001.json
A  .task-board/.goals/v2/revisions/GOAL-260731-81CE5B/revision-000001.json
A  .task-board/.goals/v2/revisions/GOAL-260731-8200CF/revision-000001.json
A  .task-board/.goals/v2/revisions/GOAL-260731-8213F2/revision-000001.json
A  .task-board/.goals/v2/revisions/GOAL-260731-826018/revision-000001.json
A  .task-board/.goals/v2/revisions/GOAL-260731-83242F/revision-000001.json
A  .task-board/.goals/v2/revisions/GOAL-260731-833F9B/revision-000001.json
A  .task-board/.goals/v2/revisions/GOAL-260731-83A765/revision-000001.json
A  .task-board/.goals/v2/revisions/GOAL-260731-84523E/revision-000001.json
A  .task-board/.goals/v2/revisions/GOAL-260731-8463AB/revision-000001.json
A  .task-board/.goals/v2/revisions/GOAL-260731-84DDB3/revision-000001.json
A  .task-board/.goals/v2/revisions/GOAL-260731-850A70/revision-000001.json
A  .task-board/.goals/v2/revisions/GOAL-260731-8536D7/revision-000001.json
A  .task-board/.goals/v2/revisions/GOAL-260731-8537BD/revision-000001.json
A  .task-board/.goals/v2/revisions/GOAL-260731-854426/revision-000001.json
A  .task-board/.goals/v2/revisions/GOAL-260731-85469B/revision-000001.json
A  .task-board/.goals/v2/revisions/GOAL-260731-85D5CA/revision-000001.json
A  .task-board/.goals/v2/revisions/GOAL-260731-85F6B9/revision-000001.json
A  .task-board/.goals/v2/revisions/GOAL-260731-868715/revision-000001.json
A  .task-board/.goals/v2/revisions/GOAL-260731-86BB1E/revision-000001.json
A  .task-board/.goals/v2/revisions/GOAL-260731-8708FA/revision-000001.json
A  .task-board/.goals/v2/revisions/GOAL-260731-874800/revision-000001.json
A  .task-board/.goals/v2/revisions/GOAL-260731-875BA0/revision-000001.json
A  .task-board/.goals/v2/revisions/GOAL-260731-876991/revision-000001.json
A  .task-board/.goals/v2/revisions/GOAL-260731-8788C4/revision-000001.json
A  .task-board/.goals/v2/revisions/GOAL-260731-8855BB/revision-000001.json
A  .task-board/.goals/v2/revisions/GOAL-260731-886A07/revision-000001.json
A  .task-board/.goals/v2/revisions/GOAL-260731-888628/revision-000001.json
A  .task-board/.goals/v2/revisions/GOAL-260731-894A9A/revision-000001.json
A  .task-board/.goals/v2/revisions/GOAL-260731-899909/revision-000001.json
A  .task-board/.goals/v2/revisions/GOAL-260731-89B192/revision-000001.json
A  .task-board/.goals/v2/revisions/GOAL-260731-8A6D70/revision-000001.json
A  .task-board/.goals/v2/revisions/GOAL-260731-8A95DE/revision-000001.json
A  .task-board/.goals/v2/revisions/GOAL-260731-8AC0B2/revision-000001.json
A  .task-board/.goals/v2/revisions/GOAL-260731-8B5D2A/revision-000001.json
A  .task-board/.goals/v2/revisions/GOAL-260731-8BA727/revision-000001.json
A  .task-board/.goals/v2/revisions/GOAL-260731-8C6E9F/revision-000001.json
A  .task-board/.goals/v2/revisions/GOAL-260731-8CB012/revision-000001.json
A  .task-board/.goals/v2/revisions/GOAL-260731-8D5920/revision-000001.json
A  .task-board/.goals/v2/revisions/GOAL-260731-8DB952/revision-000001.json
A  .task-board/.goals/v2/revisions/GOAL-260731-8DDCE7/revision-000001.json
A  .task-board/.goals/v2/revisions/GOAL-260731-8DEE95/revision-000001.json
A  .task-board/.goals/v2/revisions/GOAL-260731-8F9DBC/revision-000001.json
A  .task-board/.goals/v2/revisions/GOAL-260731-8FBECC/revision-000001.json
A  .task-board/.goals/v2/revisions/GOAL-260731-8FCF67/revision-000001.json
A  .task-board/.goals/v2/revisions/GOAL-260731-8FE272/revision-000001.json
A  .task-board/.goals/v2/revisions/GOAL-260731-90394C/revision-000001.json
A  .task-board/.goals/v2/revisions/GOAL-260731-9182E6/revision-000001.json
A  .task-board/.goals/v2/revisions/GOAL-260731-919384/revision-000001.json
A  .task-board/.goals/v2/revisions/GOAL-260731-91ADD1/revision-000001.json
A  .task-board/.goals/v2/revisions/GOAL-260731-922DC9/revision-000001.json
A  .task-board/.goals/v2/revisions/GOAL-260731-925C51/revision-000001.json
A  .task-board/.goals/v2/revisions/GOAL-260731-92E090/revision-000001.json
A  .task-board/.goals/v2/revisions/GOAL-260731-932DD6/revision-000001.json
A  .task-board/.goals/v2/revisions/GOAL-260731-945EA3/revision-000001.json
A  .task-board/.goals/v2/revisions/GOAL-260731-94CC16/revision-000001.json
A  .task-board/.goals/v2/revisions/GOAL-260731-951947/revision-000001.json
A  .task-board/.goals/v2/revisions/GOAL-260731-95BDBD/revision-000001.json
A  .task-board/.goals/v2/revisions/GOAL-260731-95E61C/revision-000001.json
A  .task-board/.goals/v2/revisions/GOAL-260731-960FC7/revision-000001.json
A  .task-board/.goals/v2/revisions/GOAL-260731-9664B0/revision-000001.json
A  .task-board/.goals/v2/revisions/GOAL-260731-971F35/revision-000001.json
A  .task-board/.goals/v2/revisions/GOAL-260731-97A7DC/revision-000001.json
A  .task-board/.goals/v2/revisions/GOAL-260731-99FB9B/revision-000001.json
A  .task-board/.goals/v2/revisions/GOAL-260731-9A3715/revision-000001.json
A  .task-board/.goals/v2/revisions/GOAL-260731-9AB4B7/revision-000001.json
A  .task-board/.goals/v2/revisions/GOAL-260731-9B2400/revision-000001.json
A  .task-board/.goals/v2/revisions/GOAL-260731-9CCDF5/revision-000001.json
A  .task-board/.goals/v2/revisions/GOAL-260731-9D2391/revision-000001.json
A  .task-board/.goals/v2/revisions/GOAL-260731-9D54AD/revision-000001.json
A  .task-board/.goals/v2/revisions/GOAL-260731-9D6464/revision-000001.json
A  .task-board/.goals/v2/revisions/GOAL-260731-9DB0F0/revision-000001.json
A  .task-board/.goals/v2/revisions/GOAL-260731-9DB491/revision-000001.json
A  .task-board/.goals/v2/revisions/GOAL-260731-9DB49D/revision-000001.json
A  .task-board/.goals/v2/revisions/GOAL-260731-9E4090/revision-000001.json
A  .task-board/.goals/v2/revisions/GOAL-260731-9E9207/revision-000001.json
A  .task-board/.goals/v2/revisions/GOAL-260731-9ED83F/revision-000001.json
A  .task-board/.goals/v2/revisions/GOAL-260731-9F0082/revision-000001.json
A  .task-board/.goals/v2/revisions/GOAL-260731-9F7C01/revision-000001.json
A  .task-board/.goals/v2/revisions/GOAL-260731-9FE1D0/revision-000001.json
A  .task-board/.goals/v2/revisions/GOAL-260731-A0261A/revision-000001.json
A  .task-board/.goals/v2/revisions/GOAL-260731-A08FA6/revision-000001.json
A  .task-board/.goals/v2/revisions/GOAL-260731-A0DED6/revision-000001.json
A  .task-board/.goals/v2/revisions/GOAL-260731-A17A9E/revision-000001.json
A  .task-board/.goals/v2/revisions/GOAL-260731-A185F9/revision-000001.json
A  .task-board/.goals/v2/revisions/GOAL-260731-A39DE1/revision-000001.json
A  .task-board/.goals/v2/revisions/GOAL-260731-A3AB8D/revision-000001.json
A  .task-board/.goals/v2/revisions/GOAL-260731-A3C0EA/revision-000001.json
A  .task-board/.goals/v2/revisions/GOAL-260731-A3E78E/revision-000001.json
A  .task-board/.goals/v2/revisions/GOAL-260731-A5248E/revision-000001.json
A  .task-board/.goals/v2/revisions/GOAL-260731-A5C202/revision-000001.json
A  .task-board/.goals/v2/revisions/GOAL-260731-A61272/revision-000001.json
A  .task-board/.goals/v2/revisions/GOAL-260731-A6564C/revision-000001.json
A  .task-board/.goals/v2/revisions/GOAL-260731-A8E3A5/revision-000001.json
A  .task-board/.goals/v2/revisions/GOAL-260731-A9870F/revision-000001.json
A  .task-board/.goals/v2/revisions/GOAL-260731-A996A3/revision-000001.json
A  .task-board/.goals/v2/revisions/GOAL-260731-AA8462/revision-000001.json
A  .task-board/.goals/v2/revisions/GOAL-260731-AAF626/revision-000001.json
A  .task-board/.goals/v2/revisions/GOAL-260731-ABD99B/revision-000001.json
A  .task-board/.goals/v2/revisions/GOAL-260731-AC74C1/revision-000001.json
A  .task-board/.goals/v2/revisions/GOAL-260731-ACDCCD/revision-000001.json
A  .task-board/.goals/v2/revisions/GOAL-260731-AD325C/revision-000001.json
A  .task-board/.goals/v2/revisions/GOAL-260731-AD8C2F/revision-000001.json
A  .task-board/.goals/v2/revisions/GOAL-260731-AEAB75/revision-000001.json
A  .task-board/.goals/v2/revisions/GOAL-260731-AF0969/revision-000001.json
A  .task-board/.goals/v2/revisions/GOAL-260731-AF961F/revision-000001.json
A  .task-board/.goals/v2/revisions/GOAL-260731-B0C15C/revision-000001.json
A  .task-board/.goals/v2/revisions/GOAL-260731-B0D953/revision-000001.json
A  .task-board/.goals/v2/revisions/GOAL-260731-B15CF8/revision-000001.json
A  .task-board/.goals/v2/revisions/GOAL-260731-B18C49/revision-000001.json
A  .task-board/.goals/v2/revisions/GOAL-260731-B1EAAD/revision-000001.json
A  .task-board/.goals/v2/revisions/GOAL-260731-B200D6/revision-000001.json
A  .task-board/.goals/v2/revisions/GOAL-260731-B295E8/revision-000001.json
A  .task-board/.goals/v2/revisions/GOAL-260731-B3BF04/revision-000001.json
A  .task-board/.goals/v2/revisions/GOAL-260731-B41C81/revision-000001.json
A  .task-board/.goals/v2/revisions/GOAL-260731-B444FD/revision-000001.json
A  .task-board/.goals/v2/revisions/GOAL-260731-B504FB/revision-000001.json
A  .task-board/.goals/v2/revisions/GOAL-260731-B58C91/revision-000001.json
A  .task-board/.goals/v2/revisions/GOAL-260731-B5DA21/revision-000001.json
A  .task-board/.goals/v2/revisions/GOAL-260731-B61411/revision-000001.json
A  .task-board/.goals/v2/revisions/GOAL-260731-B6271C/revision-000001.json
A  .task-board/.goals/v2/revisions/GOAL-260731-B68B16/revision-000001.json
A  .task-board/.goals/v2/revisions/GOAL-260731-B727D9/revision-000001.json
A  .task-board/.goals/v2/revisions/GOAL-260731-B759E5/revision-000001.json
A  .task-board/.goals/v2/revisions/GOAL-260731-B77906/revision-000001.json
A  .task-board/.goals/v2/revisions/GOAL-260731-B7E3E5/revision-000001.json
A  .task-board/.goals/v2/revisions/GOAL-260731-B8496F/revision-000001.json
A  .task-board/.goals/v2/revisions/GOAL-260731-B93888/revision-000001.json
A  .task-board/.goals/v2/revisions/GOAL-260731-B97067/revision-000001.json
A  .task-board/.goals/v2/revisions/GOAL-260731-B9760E/revision-000001.json
A  .task-board/.goals/v2/revisions/GOAL-260731-BB549B/revision-000001.json
A  .task-board/.goals/v2/revisions/GOAL-260731-BB6E21/revision-000001.json
A  .task-board/.goals/v2/revisions/GOAL-260731-BB7B2B/revision-000001.json
A  .task-board/.goals/v2/revisions/GOAL-260731-BB7CF8/revision-000001.json
A  .task-board/.goals/v2/revisions/GOAL-260731-BBE7CB/revision-000001.json
A  .task-board/.goals/v2/revisions/GOAL-260731-BBE889/revision-000001.json
A  .task-board/.goals/v2/revisions/GOAL-260731-BC645C/revision-000001.json
A  .task-board/.goals/v2/revisions/GOAL-260731-BCA68C/revision-000001.json
A  .task-board/.goals/v2/revisions/GOAL-260731-BCB71B/revision-000001.json
A  .task-board/.goals/v2/revisions/GOAL-260731-BD0CE3/revision-000001.json
A  .task-board/.goals/v2/revisions/GOAL-260731-BDC55C/revision-000001.json
A  .task-board/.goals/v2/revisions/GOAL-260731-BDFAB7/revision-000001.json
A  .task-board/.goals/v2/revisions/GOAL-260731-BE0F64/revision-000001.json
A  .task-board/.goals/v2/revisions/GOAL-260731-BEA164/revision-000001.json
A  .task-board/.goals/v2/revisions/GOAL-260731-BEF429/revision-000001.json
A  .task-board/.goals/v2/revisions/GOAL-260731-BEF497/revision-000001.json
A  .task-board/.goals/v2/revisions/GOAL-260731-BF36DC/revision-000001.json
A  .task-board/.goals/v2/revisions/GOAL-260731-BFED35/revision-000001.json
A  .task-board/.goals/v2/revisions/GOAL-260731-BFF49E/revision-000001.json
A  .task-board/.goals/v2/revisions/GOAL-260731-BFF588/revision-000001.json
A  .task-board/.goals/v2/revisions/GOAL-260731-C02916/revision-000001.json
A  .task-board/.goals/v2/revisions/GOAL-260731-C035BA/revision-000001.json
A  .task-board/.goals/v2/revisions/GOAL-260731-C12C3B/revision-000001.json
A  .task-board/.goals/v2/revisions/GOAL-260731-C1AD57/revision-000001.json
A  .task-board/.goals/v2/revisions/GOAL-260731-C1D16D/revision-000001.json
A  .task-board/.goals/v2/revisions/GOAL-260731-C224AE/revision-000001.json
A  .task-board/.goals/v2/revisions/GOAL-260731-C268A8/revision-000001.json
A  .task-board/.goals/v2/revisions/GOAL-260731-C30791/revision-000001.json
A  .task-board/.goals/v2/revisions/GOAL-260731-C351AC/revision-000001.json
A  .task-board/.goals/v2/revisions/GOAL-260731-C35556/revision-000001.json
A  .task-board/.goals/v2/revisions/GOAL-260731-C3B0C7/revision-000001.json
A  .task-board/.goals/v2/revisions/GOAL-260731-C417E0/revision-000001.json
A  .task-board/.goals/v2/revisions/GOAL-260731-C48805/revision-000001.json
A  .task-board/.goals/v2/revisions/GOAL-260731-C51624/revision-000001.json
A  .task-board/.goals/v2/revisions/GOAL-260731-C5250D/revision-000001.json
A  .task-board/.goals/v2/revisions/GOAL-260731-C6D808/revision-000001.json
A  .task-board/.goals/v2/revisions/GOAL-260731-C711C7/revision-000001.json
A  .task-board/.goals/v2/revisions/GOAL-260731-C8A302/revision-000001.json
A  .task-board/.goals/v2/revisions/GOAL-260731-C8BC61/revision-000001.json
A  .task-board/.goals/v2/revisions/GOAL-260731-C92141/revision-000001.json
A  .task-board/.goals/v2/revisions/GOAL-260731-C9266C/revision-000001.json
A  .task-board/.goals/v2/revisions/GOAL-260731-C94E78/revision-000001.json
A  .task-board/.goals/v2/revisions/GOAL-260731-C9B675/revision-000001.json
A  .task-board/.goals/v2/revisions/GOAL-260731-CA220C/revision-000001.json
A  .task-board/.goals/v2/revisions/GOAL-260731-CA3283/revision-000001.json
A  .task-board/.goals/v2/revisions/GOAL-260731-CA7E90/revision-000001.json
A  .task-board/.goals/v2/revisions/GOAL-260731-CB3D88/revision-000001.json
A  .task-board/.goals/v2/revisions/GOAL-260731-CBA0FF/revision-000001.json
A  .task-board/.goals/v2/revisions/GOAL-260731-CBAF96/revision-000001.json
A  .task-board/.goals/v2/revisions/GOAL-260731-CBB5F4/revision-000001.json
A  .task-board/.goals/v2/revisions/GOAL-260731-CC03CB/revision-000001.json
A  .task-board/.goals/v2/revisions/GOAL-260731-CC43C6/revision-000001.json
A  .task-board/.goals/v2/revisions/GOAL-260731-CC53E2/revision-000001.json
A  .task-board/.goals/v2/revisions/GOAL-260731-CCA6FD/revision-000001.json
A  .task-board/.goals/v2/revisions/GOAL-260731-CCF754/revision-000001.json
A  .task-board/.goals/v2/revisions/GOAL-260731-CD7EE1/revision-000001.json
A  .task-board/.goals/v2/revisions/GOAL-260731-CD9955/revision-000001.json
A  .task-board/.goals/v2/revisions/GOAL-260731-CDF73B/revision-000001.json
A  .task-board/.goals/v2/revisions/GOAL-260731-CE1A0F/revision-000001.json
A  .task-board/.goals/v2/revisions/GOAL-260731-CE3C15/revision-000001.json
A  .task-board/.goals/v2/revisions/GOAL-260731-CE6430/revision-000001.json
A  .task-board/.goals/v2/revisions/GOAL-260731-CED64E/revision-000001.json
A  .task-board/.goals/v2/revisions/GOAL-260731-CF13C7/revision-000001.json
A  .task-board/.goals/v2/revisions/GOAL-260731-CFBC4D/revision-000001.json
A  .task-board/.goals/v2/revisions/GOAL-260731-CFC481/revision-000001.json
A  .task-board/.goals/v2/revisions/GOAL-260731-CFEBF1/revision-000001.json
A  .task-board/.goals/v2/revisions/GOAL-260731-D009A8/revision-000001.json
A  .task-board/.goals/v2/revisions/GOAL-260731-D00AF4/revision-000001.json
A  .task-board/.goals/v2/revisions/GOAL-260731-D06E1E/revision-000001.json
A  .task-board/.goals/v2/revisions/GOAL-260731-D13661/revision-000001.json
A  .task-board/.goals/v2/revisions/GOAL-260731-D17143/revision-000001.json
A  .task-board/.goals/v2/revisions/GOAL-260731-D17657/revision-000001.json
A  .task-board/.goals/v2/revisions/GOAL-260731-D1E164/revision-000001.json
A  .task-board/.goals/v2/revisions/GOAL-260731-D1E578/revision-000001.json
A  .task-board/.goals/v2/revisions/GOAL-260731-D1FE00/revision-000001.json
A  .task-board/.goals/v2/revisions/GOAL-260731-D21D8D/revision-000001.json
A  .task-board/.goals/v2/revisions/GOAL-260731-D22B19/revision-000001.json
A  .task-board/.goals/v2/revisions/GOAL-260731-D262D3/revision-000001.json
A  .task-board/.goals/v2/revisions/GOAL-260731-D3043A/revision-000001.json
A  .task-board/.goals/v2/revisions/GOAL-260731-D33C57/revision-000001.json
A  .task-board/.goals/v2/revisions/GOAL-260731-D39430/revision-000001.json
A  .task-board/.goals/v2/revisions/GOAL-260731-D3F60E/revision-000001.json
A  .task-board/.goals/v2/revisions/GOAL-260731-D4805E/revision-000001.json
A  .task-board/.goals/v2/revisions/GOAL-260731-D4C386/revision-000001.json
A  .task-board/.goals/v2/revisions/GOAL-260731-D4E6BB/revision-000001.json
A  .task-board/.goals/v2/revisions/GOAL-260731-D500BC/revision-000001.json
A  .task-board/.goals/v2/revisions/GOAL-260731-D5DDA1/revision-000001.json
A  .task-board/.goals/v2/revisions/GOAL-260731-D63682/revision-000001.json
A  .task-board/.goals/v2/revisions/GOAL-260731-D63DF4/revision-000001.json
A  .task-board/.goals/v2/revisions/GOAL-260731-D63F10/revision-000001.json
A  .task-board/.goals/v2/revisions/GOAL-260731-D66CDE/revision-000001.json
A  .task-board/.goals/v2/revisions/GOAL-260731-D6C8EE/revision-000001.json
A  .task-board/.goals/v2/revisions/GOAL-260731-D72A77/revision-000001.json
A  .task-board/.goals/v2/revisions/GOAL-260731-D75060/revision-000001.json
A  .task-board/.goals/v2/revisions/GOAL-260731-D77994/revision-000001.json
A  .task-board/.goals/v2/revisions/GOAL-260731-D80F9E/revision-000001.json
A  .task-board/.goals/v2/revisions/GOAL-260731-D82F9A/revision-000001.json
A  .task-board/.goals/v2/revisions/GOAL-260731-D8BD59/revision-000001.json
A  .task-board/.goals/v2/revisions/GOAL-260731-D8DC64/revision-000001.json
A  .task-board/.goals/v2/revisions/GOAL-260731-D8E60A/revision-000001.json
A  .task-board/.goals/v2/revisions/GOAL-260731-D91E4B/revision-000001.json
A  .task-board/.goals/v2/revisions/GOAL-260731-D92354/revision-000001.json
A  .task-board/.goals/v2/revisions/GOAL-260731-D9260F/revision-000001.json
A  .task-board/.goals/v2/revisions/GOAL-260731-D9BE61/revision-000001.json
A  .task-board/.goals/v2/revisions/GOAL-260731-D9F95E/revision-000001.json
A  .task-board/.goals/v2/revisions/GOAL-260731-DA13D8/revision-000001.json
A  .task-board/.goals/v2/revisions/GOAL-260731-DAB691/revision-000001.json
A  .task-board/.goals/v2/revisions/GOAL-260731-DB559A/revision-000001.json
A  .task-board/.goals/v2/revisions/GOAL-260731-DBA984/revision-000001.json
A  .task-board/.goals/v2/revisions/GOAL-260731-DBBE43/revision-000001.json
A  .task-board/.goals/v2/revisions/GOAL-260731-DBBE43/revision-000002.json
A  .task-board/.goals/v2/revisions/GOAL-260731-DBD58D/revision-000001.json
A  .task-board/.goals/v2/revisions/GOAL-260731-DBDECE/revision-000001.json
A  .task-board/.goals/v2/revisions/GOAL-260731-DC2466/revision-000001.json
A  .task-board/.goals/v2/revisions/GOAL-260731-DC5042/revision-000001.json
A  .task-board/.goals/v2/revisions/GOAL-260731-DCB6AD/revision-000001.json
A  .task-board/.goals/v2/revisions/GOAL-260731-DDFBFC/revision-000001.json
A  .task-board/.goals/v2/revisions/GOAL-260731-DE8492/revision-000001.json
A  .task-board/.goals/v2/revisions/GOAL-260731-DE9AFD/revision-000001.json
A  .task-board/.goals/v2/revisions/GOAL-260731-DF15F7/revision-000001.json
A  .task-board/.goals/v2/revisions/GOAL-260731-DF9A48/revision-000001.json
A  .task-board/.goals/v2/revisions/GOAL-260731-DFD36D/revision-000001.json
A  .task-board/.goals/v2/revisions/GOAL-260731-E0815E/revision-000001.json
A  .task-board/.goals/v2/revisions/GOAL-260731-E09B6B/revision-000001.json
A  .task-board/.goals/v2/revisions/GOAL-260731-E0CDF2/revision-000001.json
A  .task-board/.goals/v2/revisions/GOAL-260731-E121F7/revision-000001.json
A  .task-board/.goals/v2/revisions/GOAL-260731-E17F01/revision-000001.json
A  .task-board/.goals/v2/revisions/GOAL-260731-E1AE92/revision-000001.json
A  .task-board/.goals/v2/revisions/GOAL-260731-E2446D/revision-000001.json
A  .task-board/.goals/v2/revisions/GOAL-260731-E2DDFB/revision-000001.json
A  .task-board/.goals/v2/revisions/GOAL-260731-E49F4C/revision-000001.json
A  .task-board/.goals/v2/revisions/GOAL-260731-E4A345/revision-000001.json
A  .task-board/.goals/v2/revisions/GOAL-260731-E52798/revision-000001.json
A  .task-board/.goals/v2/revisions/GOAL-260731-E527E1/revision-000001.json
A  .task-board/.goals/v2/revisions/GOAL-260731-E552C3/revision-000001.json
A  .task-board/.goals/v2/revisions/GOAL-260731-E56EC9/revision-000001.json
A  .task-board/.goals/v2/revisions/GOAL-260731-E6AD02/revision-000001.json
A  .task-board/.goals/v2/revisions/GOAL-260731-E6BCD5/revision-000001.json
A  .task-board/.goals/v2/revisions/GOAL-260731-E730A0/revision-000001.json
A  .task-board/.goals/v2/revisions/GOAL-260731-E742A7/revision-000001.json
A  .task-board/.goals/v2/revisions/GOAL-260731-E74850/revision-000001.json
A  .task-board/.goals/v2/revisions/GOAL-260731-E758BF/revision-000001.json
A  .task-board/.goals/v2/revisions/GOAL-260731-E7F1EF/revision-000001.json
A  .task-board/.goals/v2/revisions/GOAL-260731-E8318C/revision-000001.json
A  .task-board/.goals/v2/revisions/GOAL-260731-E850C3/revision-000001.json
A  .task-board/.goals/v2/revisions/GOAL-260731-E93B44/revision-000001.json
A  .task-board/.goals/v2/revisions/GOAL-260731-E9D7B5/revision-000001.json
A  .task-board/.goals/v2/revisions/GOAL-260731-EA0711/revision-000001.json
A  .task-board/.goals/v2/revisions/GOAL-260731-EB1722/revision-000001.json
A  .task-board/.goals/v2/revisions/GOAL-260731-EB6493/revision-000001.json
A  .task-board/.goals/v2/revisions/GOAL-260731-EBA509/revision-000001.json
A  .task-board/.goals/v2/revisions/GOAL-260731-EBEC7B/revision-000001.json
A  .task-board/.goals/v2/revisions/GOAL-260731-ECAD7C/revision-000001.json
A  .task-board/.goals/v2/revisions/GOAL-260731-ECDC62/revision-000001.json
A  .task-board/.goals/v2/revisions/GOAL-260731-ECE961/revision-000001.json
A  .task-board/.goals/v2/revisions/GOAL-260731-ED56C4/revision-000001.json
A  .task-board/.goals/v2/revisions/GOAL-260731-ED7790/revision-000001.json
A  .task-board/.goals/v2/revisions/GOAL-260731-EE6061/revision-000001.json
A  .task-board/.goals/v2/revisions/GOAL-260731-EE76B6/revision-000001.json
A  .task-board/.goals/v2/revisions/GOAL-260731-EEE928/revision-000001.json
A  .task-board/.goals/v2/revisions/GOAL-260731-EF1517/revision-000001.json
A  .task-board/.goals/v2/revisions/GOAL-260731-EF22F8/revision-000001.json
A  .task-board/.goals/v2/revisions/GOAL-260731-EF53B6/revision-000001.json
A  .task-board/.goals/v2/revisions/GOAL-260731-EFE2DD/revision-000001.json
A  .task-board/.goals/v2/revisions/GOAL-260731-EFF09E/revision-000001.json
A  .task-board/.goals/v2/revisions/GOAL-260731-F02009/revision-000001.json
A  .task-board/.goals/v2/revisions/GOAL-260731-F052AF/revision-000001.json
A  .task-board/.goals/v2/revisions/GOAL-260731-F0F739/revision-000001.json
A  .task-board/.goals/v2/revisions/GOAL-260731-F11ABD/revision-000001.json
A  .task-board/.goals/v2/revisions/GOAL-260731-F289C7/revision-000001.json
A  .task-board/.goals/v2/revisions/GOAL-260731-F3C0E1/revision-000001.json
A  .task-board/.goals/v2/revisions/GOAL-260731-F50A7C/revision-000001.json
A  .task-board/.goals/v2/revisions/GOAL-260731-F56BC3/revision-000001.json
A  .task-board/.goals/v2/revisions/GOAL-260731-F57E20/revision-000001.json
A  .task-board/.goals/v2/revisions/GOAL-260731-F5B1F3/revision-000001.json
A  .task-board/.goals/v2/revisions/GOAL-260731-F5E4BD/revision-000001.json
A  .task-board/.goals/v2/revisions/GOAL-260731-F6618C/revision-000001.json
A  .task-board/.goals/v2/revisions/GOAL-260731-F67F6B/revision-000001.json
A  .task-board/.goals/v2/revisions/GOAL-260731-F6A8B2/revision-000001.json
A  .task-board/.goals/v2/revisions/GOAL-260731-F6E67E/revision-000001.json
A  .task-board/.goals/v2/revisions/GOAL-260731-F6F13B/revision-000001.json
A  .task-board/.goals/v2/revisions/GOAL-260731-F6F304/revision-000001.json
A  .task-board/.goals/v2/revisions/GOAL-260731-F7DEC8/revision-000001.json
A  .task-board/.goals/v2/revisions/GOAL-260731-F80571/revision-000001.json
A  .task-board/.goals/v2/revisions/GOAL-260731-F815A8/revision-000001.json
A  .task-board/.goals/v2/revisions/GOAL-260731-F8F83D/revision-000001.json
A  .task-board/.goals/v2/revisions/GOAL-260731-F946E8/revision-000001.json
A  .task-board/.goals/v2/revisions/GOAL-260731-F9A2B2/revision-000001.json
A  .task-board/.goals/v2/revisions/GOAL-260731-FA3E4B/revision-000001.json
A  .task-board/.goals/v2/revisions/GOAL-260731-FA6AF4/revision-000001.json
A  .task-board/.goals/v2/revisions/GOAL-260731-FA77B9/revision-000001.json
A  .task-board/.goals/v2/revisions/GOAL-260731-FA846B/revision-000001.json
A  .task-board/.goals/v2/revisions/GOAL-260731-FA99DC/revision-000001.json
A  .task-board/.goals/v2/revisions/GOAL-260731-FAB694/revision-000001.json
A  .task-board/.goals/v2/revisions/GOAL-260731-FAB694/revision-000002.json
A  .task-board/.goals/v2/revisions/GOAL-260731-FC34B4/revision-000001.json
A  .task-board/.goals/v2/revisions/GOAL-260731-FCEF73/revision-000001.json
A  .task-board/.goals/v2/revisions/GOAL-260731-FD6906/revision-000001.json
A  .task-board/.goals/v2/revisions/GOAL-260731-FDDC5C/revision-000001.json
A  .task-board/.goals/v2/revisions/GOAL-260731-FE0100/revision-000001.json
A  .task-board/.goals/v2/revisions/GOAL-260731-FE66CF/revision-000001.json
A  .task-board/.goals/v2/revisions/GOAL-260731-FEAFE9/revision-000001.json
A  .task-board/.goals/v2/revisions/GOAL-260731-FEC0BA/revision-000001.json
A  .task-board/.goals/v2/revisions/GOAL-260731-FFB8B8/revision-000001.json
A  .task-board/.goals/v2/revisions/PRIMARY-GOAL-260731-V5A1IS/revision-000001.json
A  .task-board/.goals/v2/revisions/PRIMARY-GOAL-260731-V5A1IS/revision-000002.json
A  .task-board/.goals/v2/revisions/PRIMARY-GOAL-260731-V5A1IS/revision-000003.json
A  .task-board/.goals/v2/revisions/PRIMARY-GOAL-260731-V5A1IS/revision-000004.json
A  .task-board/.progress-pair-generation
A  .task-board/.resources/BUG-260729-1o0m8f/BUG-260729-1o0m8f_evidence.tgz
A  .task-board/.resources/BUG-260729-1o0m8f/BUG-260729-1o0m8f_lint-fix.patch
A  .task-board/.resources/BUG-260729-1o0m8f/BUG-260729-1o0m8f_results.md
A  .task-board/.resources/BUG-260729-1o0m8f/BUG-260729-1o0m8f_review-verdict.md
A  .task-board/.resources/BUG-260729-1o0m8f/BUG-260729-1o0m8f_spawn-log_-implementer--developer--claude-_RUN-260729-ba04a9.log
A  .task-board/.resources/BUG-260729-1o0m8f/BUG-260729-1o0m8f_spawn-log_-reviewer--reviewer--codex-_RUN-260729-1e0eeb.log
A  .task-board/.resources/BUG-260729-r0fe02/BUG-260729-r0fe02_combined-evidence.md
A  .task-board/.resources/BUG-260729-r0fe02/BUG-260729-r0fe02_gatelogs.tar.gz
A  .task-board/.resources/BUG-260729-r0fe02/BUG-260729-r0fe02_lint-compatibility-results.md
A  .task-board/.resources/BUG-260729-r0fe02/BUG-260729-r0fe02_patch.diff
A  .task-board/.resources/BUG-260729-r0fe02/BUG-260729-r0fe02_results.md
A  .task-board/.resources/BUG-260729-r0fe02/BUG-260729-r0fe02_resume.md
A  .task-board/.resources/BUG-260729-r0fe02/BUG-260729-r0fe02_reviewer-verdict.md
A  .task-board/.resources/BUG-260729-r0fe02/BUG-260729-r0fe02_spawn-log_-implementer--developer--claude-_RUN-260729-1f4480.log
A  .task-board/.resources/BUG-260729-r0fe02/BUG-260729-r0fe02_spawn-log_-implementer--developer--claude-_RUN-260729-3afcd3.log
A  .task-board/.resources/BUG-260729-r0fe02/BUG-260729-r0fe02_spawn-log_-implementer--developer--claude-_RUN-260729-4752b2.log
A  .task-board/.resources/BUG-260729-r0fe02/BUG-260729-r0fe02_spawn-log_-implementer--developer--claude-_RUN-260729-eb4053.log
A  .task-board/.resources/BUG-260729-r0fe02/BUG-260729-r0fe02_spawn-log_-implementer--developer--claude-_RUN-260729-f6ebe7.log
A  .task-board/.resources/BUG-260729-r0fe02/BUG-260729-r0fe02_spawn-log_-implementer--developer--codex-_RUN-260729-1521c1.log
A  .task-board/.resources/BUG-260729-r0fe02/BUG-260729-r0fe02_spawn-log_-reviewer--reviewer--codex-_RUN-260729-25bb90.log
A  .task-board/.resources/BUG-260731-11bpa4/BUG-260731-11bpa4_architecture-decision.md
A  .task-board/.resources/BUG-260731-11bpa4/BUG-260731-11bpa4_call-line-escaping-result.md
A  .task-board/.resources/BUG-260731-11bpa4/BUG-260731-11bpa4_orchestrator-context.md
A  .task-board/.resources/BUG-260731-11bpa4/BUG-260731-11bpa4_results.md
A  .task-board/.resources/BUG-260731-11bpa4/BUG-260731-11bpa4_review-verdict_RUN-260731-d744df.md
A  .task-board/.resources/BUG-260731-11bpa4/BUG-260731-11bpa4_spawn-log_-analyst--solution-architect--claude-_RUN-260731-d318ff.log
A  .task-board/.resources/BUG-260731-11bpa4/BUG-260731-11bpa4_spawn-log_-implementer--developer--claude-_RUN-260731-03a9fd.log
A  .task-board/.resources/BUG-260731-11bpa4/BUG-260731-11bpa4_spawn-log_-implementer--developer--claude-_RUN-260731-2da94c.log
A  .task-board/.resources/BUG-260731-11bpa4/BUG-260731-11bpa4_spawn-log_-implementer--developer--claude-_RUN-260731-33a385.log
A  .task-board/.resources/BUG-260731-11bpa4/BUG-260731-11bpa4_spawn-log_-implementer--developer--claude-_RUN-260731-664f7f.log
A  .task-board/.resources/BUG-260731-11bpa4/BUG-260731-11bpa4_spawn-log_-implementer--developer--claude-_RUN-260731-7063a2.log
A  .task-board/.resources/BUG-260731-11bpa4/BUG-260731-11bpa4_spawn-log_-implementer--developer--claude-_RUN-260731-abd99b.log
A  .task-board/.resources/BUG-260731-11bpa4/BUG-260731-11bpa4_spawn-log_-implementer--developer--claude-_RUN-260731-ef90cf.log
A  .task-board/.resources/BUG-260731-11bpa4/BUG-260731-11bpa4_spawn-log_-implementer--developer--claude-_RUN-260731-fab694.log
A  .task-board/.resources/BUG-260731-11bpa4/BUG-260731-11bpa4_spawn-log_-reviewer--reviewer--claude-_RUN-260731-d744df.log
A  .task-board/.resources/BUG-260731-11bpa4/BUG-260731-11bpa4_windows-ownership-map.md
A  .task-board/.resources/BUG-260731-1rldqv/BUG-260731-1rldqv_evidence.md
A  .task-board/.resources/BUG-260731-1rldqv/BUG-260731-1rldqv_independent-review-verdict.md
A  .task-board/.resources/BUG-260731-1rldqv/BUG-260731-1rldqv_namespace-cost-fix.md
A  .task-board/.resources/BUG-260731-1rldqv/BUG-260731-1rldqv_probe-logs.tar.gz
A  .task-board/.resources/BUG-260731-1rldqv/BUG-260731-1rldqv_review-rework.md
A  .task-board/.resources/BUG-260731-1rldqv/BUG-260731-1rldqv_review-verdict-round2.md
A  .task-board/.resources/BUG-260731-1rldqv/BUG-260731-1rldqv_root-cause-and-fix.md
A  .task-board/.resources/BUG-260731-1rldqv/BUG-260731-1rldqv_spawn-log_-implementer--developer--claude-_RUN-260731-2dec82.log
A  .task-board/.resources/BUG-260731-1rldqv/BUG-260731-1rldqv_spawn-log_-implementer--developer--claude-_RUN-260731-711b96.log
A  .task-board/.resources/BUG-260731-1rldqv/BUG-260731-1rldqv_spawn-log_-implementer--developer--claude-_RUN-260731-d6e3c5.log
A  .task-board/.resources/BUG-260731-1rldqv/BUG-260731-1rldqv_spawn-log_-reviewer--reviewer--claude-_RUN-260731-2bd01b.log
A  .task-board/.resources/BUG-260731-1rldqv/BUG-260731-1rldqv_spawn-log_-reviewer--reviewer--claude-_RUN-260731-d23d45.log
A  .task-board/.resources/BUG-260731-27h1yc/BUG-260731-27h1yc_independent-review-verdict.md
A  .task-board/.resources/BUG-260731-27h1yc/BUG-260731-27h1yc_results.md
A  .task-board/.resources/BUG-260731-27h1yc/BUG-260731-27h1yc_spawn-log_-implementer--developer--claude-_RUN-260731-6c8de0.log
A  .task-board/.resources/BUG-260731-27h1yc/BUG-260731-27h1yc_spawn-log_-reviewer--reviewer--claude-_RUN-260731-5000ae.log
A  .task-board/.resources/BUG-260731-27h1yc/BUG-260731-27h1yc_spawn-log_-reviewer--reviewer--claude-_RUN-260731-a902cb.log
A  .task-board/.resources/BUG-260731-27h1yc/BUG-260731-27h1yc_windows-platform-case-gate.txt
A  .task-board/.resources/BUG-260731-27h1yc/BUG-260731-27h1yc_windows-skips-observed.tsv
A  .task-board/.resources/BUG-260731-2rhy74/BUG-260731-2rhy74_cycle3-verification-and-ci-evidence.md
A  .task-board/.resources/BUG-260731-2rhy74/BUG-260731-2rhy74_implementation-and-evidence.md
A  .task-board/.resources/BUG-260731-2rhy74/BUG-260731-2rhy74_review-verdict_RUN-260731-387024.md
A  .task-board/.resources/BUG-260731-2rhy74/BUG-260731-2rhy74_review-verdict_RUN-260731-46c299.md
A  .task-board/.resources/BUG-260731-2rhy74/BUG-260731-2rhy74_spawn-log_-implementer--developer--claude-_RUN-260730-69348d.log
A  .task-board/.resources/BUG-260731-2rhy74/BUG-260731-2rhy74_spawn-log_-implementer--developer--claude-_RUN-260731-253dc8.log
A  .task-board/.resources/BUG-260731-2rhy74/BUG-260731-2rhy74_spawn-log_-implementer--developer--claude-_RUN-260731-b4fd97.log
A  .task-board/.resources/BUG-260731-2rhy74/BUG-260731-2rhy74_spawn-log_-reviewer--reviewer--claude-_RUN-260731-2d73f7.log
A  .task-board/.resources/BUG-260731-2rhy74/BUG-260731-2rhy74_spawn-log_-reviewer--reviewer--claude-_RUN-260731-4b8855.log
A  .task-board/.resources/BUG-260731-2rhy74/BUG-260731-2rhy74_spawn-log_-reviewer--reviewer--codex-_RUN-260731-387024.log
A  .task-board/.resources/BUG-260731-2rhy74/BUG-260731-2rhy74_spawn-log_-reviewer--reviewer--codex-_RUN-260731-46c299.log
A  .task-board/.resources/BUG-260731-33v6zz/BUG-260731-33v6zz_results.md
A  .task-board/.resources/BUG-260731-33v6zz/BUG-260731-33v6zz_review-verdict.md
A  .task-board/.resources/BUG-260731-33v6zz/BUG-260731-33v6zz_spawn-log_-implementer--developer--claude-_RUN-260731-1b588e.log
A  .task-board/.resources/BUG-260731-33v6zz/BUG-260731-33v6zz_spawn-log_-implementer--developer--claude-_RUN-260731-6b26c6.log
A  .task-board/.resources/BUG-260731-33v6zz/BUG-260731-33v6zz_spawn-log_-implementer--developer--claude-_RUN-260731-6bb120.log
A  .task-board/.resources/BUG-260731-33v6zz/BUG-260731-33v6zz_spawn-log_-implementer--developer--claude-_RUN-260731-74e76b.log
A  .task-board/.resources/BUG-260731-33v6zz/BUG-260731-33v6zz_spawn-log_-implementer--developer--claude-_RUN-260731-c49132.log
A  .task-board/.resources/BUG-260731-33v6zz/BUG-260731-33v6zz_spawn-log_-reviewer--reviewer--claude-_RUN-260731-7f8d5d.log
A  .task-board/.resources/BUG-260731-33v6zz/BUG-260731-33v6zz_windows-lane-results.md
A  .task-board/.resources/BUG-260731-33v6zz/BUG-260731-33v6zz_windows-latest-go-test.json
A  .task-board/.resources/BUG-260731-38dz6m/BUG-260731-38dz6m_developer-evidence.md
A  .task-board/.resources/BUG-260731-38dz6m/BUG-260731-38dz6m_logbook.md
A  .task-board/.resources/BUG-260731-38dz6m/BUG-260731-38dz6m_review-verdict.md
A  .task-board/.resources/BUG-260731-38dz6m/BUG-260731-38dz6m_spawn-log_-implementer--developer--claude-_RUN-260731-997143.log
A  .task-board/.resources/BUG-260731-38dz6m/BUG-260731-38dz6m_spawn-log_-implementer--developer--codex-_RUN-260731-d6033b.log
A  .task-board/.resources/BUG-260731-38dz6m/BUG-260731-38dz6m_spawn-log_-reviewer--reviewer--codex-_RUN-260731-7872a1.log
A  .task-board/.resources/BUG-260731-3a5q1p/BUG-260731-3a5q1p_implementation-and-evidence.md
A  .task-board/.resources/BUG-260731-3a5q1p/BUG-260731-3a5q1p_multiproject-dryrun-binding.patch
A  .task-board/.resources/BUG-260731-3a5q1p/BUG-260731-3a5q1p_review-verdict_RUN-260731-cefd98.md
A  .task-board/.resources/BUG-260731-3a5q1p/BUG-260731-3a5q1p_spawn-log_-implementer--developer--claude-_RUN-260731-63da06.log
A  .task-board/.resources/BUG-260731-3a5q1p/BUG-260731-3a5q1p_spawn-log_-implementer--developer--claude-_RUN-260731-b497db.log
A  .task-board/.resources/BUG-260731-3a5q1p/BUG-260731-3a5q1p_spawn-log_-implementer--developer--claude-_RUN-260731-c1854b.log
A  .task-board/.resources/BUG-260731-3a5q1p/BUG-260731-3a5q1p_spawn-log_-reviewer--reviewer--claude-_RUN-260731-cefd98.log
A  .task-board/.resources/BUG-260731-3a5q1p/BUG-260731-3a5q1p_verification-logs.tgz
A  .task-board/.resources/BUG-260731-3gm8kc/BUG-260731-3gm8kc_implementation-and-evidence.md
A  .task-board/.resources/BUG-260731-3gm8kc/BUG-260731-3gm8kc_orchestrator-review-context.md
A  .task-board/.resources/BUG-260731-3gm8kc/BUG-260731-3gm8kc_review-reverification-RUN-260731-7d213b.md
A  .task-board/.resources/BUG-260731-3gm8kc/BUG-260731-3gm8kc_review-verdict-RUN-260731-109b9b.md
A  .task-board/.resources/BUG-260731-3gm8kc/BUG-260731-3gm8kc_review-verdict.md
A  .task-board/.resources/BUG-260731-3gm8kc/BUG-260731-3gm8kc_spawn-log_-implementer--developer--claude-_RUN-260731-7271a1.log
A  .task-board/.resources/BUG-260731-3gm8kc/BUG-260731-3gm8kc_spawn-log_-reviewer--reviewer--claude-_RUN-260731-0910bf.log
A  .task-board/.resources/BUG-260731-3gm8kc/BUG-260731-3gm8kc_spawn-log_-reviewer--reviewer--claude-_RUN-260731-109b9b.log
A  .task-board/.resources/BUG-260731-3gm8kc/BUG-260731-3gm8kc_spawn-log_-reviewer--reviewer--claude-_RUN-260731-4afbab.log
A  .task-board/.resources/BUG-260731-3gm8kc/BUG-260731-3gm8kc_spawn-log_-reviewer--reviewer--claude-_RUN-260731-4b310e.log
A  .task-board/.resources/BUG-260731-3gm8kc/BUG-260731-3gm8kc_spawn-log_-reviewer--reviewer--claude-_RUN-260731-662709.log
A  .task-board/.resources/BUG-260731-3gm8kc/BUG-260731-3gm8kc_spawn-log_-reviewer--reviewer--claude-_RUN-260731-685cd6.log
A  .task-board/.resources/BUG-260731-3gm8kc/BUG-260731-3gm8kc_spawn-log_-reviewer--reviewer--claude-_RUN-260731-7b9b43.log
A  .task-board/.resources/BUG-260731-3gm8kc/BUG-260731-3gm8kc_spawn-log_-reviewer--reviewer--claude-_RUN-260731-7d213b.log
A  .task-board/.resources/BUG-260731-3gm8kc/BUG-260731-3gm8kc_spawn-log_-reviewer--reviewer--claude-_RUN-260731-84ddb3.log
A  .task-board/.resources/BUG-260731-3gm8kc/BUG-260731-3gm8kc_spawn-log_-reviewer--reviewer--claude-_RUN-260731-e1c5dc.log
A  .task-board/.resources/BUG-260731-fs3dht/BUG-260731-fs3dht_spawn-log_-implementer--developer--claude-_RUN-260731-367e40.log
A  .task-board/.resources/BUG-260731-lepevi/BUG-260731-lepevi_ci-evidence.tar.gz
A  .task-board/.resources/BUG-260731-lepevi/BUG-260731-lepevi_linux-lane-outcome.md
A  .task-board/.resources/BUG-260731-lepevi/BUG-260731-lepevi_orchestrator-context.md
A  .task-board/.resources/BUG-260731-lepevi/BUG-260731-lepevi_review-verdict.md
A  .task-board/.resources/BUG-260731-lepevi/BUG-260731-lepevi_spawn-log_-implementer--developer--claude-_RUN-260731-118c78.log
A  .task-board/.resources/BUG-260731-lepevi/BUG-260731-lepevi_spawn-log_-implementer--developer--claude-_RUN-260731-35d0f2.log
A  .task-board/.resources/BUG-260731-lepevi/BUG-260731-lepevi_spawn-log_-implementer--developer--claude-_RUN-260731-4655a2.log
A  .task-board/.resources/BUG-260731-lepevi/BUG-260731-lepevi_spawn-log_-implementer--developer--claude-_RUN-260731-7722a0.log
A  .task-board/.resources/BUG-260731-lepevi/BUG-260731-lepevi_spawn-log_-implementer--developer--claude-_RUN-260731-7dca5f.log
A  .task-board/.resources/BUG-260731-lepevi/BUG-260731-lepevi_spawn-log_-implementer--developer--claude-_RUN-260731-922dc9.log
A  .task-board/.resources/BUG-260731-lepevi/BUG-260731-lepevi_spawn-log_-implementer--developer--claude-_RUN-260731-a0ad63.log
A  .task-board/.resources/BUG-260731-lepevi/BUG-260731-lepevi_spawn-log_-implementer--developer--claude-_RUN-260731-dbbe43.log
A  .task-board/.resources/BUG-260731-lepevi/BUG-260731-lepevi_spawn-log_-reviewer--reviewer--claude-_RUN-260731-a087ac.log
A  .task-board/.resources/BUG-260731-lepevi/BUG-260731-lepevi_successor-run-checkpoint-RUN-260731-dbbe43.md
A  .task-board/.resources/BUG-260801-1iu1ln/BUG-260801-1iu1ln_cycle10-review-verdict.md
A  .task-board/.resources/BUG-260801-1iu1ln/BUG-260801-1iu1ln_cycle10-rework-evidence.md
A  .task-board/.resources/BUG-260801-1iu1ln/BUG-260801-1iu1ln_cycle3-review-verdict.md
A  .task-board/.resources/BUG-260801-1iu1ln/BUG-260801-1iu1ln_cycle3-rework-evidence.md
A  .task-board/.resources/BUG-260801-1iu1ln/BUG-260801-1iu1ln_cycle4-review-verdict.md
A  .task-board/.resources/BUG-260801-1iu1ln/BUG-260801-1iu1ln_cycle4-rework-evidence.md
A  .task-board/.resources/BUG-260801-1iu1ln/BUG-260801-1iu1ln_cycle5-review-verdict.md
A  .task-board/.resources/BUG-260801-1iu1ln/BUG-260801-1iu1ln_cycle5-rework-evidence.md
A  .task-board/.resources/BUG-260801-1iu1ln/BUG-260801-1iu1ln_cycle6-review-verdict.md
A  .task-board/.resources/BUG-260801-1iu1ln/BUG-260801-1iu1ln_cycle6-rework-evidence.md
A  .task-board/.resources/BUG-260801-1iu1ln/BUG-260801-1iu1ln_cycle7-review-verdict.md
A  .task-board/.resources/BUG-260801-1iu1ln/BUG-260801-1iu1ln_cycle7-rework-evidence.md
A  .task-board/.resources/BUG-260801-1iu1ln/BUG-260801-1iu1ln_cycle8-review-verdict.md
A  .task-board/.resources/BUG-260801-1iu1ln/BUG-260801-1iu1ln_cycle8-rework-evidence.md
A  .task-board/.resources/BUG-260801-1iu1ln/BUG-260801-1iu1ln_cycle9-review-verdict.md
A  .task-board/.resources/BUG-260801-1iu1ln/BUG-260801-1iu1ln_cycle9-rework-evidence.md
A  .task-board/.resources/BUG-260801-1iu1ln/BUG-260801-1iu1ln_final-review-verdict.md
A  .task-board/.resources/BUG-260801-1iu1ln/BUG-260801-1iu1ln_results.md
A  .task-board/.resources/BUG-260801-1iu1ln/BUG-260801-1iu1ln_review-verdict.md
A  .task-board/.resources/BUG-260801-1iu1ln/BUG-260801-1iu1ln_rework-evidence.md
A  .task-board/.resources/BUG-260801-1iu1ln/BUG-260801-1iu1ln_rework-review-verdict.md
A  .task-board/.resources/BUG-260801-1iu1ln/BUG-260801-1iu1ln_solution-architecture-handoff.md
A  .task-board/.resources/BUG-260801-1iu1ln/BUG-260801-1iu1ln_spawn-log_-analyst--solution-architect--codex-_RUN-260802-d2cc54.log
A  .task-board/.resources/BUG-260801-1iu1ln/BUG-260801-1iu1ln_spawn-log_-implementer--developer--codex-_RUN-260801-209f83.log
A  .task-board/.resources/BUG-260801-1iu1ln/BUG-260801-1iu1ln_spawn-log_-implementer--developer--codex-_RUN-260801-6c3329.log
A  .task-board/.resources/BUG-260801-1iu1ln/BUG-260801-1iu1ln_spawn-log_-implementer--developer--codex-_RUN-260801-78860b.log
A  .task-board/.resources/BUG-260801-1iu1ln/BUG-260801-1iu1ln_spawn-log_-implementer--developer--codex-_RUN-260801-8690a3.log
A  .task-board/.resources/BUG-260801-1iu1ln/BUG-260801-1iu1ln_spawn-log_-implementer--developer--codex-_RUN-260801-95f0bf.log
A  .task-board/.resources/BUG-260801-1iu1ln/BUG-260801-1iu1ln_spawn-log_-implementer--developer--codex-_RUN-260801-a39a99.log
A  .task-board/.resources/BUG-260801-1iu1ln/BUG-260801-1iu1ln_spawn-log_-implementer--developer--codex-_RUN-260801-bf6134.log
A  .task-board/.resources/BUG-260801-1iu1ln/BUG-260801-1iu1ln_spawn-log_-implementer--developer--codex-_RUN-260801-cd6dbd.log
A  .task-board/.resources/BUG-260801-1iu1ln/BUG-260801-1iu1ln_spawn-log_-implementer--developer--codex-_RUN-260801-d12837.log
A  .task-board/.resources/BUG-260801-1iu1ln/BUG-260801-1iu1ln_spawn-log_-implementer--developer--codex-_RUN-260801-d2c0cd.log
A  .task-board/.resources/BUG-260801-1iu1ln/BUG-260801-1iu1ln_spawn-log_-implementer--developer--codex-_RUN-260801-f10acf.log
A  .task-board/.resources/BUG-260801-1iu1ln/BUG-260801-1iu1ln_spawn-log_-reviewer--reviewer--codex-_RUN-260801-2eb399.log
A  .task-board/.resources/BUG-260801-1iu1ln/BUG-260801-1iu1ln_spawn-log_-reviewer--reviewer--codex-_RUN-260801-611abc.log
A  .task-board/.resources/BUG-260801-1iu1ln/BUG-260801-1iu1ln_spawn-log_-reviewer--reviewer--codex-_RUN-260801-619c5b.log
A  .task-board/.resources/BUG-260801-1iu1ln/BUG-260801-1iu1ln_spawn-log_-reviewer--reviewer--codex-_RUN-260801-61ae8b.log
A  .task-board/.resources/BUG-260801-1iu1ln/BUG-260801-1iu1ln_spawn-log_-reviewer--reviewer--codex-_RUN-260801-7d6c60.log
A  .task-board/.resources/BUG-260801-1iu1ln/BUG-260801-1iu1ln_spawn-log_-reviewer--reviewer--codex-_RUN-260801-aff59a.log
A  .task-board/.resources/BUG-260801-1iu1ln/BUG-260801-1iu1ln_spawn-log_-reviewer--reviewer--codex-_RUN-260801-d19bed.log
A  .task-board/.resources/BUG-260801-1iu1ln/BUG-260801-1iu1ln_spawn-log_-reviewer--reviewer--codex-_RUN-260801-fc19ca.log
A  .task-board/.resources/BUG-260801-1iu1ln/BUG-260801-1iu1ln_spawn-log_-reviewer--reviewer--codex-_RUN-260801-ff61d8.log
A  .task-board/.resources/BUG-260801-1iu1ln/BUG-260801-1iu1ln_spawn-log_-reviewer--reviewer--codex-_RUN-260802-30282f.log
A  .task-board/.resources/BUG-260801-1iu1ln/BUG-260801-1iu1ln_spawn-log_-reviewer--reviewer--codex-_RUN-260802-516b45.log
A  .task-board/.resources/BUG-260801-1xvc35/BUG-260801-1xvc35_evidence.md
A  .task-board/.resources/BUG-260801-1xvc35/BUG-260801-1xvc35_review-verdict.md
A  .task-board/.resources/BUG-260801-1xvc35/BUG-260801-1xvc35_spawn-log_-implementer--developer--codex-_RUN-260801-c62fc7.log
A  .task-board/.resources/BUG-260801-1xvc35/BUG-260801-1xvc35_spawn-log_-reviewer--reviewer--codex-_RUN-260801-81f721.log
A  .task-board/.resources/BUG-260801-nzpar0/BUG-260801-nzpar0_rename-abi-native.c
A  .task-board/.resources/BUG-260801-nzpar0/BUG-260801-nzpar0_rename-abi-target.c
A  .task-board/.resources/BUG-260801-nzpar0/BUG-260801-nzpar0_rename-matrix.py
A  .task-board/.resources/BUG-260801-nzpar0/BUG-260801-nzpar0_review-verdict_RUN-260801-b51ed8.md
A  .task-board/.resources/BUG-260801-nzpar0/BUG-260801-nzpar0_spawn-log_-analyst--researcher--codex-_RUN-260801-fa7834.log
A  .task-board/.resources/BUG-260801-nzpar0/BUG-260801-nzpar0_spawn-log_-reviewer--reviewer--codex-_RUN-260801-b51ed8.log
A  .task-board/.resources/BUG-260801-nzpar0/BUG-260801-nzpar0_windows-handle-rename-diagnosis.md
A  .task-board/.resources/BUG-260802-1s021p/BUG-260802-1s021p_pr19-independent-review.md
A  .task-board/.resources/BUG-260802-1s021p/BUG-260802-1s021p_spawn-log_-reviewer--reviewer--claude-_RUN-260802-23afc2.log
A  .task-board/.resources/BUG-260802-1s021p/BUG-260802-1s021p_spawn-log_-reviewer--reviewer--claude-_RUN-260802-e328bf.log
A  .task-board/.resources/BUG-260802-3cacev/BUG-260802-3cacev_spawn-log_-analyst--researcher--claude-_RUN-260802-746314.log
A  .task-board/.resources/BUG-260802-3cacev/BUG-260802-3cacev_spawn-log_-analyst--researcher--claude-_RUN-260802-90e954.log
A  .task-board/.resources/BUG-260802-3fbn47/BUG-260802-3fbn47_csk-integrated-verification-readiness-audit.md
A  .task-board/.resources/BUG-260802-3fbn47/BUG-260802-3fbn47_spawn-log_-analyst--researcher--codex-_RUN-260802-4655c2.log
A  .task-board/.resources/BUG-260802-3ibgu1/BUG-260802-3ibgu1_csk-go-e2e-readiness-audit.md
A  .task-board/.resources/BUG-260802-3ibgu1/BUG-260802-3ibgu1_review-verdict.md
A  .task-board/.resources/BUG-260802-3ibgu1/BUG-260802-3ibgu1_spawn-log_-analyst--researcher--codex-_RUN-260802-7aa31c.log
A  .task-board/.resources/BUG-260802-3ibgu1/BUG-260802-3ibgu1_spawn-log_-reviewer--reviewer--claude-_RUN-260802-bc3127.log
A  .task-board/.resources/EPIC-260720-21aq1i/EPIC-260720-21aq1i_protocol-candidate-handoff.md
A  .task-board/.resources/STORY-260720-1uv5gi/STORY-260720-1uv5gi_17-task-audit.md
A  .task-board/.resources/STORY-260720-1uv5gi/STORY-260720-1uv5gi_canonical-board-plan.md
A  .task-board/.resources/STORY-260720-1uv5gi/STORY-260720-1uv5gi_decomposition-plan.md
A  .task-board/.resources/STORY-260720-1uv5gi/STORY-260720-1uv5gi_planning-validation.md
A  .task-board/.resources/STORY-260720-1uv5gi/STORY-260720-1uv5gi_spawn-log_-analyst--solution-architect--codex-.log
A  .task-board/.resources/STORY-260720-21bsr2/STORY-260720-21bsr2_canonical-audit-plan.md
A  .task-board/.resources/STORY-260720-21bsr2/STORY-260720-21bsr2_canonical-board-plan.md
A  .task-board/.resources/STORY-260720-21bsr2/STORY-260720-21bsr2_decomposition-audit.md
A  .task-board/.resources/STORY-260720-21bsr2/STORY-260720-21bsr2_decomposition-plan.md
A  .task-board/.resources/STORY-260720-21bsr2/STORY-260720-21bsr2_planning-validation.md
A  .task-board/.resources/STORY-260720-21bsr2/STORY-260720-21bsr2_spawn-log_-analyst--solution-architect--codex-.log
A  .task-board/.resources/STORY-260720-35dck7/STORY-260720-35dck7_artifact-map.puml
A  .task-board/.resources/STORY-260720-35dck7/STORY-260720-35dck7_artifact-map.svg
A  .task-board/.resources/STORY-260720-35dck7/STORY-260720-35dck7_canonical-board-plan.md
A  .task-board/.resources/STORY-260720-35dck7/STORY-260720-35dck7_canonical-plan-audit.md
A  .task-board/.resources/STORY-260720-35dck7/STORY-260720-35dck7_decomposition-audit.md
A  .task-board/.resources/STORY-260720-35dck7/STORY-260720-35dck7_decomposition-plan.md
A  .task-board/.resources/STORY-260720-35dck7/STORY-260720-35dck7_install-lifecycle.puml
A  .task-board/.resources/STORY-260720-35dck7/STORY-260720-35dck7_install-lifecycle.svg
A  .task-board/.resources/STORY-260720-35dck7/STORY-260720-35dck7_orchestrator-ownership-cancel-handover-RUN-260731-11c4e2.md
A  .task-board/.resources/STORY-260720-35dck7/STORY-260720-35dck7_planning-validation.md
A  .task-board/.resources/STORY-260720-35dck7/STORY-260720-35dck7_spawn-log_-analyst--orchestrator--claude-_RUN-260731-00042d.log
A  .task-board/.resources/STORY-260720-35dck7/STORY-260720-35dck7_spawn-log_-analyst--orchestrator--claude-_RUN-260731-00315a.log
A  .task-board/.resources/STORY-260720-35dck7/STORY-260720-35dck7_spawn-log_-analyst--orchestrator--claude-_RUN-260731-0086ed.log
A  .task-board/.resources/STORY-260720-35dck7/STORY-260720-35dck7_spawn-log_-analyst--orchestrator--claude-_RUN-260731-0099f5.log
A  .task-board/.resources/STORY-260720-35dck7/STORY-260720-35dck7_spawn-log_-analyst--orchestrator--claude-_RUN-260731-00c17b.log
A  .task-board/.resources/STORY-260720-35dck7/STORY-260720-35dck7_spawn-log_-analyst--orchestrator--claude-_RUN-260731-020603.log
A  .task-board/.resources/STORY-260720-35dck7/STORY-260720-35dck7_spawn-log_-analyst--orchestrator--claude-_RUN-260731-0253ad.log
A  .task-board/.resources/STORY-260720-35dck7/STORY-260720-35dck7_spawn-log_-analyst--orchestrator--claude-_RUN-260731-037531.log
A  .task-board/.resources/STORY-260720-35dck7/STORY-260720-35dck7_spawn-log_-analyst--orchestrator--claude-_RUN-260731-03a2dd.log
A  .task-board/.resources/STORY-260720-35dck7/STORY-260720-35dck7_spawn-log_-analyst--orchestrator--claude-_RUN-260731-03b819.log
A  .task-board/.resources/STORY-260720-35dck7/STORY-260720-35dck7_spawn-log_-analyst--orchestrator--claude-_RUN-260731-043291.log
A  .task-board/.resources/STORY-260720-35dck7/STORY-260720-35dck7_spawn-log_-analyst--orchestrator--claude-_RUN-260731-04708c.log
A  .task-board/.resources/STORY-260720-35dck7/STORY-260720-35dck7_spawn-log_-analyst--orchestrator--claude-_RUN-260731-0470d9.log
A  .task-board/.resources/STORY-260720-35dck7/STORY-260720-35dck7_spawn-log_-analyst--orchestrator--claude-_RUN-260731-06cf0e.log
A  .task-board/.resources/STORY-260720-35dck7/STORY-260720-35dck7_spawn-log_-analyst--orchestrator--claude-_RUN-260731-06de89.log
A  .task-board/.resources/STORY-260720-35dck7/STORY-260720-35dck7_spawn-log_-analyst--orchestrator--claude-_RUN-260731-071bfd.log
A  .task-board/.resources/STORY-260720-35dck7/STORY-260720-35dck7_spawn-log_-analyst--orchestrator--claude-_RUN-260731-07a826.log
A  .task-board/.resources/STORY-260720-35dck7/STORY-260720-35dck7_spawn-log_-analyst--orchestrator--claude-_RUN-260731-0810e0.log
A  .task-board/.resources/STORY-260720-35dck7/STORY-260720-35dck7_spawn-log_-analyst--orchestrator--claude-_RUN-260731-08d442.log
A  .task-board/.resources/STORY-260720-35dck7/STORY-260720-35dck7_spawn-log_-analyst--orchestrator--claude-_RUN-260731-08f77b.log
A  .task-board/.resources/STORY-260720-35dck7/STORY-260720-35dck7_spawn-log_-analyst--orchestrator--claude-_RUN-260731-092533.log
A  .task-board/.resources/STORY-260720-35dck7/STORY-260720-35dck7_spawn-log_-analyst--orchestrator--claude-_RUN-260731-094a32.log
A  .task-board/.resources/STORY-260720-35dck7/STORY-260720-35dck7_spawn-log_-analyst--orchestrator--claude-_RUN-260731-0a9ecf.log
A  .task-board/.resources/STORY-260720-35dck7/STORY-260720-35dck7_spawn-log_-analyst--orchestrator--claude-_RUN-260731-0bd125.log
A  .task-board/.resources/STORY-260720-35dck7/STORY-260720-35dck7_spawn-log_-analyst--orchestrator--claude-_RUN-260731-0bf63a.log
A  .task-board/.resources/STORY-260720-35dck7/STORY-260720-35dck7_spawn-log_-analyst--orchestrator--claude-_RUN-260731-0c0cc9.log
A  .task-board/.resources/STORY-260720-35dck7/STORY-260720-35dck7_spawn-log_-analyst--orchestrator--claude-_RUN-260731-0cd415.log
A  .task-board/.resources/STORY-260720-35dck7/STORY-260720-35dck7_spawn-log_-analyst--orchestrator--claude-_RUN-260731-0cf53f.log
A  .task-board/.resources/STORY-260720-35dck7/STORY-260720-35dck7_spawn-log_-analyst--orchestrator--claude-_RUN-260731-0d4d68.log
A  .task-board/.resources/STORY-260720-35dck7/STORY-260720-35dck7_spawn-log_-analyst--orchestrator--claude-_RUN-260731-0d521b.log
A  .task-board/.resources/STORY-260720-35dck7/STORY-260720-35dck7_spawn-log_-analyst--orchestrator--claude-_RUN-260731-0deb24.log
A  .task-board/.resources/STORY-260720-35dck7/STORY-260720-35dck7_spawn-log_-analyst--orchestrator--claude-_RUN-260731-0e20bc.log
A  .task-board/.resources/STORY-260720-35dck7/STORY-260720-35dck7_spawn-log_-analyst--orchestrator--claude-_RUN-260731-0e6239.log
A  .task-board/.resources/STORY-260720-35dck7/STORY-260720-35dck7_spawn-log_-analyst--orchestrator--claude-_RUN-260731-0e6f79.log
A  .task-board/.resources/STORY-260720-35dck7/STORY-260720-35dck7_spawn-log_-analyst--orchestrator--claude-_RUN-260731-0ea2e2.log
A  .task-board/.resources/STORY-260720-35dck7/STORY-260720-35dck7_spawn-log_-analyst--orchestrator--claude-_RUN-260731-0f0f2b.log
A  .task-board/.resources/STORY-260720-35dck7/STORY-260720-35dck7_spawn-log_-analyst--orchestrator--claude-_RUN-260731-0f7ef3.log
A  .task-board/.resources/STORY-260720-35dck7/STORY-260720-35dck7_spawn-log_-analyst--orchestrator--claude-_RUN-260731-0f946f.log
A  .task-board/.resources/STORY-260720-35dck7/STORY-260720-35dck7_spawn-log_-analyst--orchestrator--claude-_RUN-260731-109af3.log
A  .task-board/.resources/STORY-260720-35dck7/STORY-260720-35dck7_spawn-log_-analyst--orchestrator--claude-_RUN-260731-10e30e.log
A  .task-board/.resources/STORY-260720-35dck7/STORY-260720-35dck7_spawn-log_-analyst--orchestrator--claude-_RUN-260731-110dce.log
A  .task-board/.resources/STORY-260720-35dck7/STORY-260720-35dck7_spawn-log_-analyst--orchestrator--claude-_RUN-260731-112560.log
A  .task-board/.resources/STORY-260720-35dck7/STORY-260720-35dck7_spawn-log_-analyst--orchestrator--claude-_RUN-260731-1138df.log
A  .task-board/.resources/STORY-260720-35dck7/STORY-260720-35dck7_spawn-log_-analyst--orchestrator--claude-_RUN-260731-118a55.log
A  .task-board/.resources/STORY-260720-35dck7/STORY-260720-35dck7_spawn-log_-analyst--orchestrator--claude-_RUN-260731-11c4e2.log
A  .task-board/.resources/STORY-260720-35dck7/STORY-260720-35dck7_spawn-log_-analyst--orchestrator--claude-_RUN-260731-11e6db.log
A  .task-board/.resources/STORY-260720-35dck7/STORY-260720-35dck7_spawn-log_-analyst--orchestrator--claude-_RUN-260731-126f69.log
A  .task-board/.resources/STORY-260720-35dck7/STORY-260720-35dck7_spawn-log_-analyst--orchestrator--claude-_RUN-260731-15f5cd.log
A  .task-board/.resources/STORY-260720-35dck7/STORY-260720-35dck7_spawn-log_-analyst--orchestrator--claude-_RUN-260731-16dd98.log
A  .task-board/.resources/STORY-260720-35dck7/STORY-260720-35dck7_spawn-log_-analyst--orchestrator--claude-_RUN-260731-1742f3.log
A  .task-board/.resources/STORY-260720-35dck7/STORY-260720-35dck7_spawn-log_-analyst--orchestrator--claude-_RUN-260731-1782d5.log
A  .task-board/.resources/STORY-260720-35dck7/STORY-260720-35dck7_spawn-log_-analyst--orchestrator--claude-_RUN-260731-17cd97.log
A  .task-board/.resources/STORY-260720-35dck7/STORY-260720-35dck7_spawn-log_-analyst--orchestrator--claude-_RUN-260731-1803c5.log
A  .task-board/.resources/STORY-260720-35dck7/STORY-260720-35dck7_spawn-log_-analyst--orchestrator--claude-_RUN-260731-195d6e.log
A  .task-board/.resources/STORY-260720-35dck7/STORY-260720-35dck7_spawn-log_-analyst--orchestrator--claude-_RUN-260731-199eeb.log
A  .task-board/.resources/STORY-260720-35dck7/STORY-260720-35dck7_spawn-log_-analyst--orchestrator--claude-_RUN-260731-19c0d4.log
A  .task-board/.resources/STORY-260720-35dck7/STORY-260720-35dck7_spawn-log_-analyst--orchestrator--claude-_RUN-260731-1a25ac.log
A  .task-board/.resources/STORY-260720-35dck7/STORY-260720-35dck7_spawn-log_-analyst--orchestrator--claude-_RUN-260731-1a2e42.log
A  .task-board/.resources/STORY-260720-35dck7/STORY-260720-35dck7_spawn-log_-analyst--orchestrator--claude-_RUN-260731-1aaf98.log
A  .task-board/.resources/STORY-260720-35dck7/STORY-260720-35dck7_spawn-log_-analyst--orchestrator--claude-_RUN-260731-1affb7.log
A  .task-board/.resources/STORY-260720-35dck7/STORY-260720-35dck7_spawn-log_-analyst--orchestrator--claude-_RUN-260731-1b124f.log
A  .task-board/.resources/STORY-260720-35dck7/STORY-260720-35dck7_spawn-log_-analyst--orchestrator--claude-_RUN-260731-1bfe7b.log
A  .task-board/.resources/STORY-260720-35dck7/STORY-260720-35dck7_spawn-log_-analyst--orchestrator--claude-_RUN-260731-1c03cc.log
A  .task-board/.resources/STORY-260720-35dck7/STORY-260720-35dck7_spawn-log_-analyst--orchestrator--claude-_RUN-260731-1cde2d.log
A  .task-board/.resources/STORY-260720-35dck7/STORY-260720-35dck7_spawn-log_-analyst--orchestrator--claude-_RUN-260731-1d3ca6.log
A  .task-board/.resources/STORY-260720-35dck7/STORY-260720-35dck7_spawn-log_-analyst--orchestrator--claude-_RUN-260731-1d502b.log
A  .task-board/.resources/STORY-260720-35dck7/STORY-260720-35dck7_spawn-log_-analyst--orchestrator--claude-_RUN-260731-1d59c8.log
A  .task-board/.resources/STORY-260720-35dck7/STORY-260720-35dck7_spawn-log_-analyst--orchestrator--claude-_RUN-260731-1db2f5.log
A  .task-board/.resources/STORY-260720-35dck7/STORY-260720-35dck7_spawn-log_-analyst--orchestrator--claude-_RUN-260731-1e121c.log
A  .task-board/.resources/STORY-260720-35dck7/STORY-260720-35dck7_spawn-log_-analyst--orchestrator--claude-_RUN-260731-1e142e.log
A  .task-board/.resources/STORY-260720-35dck7/STORY-260720-35dck7_spawn-log_-analyst--orchestrator--claude-_RUN-260731-1eab0d.log
A  .task-board/.resources/STORY-260720-35dck7/STORY-260720-35dck7_spawn-log_-analyst--orchestrator--claude-_RUN-260731-1f1fc0.log
A  .task-board/.resources/STORY-260720-35dck7/STORY-260720-35dck7_spawn-log_-analyst--orchestrator--claude-_RUN-260731-20a786.log
A  .task-board/.resources/STORY-260720-35dck7/STORY-260720-35dck7_spawn-log_-analyst--orchestrator--claude-_RUN-260731-21545d.log
A  .task-board/.resources/STORY-260720-35dck7/STORY-260720-35dck7_spawn-log_-analyst--orchestrator--claude-_RUN-260731-219304.log
A  .task-board/.resources/STORY-260720-35dck7/STORY-260720-35dck7_spawn-log_-analyst--orchestrator--claude-_RUN-260731-21dadc.log
A  .task-board/.resources/STORY-260720-35dck7/STORY-260720-35dck7_spawn-log_-analyst--orchestrator--claude-_RUN-260731-21f129.log
A  .task-board/.resources/STORY-260720-35dck7/STORY-260720-35dck7_spawn-log_-analyst--orchestrator--claude-_RUN-260731-22095c.log
A  .task-board/.resources/STORY-260720-35dck7/STORY-260720-35dck7_spawn-log_-analyst--orchestrator--claude-_RUN-260731-227735.log
A  .task-board/.resources/STORY-260720-35dck7/STORY-260720-35dck7_spawn-log_-analyst--orchestrator--claude-_RUN-260731-227989.log
A  .task-board/.resources/STORY-260720-35dck7/STORY-260720-35dck7_spawn-log_-analyst--orchestrator--claude-_RUN-260731-23849f.log
A  .task-board/.resources/STORY-260720-35dck7/STORY-260720-35dck7_spawn-log_-analyst--orchestrator--claude-_RUN-260731-23d044.log
A  .task-board/.resources/STORY-260720-35dck7/STORY-260720-35dck7_spawn-log_-analyst--orchestrator--claude-_RUN-260731-240ac1.log
A  .task-board/.resources/STORY-260720-35dck7/STORY-260720-35dck7_spawn-log_-analyst--orchestrator--claude-_RUN-260731-2423fc.log
A  .task-board/.resources/STORY-260720-35dck7/STORY-260720-35dck7_spawn-log_-analyst--orchestrator--claude-_RUN-260731-245f39.log
A  .task-board/.resources/STORY-260720-35dck7/STORY-260720-35dck7_spawn-log_-analyst--orchestrator--claude-_RUN-260731-24848f.log
A  .task-board/.resources/STORY-260720-35dck7/STORY-260720-35dck7_spawn-log_-analyst--orchestrator--claude-_RUN-260731-24b444.log
A  .task-board/.resources/STORY-260720-35dck7/STORY-260720-35dck7_spawn-log_-analyst--orchestrator--claude-_RUN-260731-25137b.log
A  .task-board/.resources/STORY-260720-35dck7/STORY-260720-35dck7_spawn-log_-analyst--orchestrator--claude-_RUN-260731-251cea.log
A  .task-board/.resources/STORY-260720-35dck7/STORY-260720-35dck7_spawn-log_-analyst--orchestrator--claude-_RUN-260731-254433.log
A  .task-board/.resources/STORY-260720-35dck7/STORY-260720-35dck7_spawn-log_-analyst--orchestrator--claude-_RUN-260731-257350.log
A  .task-board/.resources/STORY-260720-35dck7/STORY-260720-35dck7_spawn-log_-analyst--orchestrator--claude-_RUN-260731-25a2f8.log
A  .task-board/.resources/STORY-260720-35dck7/STORY-260720-35dck7_spawn-log_-analyst--orchestrator--claude-_RUN-260731-264ec4.log
A  .task-board/.resources/STORY-260720-35dck7/STORY-260720-35dck7_spawn-log_-analyst--orchestrator--claude-_RUN-260731-265940.log
A  .task-board/.resources/STORY-260720-35dck7/STORY-260720-35dck7_spawn-log_-analyst--orchestrator--claude-_RUN-260731-279f23.log
A  .task-board/.resources/STORY-260720-35dck7/STORY-260720-35dck7_spawn-log_-analyst--orchestrator--claude-_RUN-260731-27a434.log
A  .task-board/.resources/STORY-260720-35dck7/STORY-260720-35dck7_spawn-log_-analyst--orchestrator--claude-_RUN-260731-27d7d8.log
A  .task-board/.resources/STORY-260720-35dck7/STORY-260720-35dck7_spawn-log_-analyst--orchestrator--claude-_RUN-260731-2815e0.log
A  .task-board/.resources/STORY-260720-35dck7/STORY-260720-35dck7_spawn-log_-analyst--orchestrator--claude-_RUN-260731-28d463.log
A  .task-board/.resources/STORY-260720-35dck7/STORY-260720-35dck7_spawn-log_-analyst--orchestrator--claude-_RUN-260731-28df3a.log
A  .task-board/.resources/STORY-260720-35dck7/STORY-260720-35dck7_spawn-log_-analyst--orchestrator--claude-_RUN-260731-299b9e.log
A  .task-board/.resources/STORY-260720-35dck7/STORY-260720-35dck7_spawn-log_-analyst--orchestrator--claude-_RUN-260731-2a2373.log
A  .task-board/.resources/STORY-260720-35dck7/STORY-260720-35dck7_spawn-log_-analyst--orchestrator--claude-_RUN-260731-2a7f78.log
A  .task-board/.resources/STORY-260720-35dck7/STORY-260720-35dck7_spawn-log_-analyst--orchestrator--claude-_RUN-260731-2aece4.log
A  .task-board/.resources/STORY-260720-35dck7/STORY-260720-35dck7_spawn-log_-analyst--orchestrator--claude-_RUN-260731-2bf7db.log
A  .task-board/.resources/STORY-260720-35dck7/STORY-260720-35dck7_spawn-log_-analyst--orchestrator--claude-_RUN-260731-2c7b85.log
A  .task-board/.resources/STORY-260720-35dck7/STORY-260720-35dck7_spawn-log_-analyst--orchestrator--claude-_RUN-260731-2d1e32.log
A  .task-board/.resources/STORY-260720-35dck7/STORY-260720-35dck7_spawn-log_-analyst--orchestrator--claude-_RUN-260731-2d6e99.log
A  .task-board/.resources/STORY-260720-35dck7/STORY-260720-35dck7_spawn-log_-analyst--orchestrator--claude-_RUN-260731-2d9294.log
A  .task-board/.resources/STORY-260720-35dck7/STORY-260720-35dck7_spawn-log_-analyst--orchestrator--claude-_RUN-260731-2df35e.log
A  .task-board/.resources/STORY-260720-35dck7/STORY-260720-35dck7_spawn-log_-analyst--orchestrator--claude-_RUN-260731-2e961b.log
A  .task-board/.resources/STORY-260720-35dck7/STORY-260720-35dck7_spawn-log_-analyst--orchestrator--claude-_RUN-260731-2fd4e6.log
A  .task-board/.resources/STORY-260720-35dck7/STORY-260720-35dck7_spawn-log_-analyst--orchestrator--claude-_RUN-260731-2fdb9f.log
A  .task-board/.resources/STORY-260720-35dck7/STORY-260720-35dck7_spawn-log_-analyst--orchestrator--claude-_RUN-260731-30c7f4.log
A  .task-board/.resources/STORY-260720-35dck7/STORY-260720-35dck7_spawn-log_-analyst--orchestrator--claude-_RUN-260731-30dd43.log
A  .task-board/.resources/STORY-260720-35dck7/STORY-260720-35dck7_spawn-log_-analyst--orchestrator--claude-_RUN-260731-31af48.log
A  .task-board/.resources/STORY-260720-35dck7/STORY-260720-35dck7_spawn-log_-analyst--orchestrator--claude-_RUN-260731-324da8.log
A  .task-board/.resources/STORY-260720-35dck7/STORY-260720-35dck7_spawn-log_-analyst--orchestrator--claude-_RUN-260731-325cc6.log
A  .task-board/.resources/STORY-260720-35dck7/STORY-260720-35dck7_spawn-log_-analyst--orchestrator--claude-_RUN-260731-32644b.log
A  .task-board/.resources/STORY-260720-35dck7/STORY-260720-35dck7_spawn-log_-analyst--orchestrator--claude-_RUN-260731-32fb05.log
A  .task-board/.resources/STORY-260720-35dck7/STORY-260720-35dck7_spawn-log_-analyst--orchestrator--claude-_RUN-260731-330289.log
A  .task-board/.resources/STORY-260720-35dck7/STORY-260720-35dck7_spawn-log_-analyst--orchestrator--claude-_RUN-260731-3349b6.log
A  .task-board/.resources/STORY-260720-35dck7/STORY-260720-35dck7_spawn-log_-analyst--orchestrator--claude-_RUN-260731-335490.log
A  .task-board/.resources/STORY-260720-35dck7/STORY-260720-35dck7_spawn-log_-analyst--orchestrator--claude-_RUN-260731-3374e1.log
A  .task-board/.resources/STORY-260720-35dck7/STORY-260720-35dck7_spawn-log_-analyst--orchestrator--claude-_RUN-260731-342561.log
A  .task-board/.resources/STORY-260720-35dck7/STORY-260720-35dck7_spawn-log_-analyst--orchestrator--claude-_RUN-260731-342cd3.log
A  .task-board/.resources/STORY-260720-35dck7/STORY-260720-35dck7_spawn-log_-analyst--orchestrator--claude-_RUN-260731-3440e6.log
A  .task-board/.resources/STORY-260720-35dck7/STORY-260720-35dck7_spawn-log_-analyst--orchestrator--claude-_RUN-260731-344220.log
A  .task-board/.resources/STORY-260720-35dck7/STORY-260720-35dck7_spawn-log_-analyst--orchestrator--claude-_RUN-260731-349a35.log
A  .task-board/.resources/STORY-260720-35dck7/STORY-260720-35dck7_spawn-log_-analyst--orchestrator--claude-_RUN-260731-34ddc6.log
A  .task-board/.resources/STORY-260720-35dck7/STORY-260720-35dck7_spawn-log_-analyst--orchestrator--claude-_RUN-260731-34effb.log
A  .task-board/.resources/STORY-260720-35dck7/STORY-260720-35dck7_spawn-log_-analyst--orchestrator--claude-_RUN-260731-35c9de.log
A  .task-board/.resources/STORY-260720-35dck7/STORY-260720-35dck7_spawn-log_-analyst--orchestrator--claude-_RUN-260731-36a0ed.log
A  .task-board/.resources/STORY-260720-35dck7/STORY-260720-35dck7_spawn-log_-analyst--orchestrator--claude-_RUN-260731-3742dd.log
A  .task-board/.resources/STORY-260720-35dck7/STORY-260720-35dck7_spawn-log_-analyst--orchestrator--claude-_RUN-260731-379aad.log
A  .task-board/.resources/STORY-260720-35dck7/STORY-260720-35dck7_spawn-log_-analyst--orchestrator--claude-_RUN-260731-386306.log
A  .task-board/.resources/STORY-260720-35dck7/STORY-260720-35dck7_spawn-log_-analyst--orchestrator--claude-_RUN-260731-389edc.log
A  .task-board/.resources/STORY-260720-35dck7/STORY-260720-35dck7_spawn-log_-analyst--orchestrator--claude-_RUN-260731-390420.log
A  .task-board/.resources/STORY-260720-35dck7/STORY-260720-35dck7_spawn-log_-analyst--orchestrator--claude-_RUN-260731-39d22d.log
A  .task-board/.resources/STORY-260720-35dck7/STORY-260720-35dck7_spawn-log_-analyst--orchestrator--claude-_RUN-260731-3a1340.log
A  .task-board/.resources/STORY-260720-35dck7/STORY-260720-35dck7_spawn-log_-analyst--orchestrator--claude-_RUN-260731-3a7130.log
A  .task-board/.resources/STORY-260720-35dck7/STORY-260720-35dck7_spawn-log_-analyst--orchestrator--claude-_RUN-260731-3b1187.log
A  .task-board/.resources/STORY-260720-35dck7/STORY-260720-35dck7_spawn-log_-analyst--orchestrator--claude-_RUN-260731-3b2243.log
A  .task-board/.resources/STORY-260720-35dck7/STORY-260720-35dck7_spawn-log_-analyst--orchestrator--claude-_RUN-260731-3ba0cd.log
A  .task-board/.resources/STORY-260720-35dck7/STORY-260720-35dck7_spawn-log_-analyst--orchestrator--claude-_RUN-260731-3badad.log
A  .task-board/.resources/STORY-260720-35dck7/STORY-260720-35dck7_spawn-log_-analyst--orchestrator--claude-_RUN-260731-3bd723.log
A  .task-board/.resources/STORY-260720-35dck7/STORY-260720-35dck7_spawn-log_-analyst--orchestrator--claude-_RUN-260731-3cf9d4.log
A  .task-board/.resources/STORY-260720-35dck7/STORY-260720-35dck7_spawn-log_-analyst--orchestrator--claude-_RUN-260731-3d1776.log
A  .task-board/.resources/STORY-260720-35dck7/STORY-260720-35dck7_spawn-log_-analyst--orchestrator--claude-_RUN-260731-3d6f61.log
A  .task-board/.resources/STORY-260720-35dck7/STORY-260720-35dck7_spawn-log_-analyst--orchestrator--claude-_RUN-260731-3decd4.log
A  .task-board/.resources/STORY-260720-35dck7/STORY-260720-35dck7_spawn-log_-analyst--orchestrator--claude-_RUN-260731-3e3071.log
A  .task-board/.resources/STORY-260720-35dck7/STORY-260720-35dck7_spawn-log_-analyst--orchestrator--claude-_RUN-260731-3e517b.log
A  .task-board/.resources/STORY-260720-35dck7/STORY-260720-35dck7_spawn-log_-analyst--orchestrator--claude-_RUN-260731-4069dc.log
A  .task-board/.resources/STORY-260720-35dck7/STORY-260720-35dck7_spawn-log_-analyst--orchestrator--claude-_RUN-260731-4117fd.log
A  .task-board/.resources/STORY-260720-35dck7/STORY-260720-35dck7_spawn-log_-analyst--orchestrator--claude-_RUN-260731-4156fc.log
A  .task-board/.resources/STORY-260720-35dck7/STORY-260720-35dck7_spawn-log_-analyst--orchestrator--claude-_RUN-260731-419746.log
A  .task-board/.resources/STORY-260720-35dck7/STORY-260720-35dck7_spawn-log_-analyst--orchestrator--claude-_RUN-260731-4226c9.log
A  .task-board/.resources/STORY-260720-35dck7/STORY-260720-35dck7_spawn-log_-analyst--orchestrator--claude-_RUN-260731-42548d.log
A  .task-board/.resources/STORY-260720-35dck7/STORY-260720-35dck7_spawn-log_-analyst--orchestrator--claude-_RUN-260731-427a06.log
A  .task-board/.resources/STORY-260720-35dck7/STORY-260720-35dck7_spawn-log_-analyst--orchestrator--claude-_RUN-260731-429165.log
A  .task-board/.resources/STORY-260720-35dck7/STORY-260720-35dck7_spawn-log_-analyst--orchestrator--claude-_RUN-260731-430907.log
A  .task-board/.resources/STORY-260720-35dck7/STORY-260720-35dck7_spawn-log_-analyst--orchestrator--claude-_RUN-260731-431da9.log
A  .task-board/.resources/STORY-260720-35dck7/STORY-260720-35dck7_spawn-log_-analyst--orchestrator--claude-_RUN-260731-432a25.log
A  .task-board/.resources/STORY-260720-35dck7/STORY-260720-35dck7_spawn-log_-analyst--orchestrator--claude-_RUN-260731-435363.log
A  .task-board/.resources/STORY-260720-35dck7/STORY-260720-35dck7_spawn-log_-analyst--orchestrator--claude-_RUN-260731-43edfe.log
A  .task-board/.resources/STORY-260720-35dck7/STORY-260720-35dck7_spawn-log_-analyst--orchestrator--claude-_RUN-260731-447ed1.log
A  .task-board/.resources/STORY-260720-35dck7/STORY-260720-35dck7_spawn-log_-analyst--orchestrator--claude-_RUN-260731-44f8e2.log
A  .task-board/.resources/STORY-260720-35dck7/STORY-260720-35dck7_spawn-log_-analyst--orchestrator--claude-_RUN-260731-4530e4.log
A  .task-board/.resources/STORY-260720-35dck7/STORY-260720-35dck7_spawn-log_-analyst--orchestrator--claude-_RUN-260731-45e3bf.log
A  .task-board/.resources/STORY-260720-35dck7/STORY-260720-35dck7_spawn-log_-analyst--orchestrator--claude-_RUN-260731-4680ce.log
A  .task-board/.resources/STORY-260720-35dck7/STORY-260720-35dck7_spawn-log_-analyst--orchestrator--claude-_RUN-260731-47245e.log
A  .task-board/.resources/STORY-260720-35dck7/STORY-260720-35dck7_spawn-log_-analyst--orchestrator--claude-_RUN-260731-4766a2.log
A  .task-board/.resources/STORY-260720-35dck7/STORY-260720-35dck7_spawn-log_-analyst--orchestrator--claude-_RUN-260731-47eed8.log
A  .task-board/.resources/STORY-260720-35dck7/STORY-260720-35dck7_spawn-log_-analyst--orchestrator--claude-_RUN-260731-47ffdb.log
A  .task-board/.resources/STORY-260720-35dck7/STORY-260720-35dck7_spawn-log_-analyst--orchestrator--claude-_RUN-260731-48d4d8.log
A  .task-board/.resources/STORY-260720-35dck7/STORY-260720-35dck7_spawn-log_-analyst--orchestrator--claude-_RUN-260731-49b660.log
A  .task-board/.resources/STORY-260720-35dck7/STORY-260720-35dck7_spawn-log_-analyst--orchestrator--claude-_RUN-260731-49e943.log
A  .task-board/.resources/STORY-260720-35dck7/STORY-260720-35dck7_spawn-log_-analyst--orchestrator--claude-_RUN-260731-4a2676.log
A  .task-board/.resources/STORY-260720-35dck7/STORY-260720-35dck7_spawn-log_-analyst--orchestrator--claude-_RUN-260731-4acafd.log
A  .task-board/.resources/STORY-260720-35dck7/STORY-260720-35dck7_spawn-log_-analyst--orchestrator--claude-_RUN-260731-4ae7aa.log
A  .task-board/.resources/STORY-260720-35dck7/STORY-260720-35dck7_spawn-log_-analyst--orchestrator--claude-_RUN-260731-4be2ec.log
A  .task-board/.resources/STORY-260720-35dck7/STORY-260720-35dck7_spawn-log_-analyst--orchestrator--claude-_RUN-260731-4d41cf.log
A  .task-board/.resources/STORY-260720-35dck7/STORY-260720-35dck7_spawn-log_-analyst--orchestrator--claude-_RUN-260731-4d5c51.log
A  .task-board/.resources/STORY-260720-35dck7/STORY-260720-35dck7_spawn-log_-analyst--orchestrator--claude-_RUN-260731-4d87e3.log
A  .task-board/.resources/STORY-260720-35dck7/STORY-260720-35dck7_spawn-log_-analyst--orchestrator--claude-_RUN-260731-4d8b17.log
A  .task-board/.resources/STORY-260720-35dck7/STORY-260720-35dck7_spawn-log_-analyst--orchestrator--claude-_RUN-260731-4db620.log
A  .task-board/.resources/STORY-260720-35dck7/STORY-260720-35dck7_spawn-log_-analyst--orchestrator--claude-_RUN-260731-4dedc3.log
A  .task-board/.resources/STORY-260720-35dck7/STORY-260720-35dck7_spawn-log_-analyst--orchestrator--claude-_RUN-260731-4e3d0c.log
A  .task-board/.resources/STORY-260720-35dck7/STORY-260720-35dck7_spawn-log_-analyst--orchestrator--claude-_RUN-260731-4ea49b.log
A  .task-board/.resources/STORY-260720-35dck7/STORY-260720-35dck7_spawn-log_-analyst--orchestrator--claude-_RUN-260731-4f6303.log
A  .task-board/.resources/STORY-260720-35dck7/STORY-260720-35dck7_spawn-log_-analyst--orchestrator--claude-_RUN-260731-4f8cb2.log
A  .task-board/.resources/STORY-260720-35dck7/STORY-260720-35dck7_spawn-log_-analyst--orchestrator--claude-_RUN-260731-502165.log
A  .task-board/.resources/STORY-260720-35dck7/STORY-260720-35dck7_spawn-log_-analyst--orchestrator--claude-_RUN-260731-50aa49.log
A  .task-board/.resources/STORY-260720-35dck7/STORY-260720-35dck7_spawn-log_-analyst--orchestrator--claude-_RUN-260731-50e6e9.log
A  .task-board/.resources/STORY-260720-35dck7/STORY-260720-35dck7_spawn-log_-analyst--orchestrator--claude-_RUN-260731-521db1.log
A  .task-board/.resources/STORY-260720-35dck7/STORY-260720-35dck7_spawn-log_-analyst--orchestrator--claude-_RUN-260731-5277bf.log
A  .task-board/.resources/STORY-260720-35dck7/STORY-260720-35dck7_spawn-log_-analyst--orchestrator--claude-_RUN-260731-52911a.log
A  .task-board/.resources/STORY-260720-35dck7/STORY-260720-35dck7_spawn-log_-analyst--orchestrator--claude-_RUN-260731-53904b.log
A  .task-board/.resources/STORY-260720-35dck7/STORY-260720-35dck7_spawn-log_-analyst--orchestrator--claude-_RUN-260731-53bca5.log
A  .task-board/.resources/STORY-260720-35dck7/STORY-260720-35dck7_spawn-log_-analyst--orchestrator--claude-_RUN-260731-55182c.log
A  .task-board/.resources/STORY-260720-35dck7/STORY-260720-35dck7_spawn-log_-analyst--orchestrator--claude-_RUN-260731-556cf6.log
A  .task-board/.resources/STORY-260720-35dck7/STORY-260720-35dck7_spawn-log_-analyst--orchestrator--claude-_RUN-260731-573631.log
A  .task-board/.resources/STORY-260720-35dck7/STORY-260720-35dck7_spawn-log_-analyst--orchestrator--claude-_RUN-260731-57f50e.log
A  .task-board/.resources/STORY-260720-35dck7/STORY-260720-35dck7_spawn-log_-analyst--orchestrator--claude-_RUN-260731-581fb0.log
A  .task-board/.resources/STORY-260720-35dck7/STORY-260720-35dck7_spawn-log_-analyst--orchestrator--claude-_RUN-260731-592818.log
A  .task-board/.resources/STORY-260720-35dck7/STORY-260720-35dck7_spawn-log_-analyst--orchestrator--claude-_RUN-260731-595f73.log
A  .task-board/.resources/STORY-260720-35dck7/STORY-260720-35dck7_spawn-log_-analyst--orchestrator--claude-_RUN-260731-59ca8e.log
A  .task-board/.resources/STORY-260720-35dck7/STORY-260720-35dck7_spawn-log_-analyst--orchestrator--claude-_RUN-260731-59d292.log
A  .task-board/.resources/STORY-260720-35dck7/STORY-260720-35dck7_spawn-log_-analyst--orchestrator--claude-_RUN-260731-59d5d1.log
A  .task-board/.resources/STORY-260720-35dck7/STORY-260720-35dck7_spawn-log_-analyst--orchestrator--claude-_RUN-260731-5a6c9e.log
A  .task-board/.resources/STORY-260720-35dck7/STORY-260720-35dck7_spawn-log_-analyst--orchestrator--claude-_RUN-260731-5a834a.log
A  .task-board/.resources/STORY-260720-35dck7/STORY-260720-35dck7_spawn-log_-analyst--orchestrator--claude-_RUN-260731-5af6df.log
A  .task-board/.resources/STORY-260720-35dck7/STORY-260720-35dck7_spawn-log_-analyst--orchestrator--claude-_RUN-260731-5b3541.log
A  .task-board/.resources/STORY-260720-35dck7/STORY-260720-35dck7_spawn-log_-analyst--orchestrator--claude-_RUN-260731-5b699e.log
A  .task-board/.resources/STORY-260720-35dck7/STORY-260720-35dck7_spawn-log_-analyst--orchestrator--claude-_RUN-260731-5b9edd.log
A  .task-board/.resources/STORY-260720-35dck7/STORY-260720-35dck7_spawn-log_-analyst--orchestrator--claude-_RUN-260731-5bf555.log
A  .task-board/.resources/STORY-260720-35dck7/STORY-260720-35dck7_spawn-log_-analyst--orchestrator--claude-_RUN-260731-5c7e3b.log
A  .task-board/.resources/STORY-260720-35dck7/STORY-260720-35dck7_spawn-log_-analyst--orchestrator--claude-_RUN-260731-5cd82b.log
A  .task-board/.resources/STORY-260720-35dck7/STORY-260720-35dck7_spawn-log_-analyst--orchestrator--claude-_RUN-260731-5d634f.log
A  .task-board/.resources/STORY-260720-35dck7/STORY-260720-35dck7_spawn-log_-analyst--orchestrator--claude-_RUN-260731-5d7b06.log
A  .task-board/.resources/STORY-260720-35dck7/STORY-260720-35dck7_spawn-log_-analyst--orchestrator--claude-_RUN-260731-5e35d7.log
A  .task-board/.resources/STORY-260720-35dck7/STORY-260720-35dck7_spawn-log_-analyst--orchestrator--claude-_RUN-260731-5f285d.log
A  .task-board/.resources/STORY-260720-35dck7/STORY-260720-35dck7_spawn-log_-analyst--orchestrator--claude-_RUN-260731-5f4d34.log
A  .task-board/.resources/STORY-260720-35dck7/STORY-260720-35dck7_spawn-log_-analyst--orchestrator--claude-_RUN-260731-5f9fc4.log
A  .task-board/.resources/STORY-260720-35dck7/STORY-260720-35dck7_spawn-log_-analyst--orchestrator--claude-_RUN-260731-5fafb7.log
A  .task-board/.resources/STORY-260720-35dck7/STORY-260720-35dck7_spawn-log_-analyst--orchestrator--claude-_RUN-260731-5fccfc.log
A  .task-board/.resources/STORY-260720-35dck7/STORY-260720-35dck7_spawn-log_-analyst--orchestrator--claude-_RUN-260731-602967.log
A  .task-board/.resources/STORY-260720-35dck7/STORY-260720-35dck7_spawn-log_-analyst--orchestrator--claude-_RUN-260731-6035bb.log
A  .task-board/.resources/STORY-260720-35dck7/STORY-260720-35dck7_spawn-log_-analyst--orchestrator--claude-_RUN-260731-6120dc.log
A  .task-board/.resources/STORY-260720-35dck7/STORY-260720-35dck7_spawn-log_-analyst--orchestrator--claude-_RUN-260731-612cb2.log
A  .task-board/.resources/STORY-260720-35dck7/STORY-260720-35dck7_spawn-log_-analyst--orchestrator--claude-_RUN-260731-62c03b.log
A  .task-board/.resources/STORY-260720-35dck7/STORY-260720-35dck7_spawn-log_-analyst--orchestrator--claude-_RUN-260731-62c15c.log
A  .task-board/.resources/STORY-260720-35dck7/STORY-260720-35dck7_spawn-log_-analyst--orchestrator--claude-_RUN-260731-62c8af.log
A  .task-board/.resources/STORY-260720-35dck7/STORY-260720-35dck7_spawn-log_-analyst--orchestrator--claude-_RUN-260731-62f672.log
A  .task-board/.resources/STORY-260720-35dck7/STORY-260720-35dck7_spawn-log_-analyst--orchestrator--claude-_RUN-260731-63563b.log
A  .task-board/.resources/STORY-260720-35dck7/STORY-260720-35dck7_spawn-log_-analyst--orchestrator--claude-_RUN-260731-63570d.log
A  .task-board/.resources/STORY-260720-35dck7/STORY-260720-35dck7_spawn-log_-analyst--orchestrator--claude-_RUN-260731-63d4e2.log
A  .task-board/.resources/STORY-260720-35dck7/STORY-260720-35dck7_spawn-log_-analyst--orchestrator--claude-_RUN-260731-63e21e.log
A  .task-board/.resources/STORY-260720-35dck7/STORY-260720-35dck7_spawn-log_-analyst--orchestrator--claude-_RUN-260731-63f980.log
A  .task-board/.resources/STORY-260720-35dck7/STORY-260720-35dck7_spawn-log_-analyst--orchestrator--claude-_RUN-260731-640b8b.log
A  .task-board/.resources/STORY-260720-35dck7/STORY-260720-35dck7_spawn-log_-analyst--orchestrator--claude-_RUN-260731-646510.log
A  .task-board/.resources/STORY-260720-35dck7/STORY-260720-35dck7_spawn-log_-analyst--orchestrator--claude-_RUN-260731-648560.log
A  .task-board/.resources/STORY-260720-35dck7/STORY-260720-35dck7_spawn-log_-analyst--orchestrator--claude-_RUN-260731-6497bc.log
A  .task-board/.resources/STORY-260720-35dck7/STORY-260720-35dck7_spawn-log_-analyst--orchestrator--claude-_RUN-260731-64d205.log
A  .task-board/.resources/STORY-260720-35dck7/STORY-260720-35dck7_spawn-log_-analyst--orchestrator--claude-_RUN-260731-64eeca.log
A  .task-board/.resources/STORY-260720-35dck7/STORY-260720-35dck7_spawn-log_-analyst--orchestrator--claude-_RUN-260731-6502ed.log
A  .task-board/.resources/STORY-260720-35dck7/STORY-260720-35dck7_spawn-log_-analyst--orchestrator--claude-_RUN-260731-6527c1.log
A  .task-board/.resources/STORY-260720-35dck7/STORY-260720-35dck7_spawn-log_-analyst--orchestrator--claude-_RUN-260731-6610b8.log
A  .task-board/.resources/STORY-260720-35dck7/STORY-260720-35dck7_spawn-log_-analyst--orchestrator--claude-_RUN-260731-66ffc3.log
A  .task-board/.resources/STORY-260720-35dck7/STORY-260720-35dck7_spawn-log_-analyst--orchestrator--claude-_RUN-260731-674547.log
A  .task-board/.resources/STORY-260720-35dck7/STORY-260720-35dck7_spawn-log_-analyst--orchestrator--claude-_RUN-260731-67abff.log
A  .task-board/.resources/STORY-260720-35dck7/STORY-260720-35dck7_spawn-log_-analyst--orchestrator--claude-_RUN-260731-6809b0.log
A  .task-board/.resources/STORY-260720-35dck7/STORY-260720-35dck7_spawn-log_-analyst--orchestrator--claude-_RUN-260731-681504.log
A  .task-board/.resources/STORY-260720-35dck7/STORY-260720-35dck7_spawn-log_-analyst--orchestrator--claude-_RUN-260731-69381d.log
A  .task-board/.resources/STORY-260720-35dck7/STORY-260720-35dck7_spawn-log_-analyst--orchestrator--claude-_RUN-260731-698726.log
A  .task-board/.resources/STORY-260720-35dck7/STORY-260720-35dck7_spawn-log_-analyst--orchestrator--claude-_RUN-260731-6a9556.log
A  .task-board/.resources/STORY-260720-35dck7/STORY-260720-35dck7_spawn-log_-analyst--orchestrator--claude-_RUN-260731-6b176a.log
A  .task-board/.resources/STORY-260720-35dck7/STORY-260720-35dck7_spawn-log_-analyst--orchestrator--claude-_RUN-260731-6b6d59.log
A  .task-board/.resources/STORY-260720-35dck7/STORY-260720-35dck7_spawn-log_-analyst--orchestrator--claude-_RUN-260731-6ba3e9.log
A  .task-board/.resources/STORY-260720-35dck7/STORY-260720-35dck7_spawn-log_-analyst--orchestrator--claude-_RUN-260731-6c2f85.log
A  .task-board/.resources/STORY-260720-35dck7/STORY-260720-35dck7_spawn-log_-analyst--orchestrator--claude-_RUN-260731-6d0d33.log
A  .task-board/.resources/STORY-260720-35dck7/STORY-260720-35dck7_spawn-log_-analyst--orchestrator--claude-_RUN-260731-6d4ab2.log
A  .task-board/.resources/STORY-260720-35dck7/STORY-260720-35dck7_spawn-log_-analyst--orchestrator--claude-_RUN-260731-6e43cc.log
A  .task-board/.resources/STORY-260720-35dck7/STORY-260720-35dck7_spawn-log_-analyst--orchestrator--claude-_RUN-260731-6e8086.log
A  .task-board/.resources/STORY-260720-35dck7/STORY-260720-35dck7_spawn-log_-analyst--orchestrator--claude-_RUN-260731-701c0f.log
A  .task-board/.resources/STORY-260720-35dck7/STORY-260720-35dck7_spawn-log_-analyst--orchestrator--claude-_RUN-260731-709c60.log
A  .task-board/.resources/STORY-260720-35dck7/STORY-260720-35dck7_spawn-log_-analyst--orchestrator--claude-_RUN-260731-70c8c0.log
A  .task-board/.resources/STORY-260720-35dck7/STORY-260720-35dck7_spawn-log_-analyst--orchestrator--claude-_RUN-260731-70eae8.log
A  .task-board/.resources/STORY-260720-35dck7/STORY-260720-35dck7_spawn-log_-analyst--orchestrator--claude-_RUN-260731-7155bd.log
A  .task-board/.resources/STORY-260720-35dck7/STORY-260720-35dck7_spawn-log_-analyst--orchestrator--claude-_RUN-260731-7156b1.log
A  .task-board/.resources/STORY-260720-35dck7/STORY-260720-35dck7_spawn-log_-analyst--orchestrator--claude-_RUN-260731-719384.log
A  .task-board/.resources/STORY-260720-35dck7/STORY-260720-35dck7_spawn-log_-analyst--orchestrator--claude-_RUN-260731-726440.log
A  .task-board/.resources/STORY-260720-35dck7/STORY-260720-35dck7_spawn-log_-analyst--orchestrator--claude-_RUN-260731-72ea89.log
A  .task-board/.resources/STORY-260720-35dck7/STORY-260720-35dck7_spawn-log_-analyst--orchestrator--claude-_RUN-260731-72ec1d.log
A  .task-board/.resources/STORY-260720-35dck7/STORY-260720-35dck7_spawn-log_-analyst--orchestrator--claude-_RUN-260731-732b40.log
A  .task-board/.resources/STORY-260720-35dck7/STORY-260720-35dck7_spawn-log_-analyst--orchestrator--claude-_RUN-260731-735b03.log
A  .task-board/.resources/STORY-260720-35dck7/STORY-260720-35dck7_spawn-log_-analyst--orchestrator--claude-_RUN-260731-7374b1.log
A  .task-board/.resources/STORY-260720-35dck7/STORY-260720-35dck7_spawn-log_-analyst--orchestrator--claude-_RUN-260731-738fbf.log
A  .task-board/.resources/STORY-260720-35dck7/STORY-260720-35dck7_spawn-log_-analyst--orchestrator--claude-_RUN-260731-74b2b2.log
A  .task-board/.resources/STORY-260720-35dck7/STORY-260720-35dck7_spawn-log_-analyst--orchestrator--claude-_RUN-260731-74d5b2.log
A  .task-board/.resources/STORY-260720-35dck7/STORY-260720-35dck7_spawn-log_-analyst--orchestrator--claude-_RUN-260731-752dea.log
A  .task-board/.resources/STORY-260720-35dck7/STORY-260720-35dck7_spawn-log_-analyst--orchestrator--claude-_RUN-260731-7563d8.log
A  .task-board/.resources/STORY-260720-35dck7/STORY-260720-35dck7_spawn-log_-analyst--orchestrator--claude-_RUN-260731-761ed8.log
A  .task-board/.resources/STORY-260720-35dck7/STORY-260720-35dck7_spawn-log_-analyst--orchestrator--claude-_RUN-260731-762fb8.log
A  .task-board/.resources/STORY-260720-35dck7/STORY-260720-35dck7_spawn-log_-analyst--orchestrator--claude-_RUN-260731-76bf5b.log
A  .task-board/.resources/STORY-260720-35dck7/STORY-260720-35dck7_spawn-log_-analyst--orchestrator--claude-_RUN-260731-7792b6.log
A  .task-board/.resources/STORY-260720-35dck7/STORY-260720-35dck7_spawn-log_-analyst--orchestrator--claude-_RUN-260731-780999.log
A  .task-board/.resources/STORY-260720-35dck7/STORY-260720-35dck7_spawn-log_-analyst--orchestrator--claude-_RUN-260731-785db6.log
A  .task-board/.resources/STORY-260720-35dck7/STORY-260720-35dck7_spawn-log_-analyst--orchestrator--claude-_RUN-260731-78a6fa.log
A  .task-board/.resources/STORY-260720-35dck7/STORY-260720-35dck7_spawn-log_-analyst--orchestrator--claude-_RUN-260731-791442.log
A  .task-board/.resources/STORY-260720-35dck7/STORY-260720-35dck7_spawn-log_-analyst--orchestrator--claude-_RUN-260731-79301d.log
A  .task-board/.resources/STORY-260720-35dck7/STORY-260720-35dck7_spawn-log_-analyst--orchestrator--claude-_RUN-260731-795f65.log
A  .task-board/.resources/STORY-260720-35dck7/STORY-260720-35dck7_spawn-log_-analyst--orchestrator--claude-_RUN-260731-7963df.log
A  .task-board/.resources/STORY-260720-35dck7/STORY-260720-35dck7_spawn-log_-analyst--orchestrator--claude-_RUN-260731-79bc28.log
A  .task-board/.resources/STORY-260720-35dck7/STORY-260720-35dck7_spawn-log_-analyst--orchestrator--claude-_RUN-260731-7a5170.log
A  .task-board/.resources/STORY-260720-35dck7/STORY-260720-35dck7_spawn-log_-analyst--orchestrator--claude-_RUN-260731-7a9a08.log
A  .task-board/.resources/STORY-260720-35dck7/STORY-260720-35dck7_spawn-log_-analyst--orchestrator--claude-_RUN-260731-7b01dc.log
A  .task-board/.resources/STORY-260720-35dck7/STORY-260720-35dck7_spawn-log_-analyst--orchestrator--claude-_RUN-260731-7b970b.log
A  .task-board/.resources/STORY-260720-35dck7/STORY-260720-35dck7_spawn-log_-analyst--orchestrator--claude-_RUN-260731-7bde49.log
A  .task-board/.resources/STORY-260720-35dck7/STORY-260720-35dck7_spawn-log_-analyst--orchestrator--claude-_RUN-260731-7be74a.log
A  .task-board/.resources/STORY-260720-35dck7/STORY-260720-35dck7_spawn-log_-analyst--orchestrator--claude-_RUN-260731-7c2e70.log
A  .task-board/.resources/STORY-260720-35dck7/STORY-260720-35dck7_spawn-log_-analyst--orchestrator--claude-_RUN-260731-7c6c01.log
A  .task-board/.resources/STORY-260720-35dck7/STORY-260720-35dck7_spawn-log_-analyst--orchestrator--claude-_RUN-260731-7c983a.log
A  .task-board/.resources/STORY-260720-35dck7/STORY-260720-35dck7_spawn-log_-analyst--orchestrator--claude-_RUN-260731-7c9a7a.log
A  .task-board/.resources/STORY-260720-35dck7/STORY-260720-35dck7_spawn-log_-analyst--orchestrator--claude-_RUN-260731-7cdcfe.log
A  .task-board/.resources/STORY-260720-35dck7/STORY-260720-35dck7_spawn-log_-analyst--orchestrator--claude-_RUN-260731-7ce7a7.log
A  .task-board/.resources/STORY-260720-35dck7/STORY-260720-35dck7_spawn-log_-analyst--orchestrator--claude-_RUN-260731-7d17e8.log
A  .task-board/.resources/STORY-260720-35dck7/STORY-260720-35dck7_spawn-log_-analyst--orchestrator--claude-_RUN-260731-7d9f12.log
A  .task-board/.resources/STORY-260720-35dck7/STORY-260720-35dck7_spawn-log_-analyst--orchestrator--claude-_RUN-260731-7e2a2c.log
A  .task-board/.resources/STORY-260720-35dck7/STORY-260720-35dck7_spawn-log_-analyst--orchestrator--claude-_RUN-260731-7e80f9.log
A  .task-board/.resources/STORY-260720-35dck7/STORY-260720-35dck7_spawn-log_-analyst--orchestrator--claude-_RUN-260731-7e9f95.log
A  .task-board/.resources/STORY-260720-35dck7/STORY-260720-35dck7_spawn-log_-analyst--orchestrator--claude-_RUN-260731-7eaae7.log
A  .task-board/.resources/STORY-260720-35dck7/STORY-260720-35dck7_spawn-log_-analyst--orchestrator--claude-_RUN-260731-7ecd70.log
A  .task-board/.resources/STORY-260720-35dck7/STORY-260720-35dck7_spawn-log_-analyst--orchestrator--claude-_RUN-260731-7f191d.log
A  .task-board/.resources/STORY-260720-35dck7/STORY-260720-35dck7_spawn-log_-analyst--orchestrator--claude-_RUN-260731-7f2011.log
A  .task-board/.resources/STORY-260720-35dck7/STORY-260720-35dck7_spawn-log_-analyst--orchestrator--claude-_RUN-260731-7f2505.log
A  .task-board/.resources/STORY-260720-35dck7/STORY-260720-35dck7_spawn-log_-analyst--orchestrator--claude-_RUN-260731-7fd0c7.log
A  .task-board/.resources/STORY-260720-35dck7/STORY-260720-35dck7_spawn-log_-analyst--orchestrator--claude-_RUN-260731-7ff8f9.log
A  .task-board/.resources/STORY-260720-35dck7/STORY-260720-35dck7_spawn-log_-analyst--orchestrator--claude-_RUN-260731-8044f4.log
A  .task-board/.resources/STORY-260720-35dck7/STORY-260720-35dck7_spawn-log_-analyst--orchestrator--claude-_RUN-260731-8071cf.log
A  .task-board/.resources/STORY-260720-35dck7/STORY-260720-35dck7_spawn-log_-analyst--orchestrator--claude-_RUN-260731-807fd7.log
A  .task-board/.resources/STORY-260720-35dck7/STORY-260720-35dck7_spawn-log_-analyst--orchestrator--claude-_RUN-260731-80c01a.log
A  .task-board/.resources/STORY-260720-35dck7/STORY-260720-35dck7_spawn-log_-analyst--orchestrator--claude-_RUN-260731-810d5f.log
A  .task-board/.resources/STORY-260720-35dck7/STORY-260720-35dck7_spawn-log_-analyst--orchestrator--claude-_RUN-260731-818ebd.log
A  .task-board/.resources/STORY-260720-35dck7/STORY-260720-35dck7_spawn-log_-analyst--orchestrator--claude-_RUN-260731-81908e.log
A  .task-board/.resources/STORY-260720-35dck7/STORY-260720-35dck7_spawn-log_-analyst--orchestrator--claude-_RUN-260731-81ce5b.log
A  .task-board/.resources/STORY-260720-35dck7/STORY-260720-35dck7_spawn-log_-analyst--orchestrator--claude-_RUN-260731-8200cf.log
A  .task-board/.resources/STORY-260720-35dck7/STORY-260720-35dck7_spawn-log_-analyst--orchestrator--claude-_RUN-260731-8213f2.log
A  .task-board/.resources/STORY-260720-35dck7/STORY-260720-35dck7_spawn-log_-analyst--orchestrator--claude-_RUN-260731-826018.log
A  .task-board/.resources/STORY-260720-35dck7/STORY-260720-35dck7_spawn-log_-analyst--orchestrator--claude-_RUN-260731-83242f.log
A  .task-board/.resources/STORY-260720-35dck7/STORY-260720-35dck7_spawn-log_-analyst--orchestrator--claude-_RUN-260731-833f9b.log
A  .task-board/.resources/STORY-260720-35dck7/STORY-260720-35dck7_spawn-log_-analyst--orchestrator--claude-_RUN-260731-83a765.log
A  .task-board/.resources/STORY-260720-35dck7/STORY-260720-35dck7_spawn-log_-analyst--orchestrator--claude-_RUN-260731-84523e.log
A  .task-board/.resources/STORY-260720-35dck7/STORY-260720-35dck7_spawn-log_-analyst--orchestrator--claude-_RUN-260731-8463ab.log
A  .task-board/.resources/STORY-260720-35dck7/STORY-260720-35dck7_spawn-log_-analyst--orchestrator--claude-_RUN-260731-850a70.log
A  .task-board/.resources/STORY-260720-35dck7/STORY-260720-35dck7_spawn-log_-analyst--orchestrator--claude-_RUN-260731-8536d7.log
A  .task-board/.resources/STORY-260720-35dck7/STORY-260720-35dck7_spawn-log_-analyst--orchestrator--claude-_RUN-260731-8537bd.log
A  .task-board/.resources/STORY-260720-35dck7/STORY-260720-35dck7_spawn-log_-analyst--orchestrator--claude-_RUN-260731-854426.log
A  .task-board/.resources/STORY-260720-35dck7/STORY-260720-35dck7_spawn-log_-analyst--orchestrator--claude-_RUN-260731-85469b.log
A  .task-board/.resources/STORY-260720-35dck7/STORY-260720-35dck7_spawn-log_-analyst--orchestrator--claude-_RUN-260731-85d5ca.log
A  .task-board/.resources/STORY-260720-35dck7/STORY-260720-35dck7_spawn-log_-analyst--orchestrator--claude-_RUN-260731-85f6b9.log
A  .task-board/.resources/STORY-260720-35dck7/STORY-260720-35dck7_spawn-log_-analyst--orchestrator--claude-_RUN-260731-868715.log
A  .task-board/.resources/STORY-260720-35dck7/STORY-260720-35dck7_spawn-log_-analyst--orchestrator--claude-_RUN-260731-86bb1e.log
A  .task-board/.resources/STORY-260720-35dck7/STORY-260720-35dck7_spawn-log_-analyst--orchestrator--claude-_RUN-260731-8708fa.log
A  .task-board/.resources/STORY-260720-35dck7/STORY-260720-35dck7_spawn-log_-analyst--orchestrator--claude-_RUN-260731-874800.log
A  .task-board/.resources/STORY-260720-35dck7/STORY-260720-35dck7_spawn-log_-analyst--orchestrator--claude-_RUN-260731-875ba0.log
A  .task-board/.resources/STORY-260720-35dck7/STORY-260720-35dck7_spawn-log_-analyst--orchestrator--claude-_RUN-260731-876991.log
A  .task-board/.resources/STORY-260720-35dck7/STORY-260720-35dck7_spawn-log_-analyst--orchestrator--claude-_RUN-260731-8788c4.log
A  .task-board/.resources/STORY-260720-35dck7/STORY-260720-35dck7_spawn-log_-analyst--orchestrator--claude-_RUN-260731-8855bb.log
A  .task-board/.resources/STORY-260720-35dck7/STORY-260720-35dck7_spawn-log_-analyst--orchestrator--claude-_RUN-260731-886a07.log
A  .task-board/.resources/STORY-260720-35dck7/STORY-260720-35dck7_spawn-log_-analyst--orchestrator--claude-_RUN-260731-888628.log
A  .task-board/.resources/STORY-260720-35dck7/STORY-260720-35dck7_spawn-log_-analyst--orchestrator--claude-_RUN-260731-894a9a.log
A  .task-board/.resources/STORY-260720-35dck7/STORY-260720-35dck7_spawn-log_-analyst--orchestrator--claude-_RUN-260731-899909.log
A  .task-board/.resources/STORY-260720-35dck7/STORY-260720-35dck7_spawn-log_-analyst--orchestrator--claude-_RUN-260731-89b192.log
A  .task-board/.resources/STORY-260720-35dck7/STORY-260720-35dck7_spawn-log_-analyst--orchestrator--claude-_RUN-260731-8a6d70.log
A  .task-board/.resources/STORY-260720-35dck7/STORY-260720-35dck7_spawn-log_-analyst--orchestrator--claude-_RUN-260731-8a95de.log
A  .task-board/.resources/STORY-260720-35dck7/STORY-260720-35dck7_spawn-log_-analyst--orchestrator--claude-_RUN-260731-8ac0b2.log
A  .task-board/.resources/STORY-260720-35dck7/STORY-260720-35dck7_spawn-log_-analyst--orchestrator--claude-_RUN-260731-8b5d2a.log
A  .task-board/.resources/STORY-260720-35dck7/STORY-260720-35dck7_spawn-log_-analyst--orchestrator--claude-_RUN-260731-8ba727.log
A  .task-board/.resources/STORY-260720-35dck7/STORY-260720-35dck7_spawn-log_-analyst--orchestrator--claude-_RUN-260731-8c6e9f.log
A  .task-board/.resources/STORY-260720-35dck7/STORY-260720-35dck7_spawn-log_-analyst--orchestrator--claude-_RUN-260731-8cb012.log
A  .task-board/.resources/STORY-260720-35dck7/STORY-260720-35dck7_spawn-log_-analyst--orchestrator--claude-_RUN-260731-8d5920.log
A  .task-board/.resources/STORY-260720-35dck7/STORY-260720-35dck7_spawn-log_-analyst--orchestrator--claude-_RUN-260731-8db952.log
A  .task-board/.resources/STORY-260720-35dck7/STORY-260720-35dck7_spawn-log_-analyst--orchestrator--claude-_RUN-260731-8ddce7.log
A  .task-board/.resources/STORY-260720-35dck7/STORY-260720-35dck7_spawn-log_-analyst--orchestrator--claude-_RUN-260731-8dee95.log
A  .task-board/.resources/STORY-260720-35dck7/STORY-260720-35dck7_spawn-log_-analyst--orchestrator--claude-_RUN-260731-8f9dbc.log
A  .task-board/.resources/STORY-260720-35dck7/STORY-260720-35dck7_spawn-log_-analyst--orchestrator--claude-_RUN-260731-8fbecc.log
A  .task-board/.resources/STORY-260720-35dck7/STORY-260720-35dck7_spawn-log_-analyst--orchestrator--claude-_RUN-260731-8fcf67.log
A  .task-board/.resources/STORY-260720-35dck7/STORY-260720-35dck7_spawn-log_-analyst--orchestrator--claude-_RUN-260731-8fe272.log
A  .task-board/.resources/STORY-260720-35dck7/STORY-260720-35dck7_spawn-log_-analyst--orchestrator--claude-_RUN-260731-90394c.log
A  .task-board/.resources/STORY-260720-35dck7/STORY-260720-35dck7_spawn-log_-analyst--orchestrator--claude-_RUN-260731-9182e6.log
A  .task-board/.resources/STORY-260720-35dck7/STORY-260720-35dck7_spawn-log_-analyst--orchestrator--claude-_RUN-260731-919384.log
A  .task-board/.resources/STORY-260720-35dck7/STORY-260720-35dck7_spawn-log_-analyst--orchestrator--claude-_RUN-260731-91add1.log
A  .task-board/.resources/STORY-260720-35dck7/STORY-260720-35dck7_spawn-log_-analyst--orchestrator--claude-_RUN-260731-925c51.log
A  .task-board/.resources/STORY-260720-35dck7/STORY-260720-35dck7_spawn-log_-analyst--orchestrator--claude-_RUN-260731-92e090.log
A  .task-board/.resources/STORY-260720-35dck7/STORY-260720-35dck7_spawn-log_-analyst--orchestrator--claude-_RUN-260731-932dd6.log
A  .task-board/.resources/STORY-260720-35dck7/STORY-260720-35dck7_spawn-log_-analyst--orchestrator--claude-_RUN-260731-945ea3.log
A  .task-board/.resources/STORY-260720-35dck7/STORY-260720-35dck7_spawn-log_-analyst--orchestrator--claude-_RUN-260731-94cc16.log
A  .task-board/.resources/STORY-260720-35dck7/STORY-260720-35dck7_spawn-log_-analyst--orchestrator--claude-_RUN-260731-951947.log
A  .task-board/.resources/STORY-260720-35dck7/STORY-260720-35dck7_spawn-log_-analyst--orchestrator--claude-_RUN-260731-95bdbd.log
A  .task-board/.resources/STORY-260720-35dck7/STORY-260720-35dck7_spawn-log_-analyst--orchestrator--claude-_RUN-260731-95e61c.log
A  .task-board/.resources/STORY-260720-35dck7/STORY-260720-35dck7_spawn-log_-analyst--orchestrator--claude-_RUN-260731-960fc7.log
A  .task-board/.resources/STORY-260720-35dck7/STORY-260720-35dck7_spawn-log_-analyst--orchestrator--claude-_RUN-260731-9664b0.log
A  .task-board/.resources/STORY-260720-35dck7/STORY-260720-35dck7_spawn-log_-analyst--orchestrator--claude-_RUN-260731-971f35.log
A  .task-board/.resources/STORY-260720-35dck7/STORY-260720-35dck7_spawn-log_-analyst--orchestrator--claude-_RUN-260731-97a7dc.log
A  .task-board/.resources/STORY-260720-35dck7/STORY-260720-35dck7_spawn-log_-analyst--orchestrator--claude-_RUN-260731-99fb9b.log
A  .task-board/.resources/STORY-260720-35dck7/STORY-260720-35dck7_spawn-log_-analyst--orchestrator--claude-_RUN-260731-9a3715.log
A  .task-board/.resources/STORY-260720-35dck7/STORY-260720-35dck7_spawn-log_-analyst--orchestrator--claude-_RUN-260731-9ab4b7.log
A  .task-board/.resources/STORY-260720-35dck7/STORY-260720-35dck7_spawn-log_-analyst--orchestrator--claude-_RUN-260731-9b2400.log
A  .task-board/.resources/STORY-260720-35dck7/STORY-260720-35dck7_spawn-log_-analyst--orchestrator--claude-_RUN-260731-9ccdf5.log
A  .task-board/.resources/STORY-260720-35dck7/STORY-260720-35dck7_spawn-log_-analyst--orchestrator--claude-_RUN-260731-9d2391.log
A  .task-board/.resources/STORY-260720-35dck7/STORY-260720-35dck7_spawn-log_-analyst--orchestrator--claude-_RUN-260731-9d54ad.log
A  .task-board/.resources/STORY-260720-35dck7/STORY-260720-35dck7_spawn-log_-analyst--orchestrator--claude-_RUN-260731-9d6464.log
A  .task-board/.resources/STORY-260720-35dck7/STORY-260720-35dck7_spawn-log_-analyst--orchestrator--claude-_RUN-260731-9db0f0.log
A  .task-board/.resources/STORY-260720-35dck7/STORY-260720-35dck7_spawn-log_-analyst--orchestrator--claude-_RUN-260731-9db491.log
A  .task-board/.resources/STORY-260720-35dck7/STORY-260720-35dck7_spawn-log_-analyst--orchestrator--claude-_RUN-260731-9db49d.log
A  .task-board/.resources/STORY-260720-35dck7/STORY-260720-35dck7_spawn-log_-analyst--orchestrator--claude-_RUN-260731-9e4090.log
A  .task-board/.resources/STORY-260720-35dck7/STORY-260720-35dck7_spawn-log_-analyst--orchestrator--claude-_RUN-260731-9e9207.log
A  .task-board/.resources/STORY-260720-35dck7/STORY-260720-35dck7_spawn-log_-analyst--orchestrator--claude-_RUN-260731-9ed83f.log
A  .task-board/.resources/STORY-260720-35dck7/STORY-260720-35dck7_spawn-log_-analyst--orchestrator--claude-_RUN-260731-9f0082.log
A  .task-board/.resources/STORY-260720-35dck7/STORY-260720-35dck7_spawn-log_-analyst--orchestrator--claude-_RUN-260731-9f7c01.log
A  .task-board/.resources/STORY-260720-35dck7/STORY-260720-35dck7_spawn-log_-analyst--orchestrator--claude-_RUN-260731-9fe1d0.log
A  .task-board/.resources/STORY-260720-35dck7/STORY-260720-35dck7_spawn-log_-analyst--orchestrator--claude-_RUN-260731-a0261a.log
A  .task-board/.resources/STORY-260720-35dck7/STORY-260720-35dck7_spawn-log_-analyst--orchestrator--claude-_RUN-260731-a08fa6.log
A  .task-board/.resources/STORY-260720-35dck7/STORY-260720-35dck7_spawn-log_-analyst--orchestrator--claude-_RUN-260731-a0ded6.log
A  .task-board/.resources/STORY-260720-35dck7/STORY-260720-35dck7_spawn-log_-analyst--orchestrator--claude-_RUN-260731-a17a9e.log
A  .task-board/.resources/STORY-260720-35dck7/STORY-260720-35dck7_spawn-log_-analyst--orchestrator--claude-_RUN-260731-a185f9.log
A  .task-board/.resources/STORY-260720-35dck7/STORY-260720-35dck7_spawn-log_-analyst--orchestrator--claude-_RUN-260731-a39de1.log
A  .task-board/.resources/STORY-260720-35dck7/STORY-260720-35dck7_spawn-log_-analyst--orchestrator--claude-_RUN-260731-a3ab8d.log
A  .task-board/.resources/STORY-260720-35dck7/STORY-260720-35dck7_spawn-log_-analyst--orchestrator--claude-_RUN-260731-a3c0ea.log
A  .task-board/.resources/STORY-260720-35dck7/STORY-260720-35dck7_spawn-log_-analyst--orchestrator--claude-_RUN-260731-a3e78e.log
A  .task-board/.resources/STORY-260720-35dck7/STORY-260720-35dck7_spawn-log_-analyst--orchestrator--claude-_RUN-260731-a5248e.log
A  .task-board/.resources/STORY-260720-35dck7/STORY-260720-35dck7_spawn-log_-analyst--orchestrator--claude-_RUN-260731-a5c202.log
A  .task-board/.resources/STORY-260720-35dck7/STORY-260720-35dck7_spawn-log_-analyst--orchestrator--claude-_RUN-260731-a61272.log
A  .task-board/.resources/STORY-260720-35dck7/STORY-260720-35dck7_spawn-log_-analyst--orchestrator--claude-_RUN-260731-a6564c.log
A  .task-board/.resources/STORY-260720-35dck7/STORY-260720-35dck7_spawn-log_-analyst--orchestrator--claude-_RUN-260731-a8e3a5.log
A  .task-board/.resources/STORY-260720-35dck7/STORY-260720-35dck7_spawn-log_-analyst--orchestrator--claude-_RUN-260731-a9870f.log
A  .task-board/.resources/STORY-260720-35dck7/STORY-260720-35dck7_spawn-log_-analyst--orchestrator--claude-_RUN-260731-a996a3.log
A  .task-board/.resources/STORY-260720-35dck7/STORY-260720-35dck7_spawn-log_-analyst--orchestrator--claude-_RUN-260731-aa8462.log
A  .task-board/.resources/STORY-260720-35dck7/STORY-260720-35dck7_spawn-log_-analyst--orchestrator--claude-_RUN-260731-aaf626.log
A  .task-board/.resources/STORY-260720-35dck7/STORY-260720-35dck7_spawn-log_-analyst--orchestrator--claude-_RUN-260731-ac74c1.log
A  .task-board/.resources/STORY-260720-35dck7/STORY-260720-35dck7_spawn-log_-analyst--orchestrator--claude-_RUN-260731-acdccd.log
A  .task-board/.resources/STORY-260720-35dck7/STORY-260720-35dck7_spawn-log_-analyst--orchestrator--claude-_RUN-260731-ad325c.log
A  .task-board/.resources/STORY-260720-35dck7/STORY-260720-35dck7_spawn-log_-analyst--orchestrator--claude-_RUN-260731-ad8c2f.log
A  .task-board/.resources/STORY-260720-35dck7/STORY-260720-35dck7_spawn-log_-analyst--orchestrator--claude-_RUN-260731-aeab75.log
A  .task-board/.resources/STORY-260720-35dck7/STORY-260720-35dck7_spawn-log_-analyst--orchestrator--claude-_RUN-260731-af0969.log
A  .task-board/.resources/STORY-260720-35dck7/STORY-260720-35dck7_spawn-log_-analyst--orchestrator--claude-_RUN-260731-af961f.log
A  .task-board/.resources/STORY-260720-35dck7/STORY-260720-35dck7_spawn-log_-analyst--orchestrator--claude-_RUN-260731-b0c15c.log
A  .task-board/.resources/STORY-260720-35dck7/STORY-260720-35dck7_spawn-log_-analyst--orchestrator--claude-_RUN-260731-b0d953.log
A  .task-board/.resources/STORY-260720-35dck7/STORY-260720-35dck7_spawn-log_-analyst--orchestrator--claude-_RUN-260731-b15cf8.log
A  .task-board/.resources/STORY-260720-35dck7/STORY-260720-35dck7_spawn-log_-analyst--orchestrator--claude-_RUN-260731-b18c49.log
A  .task-board/.resources/STORY-260720-35dck7/STORY-260720-35dck7_spawn-log_-analyst--orchestrator--claude-_RUN-260731-b1eaad.log
A  .task-board/.resources/STORY-260720-35dck7/STORY-260720-35dck7_spawn-log_-analyst--orchestrator--claude-_RUN-260731-b200d6.log
A  .task-board/.resources/STORY-260720-35dck7/STORY-260720-35dck7_spawn-log_-analyst--orchestrator--claude-_RUN-260731-b295e8.log
A  .task-board/.resources/STORY-260720-35dck7/STORY-260720-35dck7_spawn-log_-analyst--orchestrator--claude-_RUN-260731-b3bf04.log
A  .task-board/.resources/STORY-260720-35dck7/STORY-260720-35dck7_spawn-log_-analyst--orchestrator--claude-_RUN-260731-b41c81.log
A  .task-board/.resources/STORY-260720-35dck7/STORY-260720-35dck7_spawn-log_-analyst--orchestrator--claude-_RUN-260731-b444fd.log
A  .task-board/.resources/STORY-260720-35dck7/STORY-260720-35dck7_spawn-log_-analyst--orchestrator--claude-_RUN-260731-b504fb.log
A  .task-board/.resources/STORY-260720-35dck7/STORY-260720-35dck7_spawn-log_-analyst--orchestrator--claude-_RUN-260731-b58c91.log
A  .task-board/.resources/STORY-260720-35dck7/STORY-260720-35dck7_spawn-log_-analyst--orchestrator--claude-_RUN-260731-b5da21.log
A  .task-board/.resources/STORY-260720-35dck7/STORY-260720-35dck7_spawn-log_-analyst--orchestrator--claude-_RUN-260731-b61411.log
A  .task-board/.resources/STORY-260720-35dck7/STORY-260720-35dck7_spawn-log_-analyst--orchestrator--claude-_RUN-260731-b6271c.log
A  .task-board/.resources/STORY-260720-35dck7/STORY-260720-35dck7_spawn-log_-analyst--orchestrator--claude-_RUN-260731-b68b16.log
A  .task-board/.resources/STORY-260720-35dck7/STORY-260720-35dck7_spawn-log_-analyst--orchestrator--claude-_RUN-260731-b727d9.log
A  .task-board/.resources/STORY-260720-35dck7/STORY-260720-35dck7_spawn-log_-analyst--orchestrator--claude-_RUN-260731-b759e5.log
A  .task-board/.resources/STORY-260720-35dck7/STORY-260720-35dck7_spawn-log_-analyst--orchestrator--claude-_RUN-260731-b77906.log
A  .task-board/.resources/STORY-260720-35dck7/STORY-260720-35dck7_spawn-log_-analyst--orchestrator--claude-_RUN-260731-b7e3e5.log
A  .task-board/.resources/STORY-260720-35dck7/STORY-260720-35dck7_spawn-log_-analyst--orchestrator--claude-_RUN-260731-b8496f.log
A  .task-board/.resources/STORY-260720-35dck7/STORY-260720-35dck7_spawn-log_-analyst--orchestrator--claude-_RUN-260731-b93888.log
A  .task-board/.resources/STORY-260720-35dck7/STORY-260720-35dck7_spawn-log_-analyst--orchestrator--claude-_RUN-260731-b97067.log
A  .task-board/.resources/STORY-260720-35dck7/STORY-260720-35dck7_spawn-log_-analyst--orchestrator--claude-_RUN-260731-b9760e.log
A  .task-board/.resources/STORY-260720-35dck7/STORY-260720-35dck7_spawn-log_-analyst--orchestrator--claude-_RUN-260731-bb549b.log
A  .task-board/.resources/STORY-260720-35dck7/STORY-260720-35dck7_spawn-log_-analyst--orchestrator--claude-_RUN-260731-bb6e21.log
A  .task-board/.resources/STORY-260720-35dck7/STORY-260720-35dck7_spawn-log_-analyst--orchestrator--claude-_RUN-260731-bb7b2b.log
A  .task-board/.resources/STORY-260720-35dck7/STORY-260720-35dck7_spawn-log_-analyst--orchestrator--claude-_RUN-260731-bb7cf8.log
A  .task-board/.resources/STORY-260720-35dck7/STORY-260720-35dck7_spawn-log_-analyst--orchestrator--claude-_RUN-260731-bbe7cb.log
A  .task-board/.resources/STORY-260720-35dck7/STORY-260720-35dck7_spawn-log_-analyst--orchestrator--claude-_RUN-260731-bbe889.log
A  .task-board/.resources/STORY-260720-35dck7/STORY-260720-35dck7_spawn-log_-analyst--orchestrator--claude-_RUN-260731-bc645c.log
A  .task-board/.resources/STORY-260720-35dck7/STORY-260720-35dck7_spawn-log_-analyst--orchestrator--claude-_RUN-260731-bca68c.log
A  .task-board/.resources/STORY-260720-35dck7/STORY-260720-35dck7_spawn-log_-analyst--orchestrator--claude-_RUN-260731-bcb71b.log
A  .task-board/.resources/STORY-260720-35dck7/STORY-260720-35dck7_spawn-log_-analyst--orchestrator--claude-_RUN-260731-bd0ce3.log
A  .task-board/.resources/STORY-260720-35dck7/STORY-260720-35dck7_spawn-log_-analyst--orchestrator--claude-_RUN-260731-bdc55c.log
A  .task-board/.resources/STORY-260720-35dck7/STORY-260720-35dck7_spawn-log_-analyst--orchestrator--claude-_RUN-260731-bdfab7.log
A  .task-board/.resources/STORY-260720-35dck7/STORY-260720-35dck7_spawn-log_-analyst--orchestrator--claude-_RUN-260731-be0f64.log
A  .task-board/.resources/STORY-260720-35dck7/STORY-260720-35dck7_spawn-log_-analyst--orchestrator--claude-_RUN-260731-bea164.log
A  .task-board/.resources/STORY-260720-35dck7/STORY-260720-35dck7_spawn-log_-analyst--orchestrator--claude-_RUN-260731-bef429.log
A  .task-board/.resources/STORY-260720-35dck7/STORY-260720-35dck7_spawn-log_-analyst--orchestrator--claude-_RUN-260731-bef497.log
A  .task-board/.resources/STORY-260720-35dck7/STORY-260720-35dck7_spawn-log_-analyst--orchestrator--claude-_RUN-260731-bf36dc.log
A  .task-board/.resources/STORY-260720-35dck7/STORY-260720-35dck7_spawn-log_-analyst--orchestrator--claude-_RUN-260731-bfed35.log
A  .task-board/.resources/STORY-260720-35dck7/STORY-260720-35dck7_spawn-log_-analyst--orchestrator--claude-_RUN-260731-bff49e.log
A  .task-board/.resources/STORY-260720-35dck7/STORY-260720-35dck7_spawn-log_-analyst--orchestrator--claude-_RUN-260731-bff588.log
A  .task-board/.resources/STORY-260720-35dck7/STORY-260720-35dck7_spawn-log_-analyst--orchestrator--claude-_RUN-260731-c02916.log
A  .task-board/.resources/STORY-260720-35dck7/STORY-260720-35dck7_spawn-log_-analyst--orchestrator--claude-_RUN-260731-c035ba.log
A  .task-board/.resources/STORY-260720-35dck7/STORY-260720-35dck7_spawn-log_-analyst--orchestrator--claude-_RUN-260731-c12c3b.log
A  .task-board/.resources/STORY-260720-35dck7/STORY-260720-35dck7_spawn-log_-analyst--orchestrator--claude-_RUN-260731-c1ad57.log
A  .task-board/.resources/STORY-260720-35dck7/STORY-260720-35dck7_spawn-log_-analyst--orchestrator--claude-_RUN-260731-c1d16d.log
A  .task-board/.resources/STORY-260720-35dck7/STORY-260720-35dck7_spawn-log_-analyst--orchestrator--claude-_RUN-260731-c224ae.log
A  .task-board/.resources/STORY-260720-35dck7/STORY-260720-35dck7_spawn-log_-analyst--orchestrator--claude-_RUN-260731-c268a8.log
A  .task-board/.resources/STORY-260720-35dck7/STORY-260720-35dck7_spawn-log_-analyst--orchestrator--claude-_RUN-260731-c30791.log
A  .task-board/.resources/STORY-260720-35dck7/STORY-260720-35dck7_spawn-log_-analyst--orchestrator--claude-_RUN-260731-c351ac.log
A  .task-board/.resources/STORY-260720-35dck7/STORY-260720-35dck7_spawn-log_-analyst--orchestrator--claude-_RUN-260731-c35556.log
A  .task-board/.resources/STORY-260720-35dck7/STORY-260720-35dck7_spawn-log_-analyst--orchestrator--claude-_RUN-260731-c3b0c7.log
A  .task-board/.resources/STORY-260720-35dck7/STORY-260720-35dck7_spawn-log_-analyst--orchestrator--claude-_RUN-260731-c417e0.log
A  .task-board/.resources/STORY-260720-35dck7/STORY-260720-35dck7_spawn-log_-analyst--orchestrator--claude-_RUN-260731-c48805.log
A  .task-board/.resources/STORY-260720-35dck7/STORY-260720-35dck7_spawn-log_-analyst--orchestrator--claude-_RUN-260731-c51624.log
A  .task-board/.resources/STORY-260720-35dck7/STORY-260720-35dck7_spawn-log_-analyst--orchestrator--claude-_RUN-260731-c5250d.log
A  .task-board/.resources/STORY-260720-35dck7/STORY-260720-35dck7_spawn-log_-analyst--orchestrator--claude-_RUN-260731-c6d808.log
A  .task-board/.resources/STORY-260720-35dck7/STORY-260720-35dck7_spawn-log_-analyst--orchestrator--claude-_RUN-260731-c711c7.log
A  .task-board/.resources/STORY-260720-35dck7/STORY-260720-35dck7_spawn-log_-analyst--orchestrator--claude-_RUN-260731-c8a302.log
A  .task-board/.resources/STORY-260720-35dck7/STORY-260720-35dck7_spawn-log_-analyst--orchestrator--claude-_RUN-260731-c8bc61.log
A  .task-board/.resources/STORY-260720-35dck7/STORY-260720-35dck7_spawn-log_-analyst--orchestrator--claude-_RUN-260731-c92141.log
A  .task-board/.resources/STORY-260720-35dck7/STORY-260720-35dck7_spawn-log_-analyst--orchestrator--claude-_RUN-260731-c9266c.log
A  .task-board/.resources/STORY-260720-35dck7/STORY-260720-35dck7_spawn-log_-analyst--orchestrator--claude-_RUN-260731-c94e78.log
A  .task-board/.resources/STORY-260720-35dck7/STORY-260720-35dck7_spawn-log_-analyst--orchestrator--claude-_RUN-260731-c9b675.log
A  .task-board/.resources/STORY-260720-35dck7/STORY-260720-35dck7_spawn-log_-analyst--orchestrator--claude-_RUN-260731-ca220c.log
A  .task-board/.resources/STORY-260720-35dck7/STORY-260720-35dck7_spawn-log_-analyst--orchestrator--claude-_RUN-260731-ca3283.log
A  .task-board/.resources/STORY-260720-35dck7/STORY-260720-35dck7_spawn-log_-analyst--orchestrator--claude-_RUN-260731-ca7e90.log
A  .task-board/.resources/STORY-260720-35dck7/STORY-260720-35dck7_spawn-log_-analyst--orchestrator--claude-_RUN-260731-cb3d88.log
A  .task-board/.resources/STORY-260720-35dck7/STORY-260720-35dck7_spawn-log_-analyst--orchestrator--claude-_RUN-260731-cba0ff.log
A  .task-board/.resources/STORY-260720-35dck7/STORY-260720-35dck7_spawn-log_-analyst--orchestrator--claude-_RUN-260731-cbaf96.log
A  .task-board/.resources/STORY-260720-35dck7/STORY-260720-35dck7_spawn-log_-analyst--orchestrator--claude-_RUN-260731-cbb5f4.log
A  .task-board/.resources/STORY-260720-35dck7/STORY-260720-35dck7_spawn-log_-analyst--orchestrator--claude-_RUN-260731-cc03cb.log
A  .task-board/.resources/STORY-260720-35dck7/STORY-260720-35dck7_spawn-log_-analyst--orchestrator--claude-_RUN-260731-cc43c6.log
A  .task-board/.resources/STORY-260720-35dck7/STORY-260720-35dck7_spawn-log_-analyst--orchestrator--claude-_RUN-260731-cc53e2.log
A  .task-board/.resources/STORY-260720-35dck7/STORY-260720-35dck7_spawn-log_-analyst--orchestrator--claude-_RUN-260731-cca6fd.log
A  .task-board/.resources/STORY-260720-35dck7/STORY-260720-35dck7_spawn-log_-analyst--orchestrator--claude-_RUN-260731-ccf754.log
A  .task-board/.resources/STORY-260720-35dck7/STORY-260720-35dck7_spawn-log_-analyst--orchestrator--claude-_RUN-260731-cd7ee1.log
A  .task-board/.resources/STORY-260720-35dck7/STORY-260720-35dck7_spawn-log_-analyst--orchestrator--claude-_RUN-260731-cd9955.log
A  .task-board/.resources/STORY-260720-35dck7/STORY-260720-35dck7_spawn-log_-analyst--orchestrator--claude-_RUN-260731-cdf73b.log
A  .task-board/.resources/STORY-260720-35dck7/STORY-260720-35dck7_spawn-log_-analyst--orchestrator--claude-_RUN-260731-ce1a0f.log
A  .task-board/.resources/STORY-260720-35dck7/STORY-260720-35dck7_spawn-log_-analyst--orchestrator--claude-_RUN-260731-ce3c15.log
A  .task-board/.resources/STORY-260720-35dck7/STORY-260720-35dck7_spawn-log_-analyst--orchestrator--claude-_RUN-260731-ce6430.log
A  .task-board/.resources/STORY-260720-35dck7/STORY-260720-35dck7_spawn-log_-analyst--orchestrator--claude-_RUN-260731-ced64e.log
A  .task-board/.resources/STORY-260720-35dck7/STORY-260720-35dck7_spawn-log_-analyst--orchestrator--claude-_RUN-260731-cf13c7.log
A  .task-board/.resources/STORY-260720-35dck7/STORY-260720-35dck7_spawn-log_-analyst--orchestrator--claude-_RUN-260731-cfbc4d.log
A  .task-board/.resources/STORY-260720-35dck7/STORY-260720-35dck7_spawn-log_-analyst--orchestrator--claude-_RUN-260731-cfc481.log
A  .task-board/.resources/STORY-260720-35dck7/STORY-260720-35dck7_spawn-log_-analyst--orchestrator--claude-_RUN-260731-cfebf1.log
A  .task-board/.resources/STORY-260720-35dck7/STORY-260720-35dck7_spawn-log_-analyst--orchestrator--claude-_RUN-260731-d009a8.log
A  .task-board/.resources/STORY-260720-35dck7/STORY-260720-35dck7_spawn-log_-analyst--orchestrator--claude-_RUN-260731-d00af4.log
A  .task-board/.resources/STORY-260720-35dck7/STORY-260720-35dck7_spawn-log_-analyst--orchestrator--claude-_RUN-260731-d06e1e.log
A  .task-board/.resources/STORY-260720-35dck7/STORY-260720-35dck7_spawn-log_-analyst--orchestrator--claude-_RUN-260731-d13661.log
A  .task-board/.resources/STORY-260720-35dck7/STORY-260720-35dck7_spawn-log_-analyst--orchestrator--claude-_RUN-260731-d17143.log
A  .task-board/.resources/STORY-260720-35dck7/STORY-260720-35dck7_spawn-log_-analyst--orchestrator--claude-_RUN-260731-d17657.log
A  .task-board/.resources/STORY-260720-35dck7/STORY-260720-35dck7_spawn-log_-analyst--orchestrator--claude-_RUN-260731-d1e164.log
A  .task-board/.resources/STORY-260720-35dck7/STORY-260720-35dck7_spawn-log_-analyst--orchestrator--claude-_RUN-260731-d1e578.log
A  .task-board/.resources/STORY-260720-35dck7/STORY-260720-35dck7_spawn-log_-analyst--orchestrator--claude-_RUN-260731-d1fe00.log
A  .task-board/.resources/STORY-260720-35dck7/STORY-260720-35dck7_spawn-log_-analyst--orchestrator--claude-_RUN-260731-d21d8d.log
A  .task-board/.resources/STORY-260720-35dck7/STORY-260720-35dck7_spawn-log_-analyst--orchestrator--claude-_RUN-260731-d22b19.log
A  .task-board/.resources/STORY-260720-35dck7/STORY-260720-35dck7_spawn-log_-analyst--orchestrator--claude-_RUN-260731-d262d3.log
A  .task-board/.resources/STORY-260720-35dck7/STORY-260720-35dck7_spawn-log_-analyst--orchestrator--claude-_RUN-260731-d3043a.log
A  .task-board/.resources/STORY-260720-35dck7/STORY-260720-35dck7_spawn-log_-analyst--orchestrator--claude-_RUN-260731-d33c57.log
A  .task-board/.resources/STORY-260720-35dck7/STORY-260720-35dck7_spawn-log_-analyst--orchestrator--claude-_RUN-260731-d39430.log
A  .task-board/.resources/STORY-260720-35dck7/STORY-260720-35dck7_spawn-log_-analyst--orchestrator--claude-_RUN-260731-d3f60e.log
A  .task-board/.resources/STORY-260720-35dck7/STORY-260720-35dck7_spawn-log_-analyst--orchestrator--claude-_RUN-260731-d4805e.log
A  .task-board/.resources/STORY-260720-35dck7/STORY-260720-35dck7_spawn-log_-analyst--orchestrator--claude-_RUN-260731-d4c386.log
A  .task-board/.resources/STORY-260720-35dck7/STORY-260720-35dck7_spawn-log_-analyst--orchestrator--claude-_RUN-260731-d4e6bb.log
A  .task-board/.resources/STORY-260720-35dck7/STORY-260720-35dck7_spawn-log_-analyst--orchestrator--claude-_RUN-260731-d500bc.log
A  .task-board/.resources/STORY-260720-35dck7/STORY-260720-35dck7_spawn-log_-analyst--orchestrator--claude-_RUN-260731-d5dda1.log
A  .task-board/.resources/STORY-260720-35dck7/STORY-260720-35dck7_spawn-log_-analyst--orchestrator--claude-_RUN-260731-d63682.log
A  .task-board/.resources/STORY-260720-35dck7/STORY-260720-35dck7_spawn-log_-analyst--orchestrator--claude-_RUN-260731-d63df4.log
A  .task-board/.resources/STORY-260720-35dck7/STORY-260720-35dck7_spawn-log_-analyst--orchestrator--claude-_RUN-260731-d63f10.log
A  .task-board/.resources/STORY-260720-35dck7/STORY-260720-35dck7_spawn-log_-analyst--orchestrator--claude-_RUN-260731-d66cde.log
A  .task-board/.resources/STORY-260720-35dck7/STORY-260720-35dck7_spawn-log_-analyst--orchestrator--claude-_RUN-260731-d6c8ee.log
A  .task-board/.resources/STORY-260720-35dck7/STORY-260720-35dck7_spawn-log_-analyst--orchestrator--claude-_RUN-260731-d72a77.log
A  .task-board/.resources/STORY-260720-35dck7/STORY-260720-35dck7_spawn-log_-analyst--orchestrator--claude-_RUN-260731-d75060.log
A  .task-board/.resources/STORY-260720-35dck7/STORY-260720-35dck7_spawn-log_-analyst--orchestrator--claude-_RUN-260731-d77994.log
A  .task-board/.resources/STORY-260720-35dck7/STORY-260720-35dck7_spawn-log_-analyst--orchestrator--claude-_RUN-260731-d80f9e.log
A  .task-board/.resources/STORY-260720-35dck7/STORY-260720-35dck7_spawn-log_-analyst--orchestrator--claude-_RUN-260731-d82f9a.log
A  .task-board/.resources/STORY-260720-35dck7/STORY-260720-35dck7_spawn-log_-analyst--orchestrator--claude-_RUN-260731-d8bd59.log
A  .task-board/.resources/STORY-260720-35dck7/STORY-260720-35dck7_spawn-log_-analyst--orchestrator--claude-_RUN-260731-d8dc64.log
A  .task-board/.resources/STORY-260720-35dck7/STORY-260720-35dck7_spawn-log_-analyst--orchestrator--claude-_RUN-260731-d8e60a.log
A  .task-board/.resources/STORY-260720-35dck7/STORY-260720-35dck7_spawn-log_-analyst--orchestrator--claude-_RUN-260731-d91e4b.log
A  .task-board/.resources/STORY-260720-35dck7/STORY-260720-35dck7_spawn-log_-analyst--orchestrator--claude-_RUN-260731-d92354.log
A  .task-board/.resources/STORY-260720-35dck7/STORY-260720-35dck7_spawn-log_-analyst--orchestrator--claude-_RUN-260731-d9260f.log
A  .task-board/.resources/STORY-260720-35dck7/STORY-260720-35dck7_spawn-log_-analyst--orchestrator--claude-_RUN-260731-d9be61.log
A  .task-board/.resources/STORY-260720-35dck7/STORY-260720-35dck7_spawn-log_-analyst--orchestrator--claude-_RUN-260731-d9f95e.log
A  .task-board/.resources/STORY-260720-35dck7/STORY-260720-35dck7_spawn-log_-analyst--orchestrator--claude-_RUN-260731-da13d8.log
A  .task-board/.resources/STORY-260720-35dck7/STORY-260720-35dck7_spawn-log_-analyst--orchestrator--claude-_RUN-260731-dab691.log
A  .task-board/.resources/STORY-260720-35dck7/STORY-260720-35dck7_spawn-log_-analyst--orchestrator--claude-_RUN-260731-db559a.log
A  .task-board/.resources/STORY-260720-35dck7/STORY-260720-35dck7_spawn-log_-analyst--orchestrator--claude-_RUN-260731-dba984.log
A  .task-board/.resources/STORY-260720-35dck7/STORY-260720-35dck7_spawn-log_-analyst--orchestrator--claude-_RUN-260731-dbd58d.log
A  .task-board/.resources/STORY-260720-35dck7/STORY-260720-35dck7_spawn-log_-analyst--orchestrator--claude-_RUN-260731-dbdece.log
A  .task-board/.resources/STORY-260720-35dck7/STORY-260720-35dck7_spawn-log_-analyst--orchestrator--claude-_RUN-260731-dc2466.log
A  .task-board/.resources/STORY-260720-35dck7/STORY-260720-35dck7_spawn-log_-analyst--orchestrator--claude-_RUN-260731-dc5042.log
A  .task-board/.resources/STORY-260720-35dck7/STORY-260720-35dck7_spawn-log_-analyst--orchestrator--claude-_RUN-260731-dcb6ad.log
A  .task-board/.resources/STORY-260720-35dck7/STORY-260720-35dck7_spawn-log_-analyst--orchestrator--claude-_RUN-260731-ddfbfc.log
A  .task-board/.resources/STORY-260720-35dck7/STORY-260720-35dck7_spawn-log_-analyst--orchestrator--claude-_RUN-260731-de8492.log
A  .task-board/.resources/STORY-260720-35dck7/STORY-260720-35dck7_spawn-log_-analyst--orchestrator--claude-_RUN-260731-df15f7.log
A  .task-board/.resources/STORY-260720-35dck7/STORY-260720-35dck7_spawn-log_-analyst--orchestrator--claude-_RUN-260731-df9a48.log
A  .task-board/.resources/STORY-260720-35dck7/STORY-260720-35dck7_spawn-log_-analyst--orchestrator--claude-_RUN-260731-dfca53.log
A  .task-board/.resources/STORY-260720-35dck7/STORY-260720-35dck7_spawn-log_-analyst--orchestrator--claude-_RUN-260731-dfd36d.log
A  .task-board/.resources/STORY-260720-35dck7/STORY-260720-35dck7_spawn-log_-analyst--orchestrator--claude-_RUN-260731-e0815e.log
A  .task-board/.resources/STORY-260720-35dck7/STORY-260720-35dck7_spawn-log_-analyst--orchestrator--claude-_RUN-260731-e09b6b.log
A  .task-board/.resources/STORY-260720-35dck7/STORY-260720-35dck7_spawn-log_-analyst--orchestrator--claude-_RUN-260731-e0cdf2.log
A  .task-board/.resources/STORY-260720-35dck7/STORY-260720-35dck7_spawn-log_-analyst--orchestrator--claude-_RUN-260731-e121f7.log
A  .task-board/.resources/STORY-260720-35dck7/STORY-260720-35dck7_spawn-log_-analyst--orchestrator--claude-_RUN-260731-e17f01.log
A  .task-board/.resources/STORY-260720-35dck7/STORY-260720-35dck7_spawn-log_-analyst--orchestrator--claude-_RUN-260731-e1ae92.log
A  .task-board/.resources/STORY-260720-35dck7/STORY-260720-35dck7_spawn-log_-analyst--orchestrator--claude-_RUN-260731-e2446d.log
A  .task-board/.resources/STORY-260720-35dck7/STORY-260720-35dck7_spawn-log_-analyst--orchestrator--claude-_RUN-260731-e2ddfb.log
A  .task-board/.resources/STORY-260720-35dck7/STORY-260720-35dck7_spawn-log_-analyst--orchestrator--claude-_RUN-260731-e49f4c.log
A  .task-board/.resources/STORY-260720-35dck7/STORY-260720-35dck7_spawn-log_-analyst--orchestrator--claude-_RUN-260731-e4a345.log
A  .task-board/.resources/STORY-260720-35dck7/STORY-260720-35dck7_spawn-log_-analyst--orchestrator--claude-_RUN-260731-e52798.log
A  .task-board/.resources/STORY-260720-35dck7/STORY-260720-35dck7_spawn-log_-analyst--orchestrator--claude-_RUN-260731-e527e1.log
A  .task-board/.resources/STORY-260720-35dck7/STORY-260720-35dck7_spawn-log_-analyst--orchestrator--claude-_RUN-260731-e552c3.log
A  .task-board/.resources/STORY-260720-35dck7/STORY-260720-35dck7_spawn-log_-analyst--orchestrator--claude-_RUN-260731-e56ec9.log
A  .task-board/.resources/STORY-260720-35dck7/STORY-260720-35dck7_spawn-log_-analyst--orchestrator--claude-_RUN-260731-e6ad02.log
A  .task-board/.resources/STORY-260720-35dck7/STORY-260720-35dck7_spawn-log_-analyst--orchestrator--claude-_RUN-260731-e6bcd5.log
A  .task-board/.resources/STORY-260720-35dck7/STORY-260720-35dck7_spawn-log_-analyst--orchestrator--claude-_RUN-260731-e742a7.log
A  .task-board/.resources/STORY-260720-35dck7/STORY-260720-35dck7_spawn-log_-analyst--orchestrator--claude-_RUN-260731-e74850.log
A  .task-board/.resources/STORY-260720-35dck7/STORY-260720-35dck7_spawn-log_-analyst--orchestrator--claude-_RUN-260731-e758bf.log
A  .task-board/.resources/STORY-260720-35dck7/STORY-260720-35dck7_spawn-log_-analyst--orchestrator--claude-_RUN-260731-e7f1ef.log
A  .task-board/.resources/STORY-260720-35dck7/STORY-260720-35dck7_spawn-log_-analyst--orchestrator--claude-_RUN-260731-e8318c.log
A  .task-board/.resources/STORY-260720-35dck7/STORY-260720-35dck7_spawn-log_-analyst--orchestrator--claude-_RUN-260731-e850c3.log
A  .task-board/.resources/STORY-260720-35dck7/STORY-260720-35dck7_spawn-log_-analyst--orchestrator--claude-_RUN-260731-e93b44.log
A  .task-board/.resources/STORY-260720-35dck7/STORY-260720-35dck7_spawn-log_-analyst--orchestrator--claude-_RUN-260731-e9d7b5.log
A  .task-board/.resources/STORY-260720-35dck7/STORY-260720-35dck7_spawn-log_-analyst--orchestrator--claude-_RUN-260731-ea0711.log
A  .task-board/.resources/STORY-260720-35dck7/STORY-260720-35dck7_spawn-log_-analyst--orchestrator--claude-_RUN-260731-eb1722.log
A  .task-board/.resources/STORY-260720-35dck7/STORY-260720-35dck7_spawn-log_-analyst--orchestrator--claude-_RUN-260731-eb6493.log
A  .task-board/.resources/STORY-260720-35dck7/STORY-260720-35dck7_spawn-log_-analyst--orchestrator--claude-_RUN-260731-eba509.log
A  .task-board/.resources/STORY-260720-35dck7/STORY-260720-35dck7_spawn-log_-analyst--orchestrator--claude-_RUN-260731-ebec7b.log
A  .task-board/.resources/STORY-260720-35dck7/STORY-260720-35dck7_spawn-log_-analyst--orchestrator--claude-_RUN-260731-ecad7c.log
A  .task-board/.resources/STORY-260720-35dck7/STORY-260720-35dck7_spawn-log_-analyst--orchestrator--claude-_RUN-260731-ecdc62.log
A  .task-board/.resources/STORY-260720-35dck7/STORY-260720-35dck7_spawn-log_-analyst--orchestrator--claude-_RUN-260731-ece961.log
A  .task-board/.resources/STORY-260720-35dck7/STORY-260720-35dck7_spawn-log_-analyst--orchestrator--claude-_RUN-260731-ed56c4.log
A  .task-board/.resources/STORY-260720-35dck7/STORY-260720-35dck7_spawn-log_-analyst--orchestrator--claude-_RUN-260731-ed7790.log
A  .task-board/.resources/STORY-260720-35dck7/STORY-260720-35dck7_spawn-log_-analyst--orchestrator--claude-_RUN-260731-ee6061.log
A  .task-board/.resources/STORY-260720-35dck7/STORY-260720-35dck7_spawn-log_-analyst--orchestrator--claude-_RUN-260731-ee76b6.log
A  .task-board/.resources/STORY-260720-35dck7/STORY-260720-35dck7_spawn-log_-analyst--orchestrator--claude-_RUN-260731-eee928.log
A  .task-board/.resources/STORY-260720-35dck7/STORY-260720-35dck7_spawn-log_-analyst--orchestrator--claude-_RUN-260731-ef1517.log
A  .task-board/.resources/STORY-260720-35dck7/STORY-260720-35dck7_spawn-log_-analyst--orchestrator--claude-_RUN-260731-ef22f8.log
A  .task-board/.resources/STORY-260720-35dck7/STORY-260720-35dck7_spawn-log_-analyst--orchestrator--claude-_RUN-260731-ef53b6.log
A  .task-board/.resources/STORY-260720-35dck7/STORY-260720-35dck7_spawn-log_-analyst--orchestrator--claude-_RUN-260731-efe2dd.log
A  .task-board/.resources/STORY-260720-35dck7/STORY-260720-35dck7_spawn-log_-analyst--orchestrator--claude-_RUN-260731-eff09e.log
A  .task-board/.resources/STORY-260720-35dck7/STORY-260720-35dck7_spawn-log_-analyst--orchestrator--claude-_RUN-260731-f02009.log
A  .task-board/.resources/STORY-260720-35dck7/STORY-260720-35dck7_spawn-log_-analyst--orchestrator--claude-_RUN-260731-f052af.log
A  .task-board/.resources/STORY-260720-35dck7/STORY-260720-35dck7_spawn-log_-analyst--orchestrator--claude-_RUN-260731-f0f739.log
A  .task-board/.resources/STORY-260720-35dck7/STORY-260720-35dck7_spawn-log_-analyst--orchestrator--claude-_RUN-260731-f11abd.log
A  .task-board/.resources/STORY-260720-35dck7/STORY-260720-35dck7_spawn-log_-analyst--orchestrator--claude-_RUN-260731-f289c7.log
A  .task-board/.resources/STORY-260720-35dck7/STORY-260720-35dck7_spawn-log_-analyst--orchestrator--claude-_RUN-260731-f3c0e1.log
A  .task-board/.resources/STORY-260720-35dck7/STORY-260720-35dck7_spawn-log_-analyst--orchestrator--claude-_RUN-260731-f50a7c.log
A  .task-board/.resources/STORY-260720-35dck7/STORY-260720-35dck7_spawn-log_-analyst--orchestrator--claude-_RUN-260731-f56bc3.log
A  .task-board/.resources/STORY-260720-35dck7/STORY-260720-35dck7_spawn-log_-analyst--orchestrator--claude-_RUN-260731-f57e20.log
A  .task-board/.resources/STORY-260720-35dck7/STORY-260720-35dck7_spawn-log_-analyst--orchestrator--claude-_RUN-260731-f5b1f3.log
A  .task-board/.resources/STORY-260720-35dck7/STORY-260720-35dck7_spawn-log_-analyst--orchestrator--claude-_RUN-260731-f5e4bd.log
A  .task-board/.resources/STORY-260720-35dck7/STORY-260720-35dck7_spawn-log_-analyst--orchestrator--claude-_RUN-260731-f6618c.log
A  .task-board/.resources/STORY-260720-35dck7/STORY-260720-35dck7_spawn-log_-analyst--orchestrator--claude-_RUN-260731-f67f6b.log
A  .task-board/.resources/STORY-260720-35dck7/STORY-260720-35dck7_spawn-log_-analyst--orchestrator--claude-_RUN-260731-f6a8b2.log
A  .task-board/.resources/STORY-260720-35dck7/STORY-260720-35dck7_spawn-log_-analyst--orchestrator--claude-_RUN-260731-f6e67e.log
A  .task-board/.resources/STORY-260720-35dck7/STORY-260720-35dck7_spawn-log_-analyst--orchestrator--claude-_RUN-260731-f6f13b.log
A  .task-board/.resources/STORY-260720-35dck7/STORY-260720-35dck7_spawn-log_-analyst--orchestrator--claude-_RUN-260731-f7dec8.log
A  .task-board/.resources/STORY-260720-35dck7/STORY-260720-35dck7_spawn-log_-analyst--orchestrator--claude-_RUN-260731-f80571.log
A  .task-board/.resources/STORY-260720-35dck7/STORY-260720-35dck7_spawn-log_-analyst--orchestrator--claude-_RUN-260731-f815a8.log
A  .task-board/.resources/STORY-260720-35dck7/STORY-260720-35dck7_spawn-log_-analyst--orchestrator--claude-_RUN-260731-f8f83d.log
A  .task-board/.resources/STORY-260720-35dck7/STORY-260720-35dck7_spawn-log_-analyst--orchestrator--claude-_RUN-260731-f946e8.log
A  .task-board/.resources/STORY-260720-35dck7/STORY-260720-35dck7_spawn-log_-analyst--orchestrator--claude-_RUN-260731-f9a2b2.log
A  .task-board/.resources/STORY-260720-35dck7/STORY-260720-35dck7_spawn-log_-analyst--orchestrator--claude-_RUN-260731-fa3e4b.log
A  .task-board/.resources/STORY-260720-35dck7/STORY-260720-35dck7_spawn-log_-analyst--orchestrator--claude-_RUN-260731-fa6af4.log
A  .task-board/.resources/STORY-260720-35dck7/STORY-260720-35dck7_spawn-log_-analyst--orchestrator--claude-_RUN-260731-fa77b9.log
A  .task-board/.resources/STORY-260720-35dck7/STORY-260720-35dck7_spawn-log_-analyst--orchestrator--claude-_RUN-260731-fa846b.log
A  .task-board/.resources/STORY-260720-35dck7/STORY-260720-35dck7_spawn-log_-analyst--orchestrator--claude-_RUN-260731-fa99dc.log
A  .task-board/.resources/STORY-260720-35dck7/STORY-260720-35dck7_spawn-log_-analyst--orchestrator--claude-_RUN-260731-fc34b4.log
A  .task-board/.resources/STORY-260720-35dck7/STORY-260720-35dck7_spawn-log_-analyst--orchestrator--claude-_RUN-260731-fcef73.log
A  .task-board/.resources/STORY-260720-35dck7/STORY-260720-35dck7_spawn-log_-analyst--orchestrator--claude-_RUN-260731-fd6906.log
A  .task-board/.resources/STORY-260720-35dck7/STORY-260720-35dck7_spawn-log_-analyst--orchestrator--claude-_RUN-260731-fddc5c.log
A  .task-board/.resources/STORY-260720-35dck7/STORY-260720-35dck7_spawn-log_-analyst--orchestrator--claude-_RUN-260731-fe0100.log
A  .task-board/.resources/STORY-260720-35dck7/STORY-260720-35dck7_spawn-log_-analyst--orchestrator--claude-_RUN-260731-fe66cf.log
A  .task-board/.resources/STORY-260720-35dck7/STORY-260720-35dck7_spawn-log_-analyst--orchestrator--claude-_RUN-260731-feafe9.log
A  .task-board/.resources/STORY-260720-35dck7/STORY-260720-35dck7_spawn-log_-analyst--orchestrator--claude-_RUN-260731-fec0ba.log
A  .task-board/.resources/STORY-260720-35dck7/STORY-260720-35dck7_spawn-log_-analyst--orchestrator--claude-_RUN-260731-ffb8b8.log
A  .task-board/.resources/STORY-260720-35dck7/STORY-260720-35dck7_spawn-log_-analyst--solution-architect--codex-.log
A  .task-board/.resources/STORY-260720-3plyvy/STORY-260720-3plyvy_canonical-board-plan-audit-2.md
A  .task-board/.resources/STORY-260720-3plyvy/STORY-260720-3plyvy_canonical-board-plan.md
A  .task-board/.resources/STORY-260720-3plyvy/STORY-260720-3plyvy_component-map.puml
A  .task-board/.resources/STORY-260720-3plyvy/STORY-260720-3plyvy_component-map.svg
A  .task-board/.resources/STORY-260720-3plyvy/STORY-260720-3plyvy_decomposition-audit-2.md
A  .task-board/.resources/STORY-260720-3plyvy/STORY-260720-3plyvy_decomposition-plan.md
A  .task-board/.resources/STORY-260720-3plyvy/STORY-260720-3plyvy_install-lifecycle.puml
A  .task-board/.resources/STORY-260720-3plyvy/STORY-260720-3plyvy_install-lifecycle.svg
A  .task-board/.resources/STORY-260720-3plyvy/STORY-260720-3plyvy_origin-main-baseline.md
A  .task-board/.resources/STORY-260720-3plyvy/STORY-260720-3plyvy_planning-validation.md
A  .task-board/.resources/STORY-260720-3plyvy/STORY-260720-3plyvy_spawn-log_-analyst--solution-architect--codex-.log
A  .task-board/.resources/TASK-260720-11pfex/TASK-260720-11pfex_results.md
A  .task-board/.resources/TASK-260720-11pfex/TASK-260720-11pfex_review-verdict.md
A  .task-board/.resources/TASK-260720-11pfex/TASK-260720-11pfex_spawn-log_-implementer--developer--codex-.log
A  .task-board/.resources/TASK-260720-11pfex/TASK-260720-11pfex_spawn-log_-reviewer--reviewer--codex-.log
A  .task-board/.resources/TASK-260720-11yhth/TASK-260720-11yhth_handoff-verification.md
A  .task-board/.resources/TASK-260720-11yhth/TASK-260720-11yhth_implementation-evidence.md
A  .task-board/.resources/TASK-260720-11yhth/TASK-260720-11yhth_native-windows-runs.log
A  .task-board/.resources/TASK-260720-11yhth/TASK-260720-11yhth_review-verdict.md
A  .task-board/.resources/TASK-260720-11yhth/TASK-260720-11yhth_spawn-log_-implementer--developer--claude-_RUN-260730-707884.log
A  .task-board/.resources/TASK-260720-11yhth/TASK-260720-11yhth_spawn-log_-implementer--developer--codex-_RUN-260730-a94b19.log
A  .task-board/.resources/TASK-260720-11yhth/TASK-260720-11yhth_spawn-log_-reviewer--reviewer--claude-_RUN-260730-1a975d.log
A  .task-board/.resources/TASK-260720-12iigs/TASK-260720-12iigs_results.md
A  .task-board/.resources/TASK-260720-12iigs/TASK-260720-12iigs_review-accepted.md
A  .task-board/.resources/TASK-260720-12iigs/TASK-260720-12iigs_spawn-log_-implementer--developer--codex-.log
A  .task-board/.resources/TASK-260720-12iigs/TASK-260720-12iigs_spawn-log_-reviewer--reviewer--codex-.log
A  .task-board/.resources/TASK-260720-12r55p/TASK-260720-12r55p_cycle-5-evidence.md
A  .task-board/.resources/TASK-260720-12r55p/TASK-260720-12r55p_evidence.md
A  .task-board/.resources/TASK-260720-12r55p/TASK-260720-12r55p_review-verdict-cycle-2.md
A  .task-board/.resources/TASK-260720-12r55p/TASK-260720-12r55p_review-verdict-cycle-3.md
A  .task-board/.resources/TASK-260720-12r55p/TASK-260720-12r55p_review-verdict.md
A  .task-board/.resources/TASK-260720-12r55p/TASK-260720-12r55p_rework-evidence.md
A  .task-board/.resources/TASK-260720-12r55p/TASK-260720-12r55p_spawn-log_-implementer--developer--codex-_RUN-260801-44955c.log
A  .task-board/.resources/TASK-260720-12r55p/TASK-260720-12r55p_spawn-log_-implementer--developer--codex-_RUN-260801-643747.log
A  .task-board/.resources/TASK-260720-12r55p/TASK-260720-12r55p_spawn-log_-implementer--developer--codex-_RUN-260801-7d0ec0.log
A  .task-board/.resources/TASK-260720-12r55p/TASK-260720-12r55p_spawn-log_-implementer--developer--codex-_RUN-260801-aaa210.log
A  .task-board/.resources/TASK-260720-12r55p/TASK-260720-12r55p_spawn-log_-implementer--developer--codex-_RUN-260801-f5d533.log
A  .task-board/.resources/TASK-260720-12r55p/TASK-260720-12r55p_spawn-log_-implementer--developer--codex-_RUN-260802-2fd9f7.log
A  .task-board/.resources/TASK-260720-12r55p/TASK-260720-12r55p_spawn-log_-implementer--developer--codex-_RUN-260802-4bd188.log
A  .task-board/.resources/TASK-260720-12r55p/TASK-260720-12r55p_spawn-log_-implementer--developer--codex-_RUN-260802-98ab55.log
A  .task-board/.resources/TASK-260720-12r55p/TASK-260720-12r55p_spawn-log_-implementer--developer--codex-_RUN-260802-d4a3e3.log
A  .task-board/.resources/TASK-260720-12r55p/TASK-260720-12r55p_spawn-log_-reviewer--reviewer--codex-_RUN-260801-690753.log
A  .task-board/.resources/TASK-260720-12r55p/TASK-260720-12r55p_spawn-log_-reviewer--reviewer--codex-_RUN-260801-f6cc09.log
A  .task-board/.resources/TASK-260720-12r55p/TASK-260720-12r55p_spawn-log_-reviewer--reviewer--codex-_RUN-260802-04f9cd.log
A  .task-board/.resources/TASK-260720-12r55p/TASK-260720-12r55p_stop-the-line.md
A  .task-board/.resources/TASK-260720-14jjgt/TASK-260720-14jjgt_source-contract.md
A  .task-board/.resources/TASK-260720-17llva/TASK-260720-17llva_install-lifecycle.puml
A  .task-board/.resources/TASK-260720-17llva/TASK-260720-17llva_install-lifecycle.svg
A  .task-board/.resources/TASK-260720-17llva/TASK-260720-17llva_results.md
A  .task-board/.resources/TASK-260720-17llva/TASK-260720-17llva_review-cycle-3-full-validation.log
A  .task-board/.resources/TASK-260720-17llva/TASK-260720-17llva_review-cycle-3-scoped-validation.log
A  .task-board/.resources/TASK-260720-17llva/TASK-260720-17llva_review-verdict-cycle-2.md
A  .task-board/.resources/TASK-260720-17llva/TASK-260720-17llva_review-verdict-cycle-3.md
A  .task-board/.resources/TASK-260720-17llva/TASK-260720-17llva_review-verdict.md
A  .task-board/.resources/TASK-260720-17llva/TASK-260720-17llva_rework-cycle-3-results.md
A  .task-board/.resources/TASK-260720-17llva/TASK-260720-17llva_rework-results.md
A  .task-board/.resources/TASK-260720-17llva/TASK-260720-17llva_rework-validation.log
A  .task-board/.resources/TASK-260720-17llva/TASK-260720-17llva_spawn-log_-implementer--developer--codex-.log
A  .task-board/.resources/TASK-260720-17llva/TASK-260720-17llva_spawn-log_-reviewer--reviewer--codex-.log
A  .task-board/.resources/TASK-260720-1ljev5/TASK-260720-1ljev5_gate-evidence-cycle-2.tar.gz
A  .task-board/.resources/TASK-260720-1ljev5/TASK-260720-1ljev5_gate-evidence-cycle-3.tar.gz
A  .task-board/.resources/TASK-260720-1ljev5/TASK-260720-1ljev5_gate-evidence.tar.gz
A  .task-board/.resources/TASK-260720-1ljev5/TASK-260720-1ljev5_implementation-notes.md
A  .task-board/.resources/TASK-260720-1ljev5/TASK-260720-1ljev5_review-verdict-cycle-1.md
A  .task-board/.resources/TASK-260720-1ljev5/TASK-260720-1ljev5_review-verdict-cycle-2.md
A  .task-board/.resources/TASK-260720-1ljev5/TASK-260720-1ljev5_review-verdict-cycle-3.md
A  .task-board/.resources/TASK-260720-1ljev5/TASK-260720-1ljev5_rework-cycle-1-notes.md
A  .task-board/.resources/TASK-260720-1ljev5/TASK-260720-1ljev5_rework-cycle-2-notes.md
A  .task-board/.resources/TASK-260720-1ljev5/TASK-260720-1ljev5_spawn-log_-implementer--developer--claude-_RUN-260728-62c65a.log
A  .task-board/.resources/TASK-260720-1ljev5/TASK-260720-1ljev5_spawn-log_-implementer--developer--claude-_RUN-260728-a448d8.log
A  .task-board/.resources/TASK-260720-1ljev5/TASK-260720-1ljev5_spawn-log_-implementer--developer--claude-_RUN-260728-d2e59b.log
A  .task-board/.resources/TASK-260720-1ljev5/TASK-260720-1ljev5_spawn-log_-reviewer--reviewer--codex-_RUN-260728-269cc6.log
A  .task-board/.resources/TASK-260720-1ljev5/TASK-260720-1ljev5_spawn-log_-reviewer--reviewer--codex-_RUN-260728-93cc5c.log
A  .task-board/.resources/TASK-260720-1ljev5/TASK-260720-1ljev5_spawn-log_-reviewer--reviewer--codex-_RUN-260728-f503ea.log
A  .task-board/.resources/TASK-260720-1nlmvv/TASK-260720-1nlmvv_gate-evidence-cycle-2-continuation.md
A  .task-board/.resources/TASK-260720-1nlmvv/TASK-260720-1nlmvv_gate-evidence-cycle-2.tar.gz
A  .task-board/.resources/TASK-260720-1nlmvv/TASK-260720-1nlmvv_gate-evidence.tar.gz
A  .task-board/.resources/TASK-260720-1nlmvv/TASK-260720-1nlmvv_implementation-notes-cycle-2.md
A  .task-board/.resources/TASK-260720-1nlmvv/TASK-260720-1nlmvv_implementation-notes-cycle-3.md
A  .task-board/.resources/TASK-260720-1nlmvv/TASK-260720-1nlmvv_implementation-notes-cycle-4.md
A  .task-board/.resources/TASK-260720-1nlmvv/TASK-260720-1nlmvv_implementation-notes-cycle-5.md
A  .task-board/.resources/TASK-260720-1nlmvv/TASK-260720-1nlmvv_implementation-notes.md
A  .task-board/.resources/TASK-260720-1nlmvv/TASK-260720-1nlmvv_review-verdict-cycle-1.md
A  .task-board/.resources/TASK-260720-1nlmvv/TASK-260720-1nlmvv_review-verdict-cycle-2.md
A  .task-board/.resources/TASK-260720-1nlmvv/TASK-260720-1nlmvv_review-verdict-cycle-3.md
A  .task-board/.resources/TASK-260720-1nlmvv/TASK-260720-1nlmvv_review-verdict-cycle-4.md
A  .task-board/.resources/TASK-260720-1nlmvv/TASK-260720-1nlmvv_spawn-log_-implementer--developer--claude-_RUN-260728-5b614c.log
A  .task-board/.resources/TASK-260720-1nlmvv/TASK-260720-1nlmvv_spawn-log_-implementer--developer--claude-_RUN-260728-5fd800.log
A  .task-board/.resources/TASK-260720-1nlmvv/TASK-260720-1nlmvv_spawn-log_-implementer--developer--claude-_RUN-260729-0e838f.log
A  .task-board/.resources/TASK-260720-1nlmvv/TASK-260720-1nlmvv_spawn-log_-implementer--developer--claude-_RUN-260729-0f1e21.log
A  .task-board/.resources/TASK-260720-1nlmvv/TASK-260720-1nlmvv_spawn-log_-implementer--developer--claude-_RUN-260729-39026a.log
A  .task-board/.resources/TASK-260720-1nlmvv/TASK-260720-1nlmvv_spawn-log_-implementer--developer--claude-_RUN-260729-6c8c07.log
A  .task-board/.resources/TASK-260720-1nlmvv/TASK-260720-1nlmvv_spawn-log_-implementer--developer--claude-_RUN-260729-80c584.log
A  .task-board/.resources/TASK-260720-1nlmvv/TASK-260720-1nlmvv_spawn-log_-reviewer--reviewer--codex-_RUN-260728-13915e.log
A  .task-board/.resources/TASK-260720-1nlmvv/TASK-260720-1nlmvv_spawn-log_-reviewer--reviewer--codex-_RUN-260729-222a13.log
A  .task-board/.resources/TASK-260720-1nlmvv/TASK-260720-1nlmvv_spawn-log_-reviewer--reviewer--codex-_RUN-260729-6be57f.log
A  .task-board/.resources/TASK-260720-1nlmvv/TASK-260720-1nlmvv_spawn-log_-reviewer--reviewer--codex-_RUN-260729-bddba7.log
A  .task-board/.resources/TASK-260720-1nlmvv/TASK-260720-1nlmvv_spawn-log_-tester--tester--codex-_RUN-260729-3a44e2.log
A  .task-board/.resources/TASK-260720-1nlmvv/TASK-260720-1nlmvv_spawn-log_-tester--tester--codex-_RUN-260729-6b3539.log
A  .task-board/.resources/TASK-260720-1nlmvv/TASK-260720-1nlmvv_spawn-log_-tester--tester--codex-_RUN-260729-8985bf.log
A  .task-board/.resources/TASK-260720-1nlmvv/TASK-260720-1nlmvv_spawn-log_-tester--tester--codex-_RUN-260729-ada2e4.log
A  .task-board/.resources/TASK-260720-1nlmvv/TASK-260720-1nlmvv_tester-evidence-cycle-3.md
A  .task-board/.resources/TASK-260720-1nlmvv/TASK-260720-1nlmvv_tester-evidence-cycle-4.md
A  .task-board/.resources/TASK-260720-1nlmvv/TASK-260720-1nlmvv_tester-evidence-cycle-5.md
A  .task-board/.resources/TASK-260720-1nlmvv/TASK-260720-1nlmvv_tester-evidence-cycle-6.md
A  .task-board/.resources/TASK-260720-1nvomm/TASK-260720-1nvomm_accepted-contract.md
A  .task-board/.resources/TASK-260720-1nvomm/TASK-260720-1nvomm_artifact-map.puml
A  .task-board/.resources/TASK-260720-1nvomm/TASK-260720-1nvomm_artifact-map.svg
A  .task-board/.resources/TASK-260720-1nvomm/TASK-260720-1nvomm_external-build-repositories-architecture-v2.md
A  .task-board/.resources/TASK-260720-1nvomm/TASK-260720-1nvomm_external-build-repositories-architecture-v3.md
A  .task-board/.resources/TASK-260720-1nvomm/TASK-260720-1nvomm_external-build-repositories-architecture-v4.md
A  .task-board/.resources/TASK-260720-1nvomm/TASK-260720-1nvomm_external-build-repositories-architecture-v5.md
A  .task-board/.resources/TASK-260720-1nvomm/TASK-260720-1nvomm_external-build-repositories-architecture-v6.md
A  .task-board/.resources/TASK-260720-1nvomm/TASK-260720-1nvomm_external-build-repositories-architecture.md
A  .task-board/.resources/TASK-260720-1nvomm/TASK-260720-1nvomm_external-build-repositories-review-v2.md
A  .task-board/.resources/TASK-260720-1nvomm/TASK-260720-1nvomm_external-build-repositories-review-v3.md
A  .task-board/.resources/TASK-260720-1nvomm/TASK-260720-1nvomm_external-build-repositories-review-v4.md
A  .task-board/.resources/TASK-260720-1nvomm/TASK-260720-1nvomm_external-build-repositories-review-v5.md
A  .task-board/.resources/TASK-260720-1nvomm/TASK-260720-1nvomm_external-build-repositories-review-v6.md
A  .task-board/.resources/TASK-260720-1nvomm/TASK-260720-1nvomm_external-build-repositories-review.md
A  .task-board/.resources/TASK-260720-1nvomm/TASK-260720-1nvomm_results.md
A  .task-board/.resources/TASK-260720-1nvomm/TASK-260720-1nvomm_review-2.md
A  .task-board/.resources/TASK-260720-1nvomm/TASK-260720-1nvomm_review-verdict.md
A  .task-board/.resources/TASK-260720-1nvomm/TASK-260720-1nvomm_rework-1.md
A  .task-board/.resources/TASK-260720-1nvomm/TASK-260720-1nvomm_spawn-log_-analyst--solution-architect--codex-_RUN-260727-482663.log
A  .task-board/.resources/TASK-260720-1nvomm/TASK-260720-1nvomm_spawn-log_-analyst--solution-architect--codex-_RUN-260727-4dcf96.log
A  .task-board/.resources/TASK-260720-1nvomm/TASK-260720-1nvomm_spawn-log_-analyst--solution-architect--codex-_RUN-260727-54d582.log
A  .task-board/.resources/TASK-260720-1nvomm/TASK-260720-1nvomm_spawn-log_-analyst--solution-architect--codex-_RUN-260727-6f7fbb.log
A  .task-board/.resources/TASK-260720-1nvomm/TASK-260720-1nvomm_spawn-log_-analyst--solution-architect--codex-_RUN-260727-c577a5.log
A  .task-board/.resources/TASK-260720-1nvomm/TASK-260720-1nvomm_spawn-log_-analyst--solution-architect--codex-_RUN-260727-c7cf8a.log
A  .task-board/.resources/TASK-260720-1nvomm/TASK-260720-1nvomm_spawn-log_-implementer--developer--codex-.log
A  .task-board/.resources/TASK-260720-1nvomm/TASK-260720-1nvomm_spawn-log_-reviewer--reviewer--codex-.log
A  .task-board/.resources/TASK-260720-1nvomm/TASK-260720-1nvomm_spawn-log_-reviewer--reviewer--codex-_RUN-260727-12bce4.log
A  .task-board/.resources/TASK-260720-1nvomm/TASK-260720-1nvomm_spawn-log_-reviewer--reviewer--codex-_RUN-260727-232f26.log
A  .task-board/.resources/TASK-260720-1nvomm/TASK-260720-1nvomm_spawn-log_-reviewer--reviewer--codex-_RUN-260727-825e19.log
A  .task-board/.resources/TASK-260720-1nvomm/TASK-260720-1nvomm_spawn-log_-reviewer--reviewer--codex-_RUN-260727-863275.log
A  .task-board/.resources/TASK-260720-1nvomm/TASK-260720-1nvomm_spawn-log_-reviewer--reviewer--codex-_RUN-260727-d2dd94.log
A  .task-board/.resources/TASK-260720-1nvomm/TASK-260720-1nvomm_spawn-log_-reviewer--reviewer--codex-_RUN-260727-dd78a0.log
A  .task-board/.resources/TASK-260720-1nvomm/TASK-260720-1nvomm_validation.log
A  .task-board/.resources/TASK-260720-1pvfj5/TASK-260720-1pvfj5_accepted-cancellation-fix.patch
A  .task-board/.resources/TASK-260720-1pvfj5/TASK-260720-1pvfj5_accepted-lint-fix.patch
A  .task-board/.resources/TASK-260720-1pvfj5/TASK-260720-1pvfj5_candidate-input-final-review-verdict.md
A  .task-board/.resources/TASK-260720-1pvfj5/TASK-260720-1pvfj5_candidate-input-final-review.md
A  .task-board/.resources/TASK-260720-1pvfj5/TASK-260720-1pvfj5_candidate-input-rework-manifest.txt
A  .task-board/.resources/TASK-260720-1pvfj5/TASK-260720-1pvfj5_candidate-input-rework-results.md
A  .task-board/.resources/TASK-260720-1pvfj5/TASK-260720-1pvfj5_candidate-input-rework.md
A  .task-board/.resources/TASK-260720-1pvfj5/TASK-260720-1pvfj5_candidate-input-rework.patch
A  .task-board/.resources/TASK-260720-1pvfj5/TASK-260720-1pvfj5_candidate-release-ci-gates.puml
A  .task-board/.resources/TASK-260720-1pvfj5/TASK-260720-1pvfj5_candidate-release-ci-gates.svg
A  .task-board/.resources/TASK-260720-1pvfj5/TASK-260720-1pvfj5_candidate-suite-identity.txt
A  .task-board/.resources/TASK-260720-1pvfj5/TASK-260720-1pvfj5_ci-overlay.patch
A  .task-board/.resources/TASK-260720-1pvfj5/TASK-260720-1pvfj5_composite-rework.md
A  .task-board/.resources/TASK-260720-1pvfj5/TASK-260720-1pvfj5_final-candidate-suite-identity.txt
A  .task-board/.resources/TASK-260720-1pvfj5/TASK-260720-1pvfj5_final-integration-evidence.tgz
A  .task-board/.resources/TASK-260720-1pvfj5/TASK-260720-1pvfj5_final-integration-results.md
A  .task-board/.resources/TASK-260720-1pvfj5/TASK-260720-1pvfj5_final-integration.md
A  .task-board/.resources/TASK-260720-1pvfj5/TASK-260720-1pvfj5_final-review.md
A  .task-board/.resources/TASK-260720-1pvfj5/TASK-260720-1pvfj5_final-verification.log
A  .task-board/.resources/TASK-260720-1pvfj5/TASK-260720-1pvfj5_gate-origin-main.log
A  .task-board/.resources/TASK-260720-1pvfj5/TASK-260720-1pvfj5_results.md
A  .task-board/.resources/TASK-260720-1pvfj5/TASK-260720-1pvfj5_review-verdict.md
A  .task-board/.resources/TASK-260720-1pvfj5/TASK-260720-1pvfj5_rework-evidence.tgz
A  .task-board/.resources/TASK-260720-1pvfj5/TASK-260720-1pvfj5_rework-results.md
A  .task-board/.resources/TASK-260720-1pvfj5/TASK-260720-1pvfj5_spawn-log_-implementer--developer--claude-_RUN-260729-3aa19a.log
A  .task-board/.resources/TASK-260720-1pvfj5/TASK-260720-1pvfj5_spawn-log_-implementer--developer--claude-_RUN-260729-703e35.log
A  .task-board/.resources/TASK-260720-1pvfj5/TASK-260720-1pvfj5_spawn-log_-implementer--developer--claude-_RUN-260729-9ead43.log
A  .task-board/.resources/TASK-260720-1pvfj5/TASK-260720-1pvfj5_spawn-log_-implementer--developer--codex-_RUN-260729-7239ee.log
A  .task-board/.resources/TASK-260720-1pvfj5/TASK-260720-1pvfj5_spawn-log_-implementer--developer--codex-_RUN-260729-e0c95c.log
A  .task-board/.resources/TASK-260720-1pvfj5/TASK-260720-1pvfj5_spawn-log_-reviewer--reviewer--codex-_RUN-260729-380607.log
A  .task-board/.resources/TASK-260720-1pvfj5/TASK-260720-1pvfj5_spawn-log_-reviewer--reviewer--codex-_RUN-260729-b056b2.log
A  .task-board/.resources/TASK-260720-1pvfj5/TASK-260720-1pvfj5_verification.log
A  .task-board/.resources/TASK-260720-1s1vr6/TASK-260720-1s1vr6_results.md
A  .task-board/.resources/TASK-260720-1s1vr6/TASK-260720-1s1vr6_review-accepted.md
A  .task-board/.resources/TASK-260720-1s1vr6/TASK-260720-1s1vr6_spawn-log_-implementer--developer--codex-.log
A  .task-board/.resources/TASK-260720-1s1vr6/TASK-260720-1s1vr6_spawn-log_-reviewer--reviewer--codex-.log
A  .task-board/.resources/TASK-260720-1s1vr6/TASK-260720-1s1vr6_vector-coverage-plan.md
A  .task-board/.resources/TASK-260720-1u7hes/TASK-260720-1u7hes_results.md
A  .task-board/.resources/TASK-260720-1u7hes/TASK-260720-1u7hes_review-accepted.md
A  .task-board/.resources/TASK-260720-1u7hes/TASK-260720-1u7hes_spawn-log_-implementer--developer--codex-.log
A  .task-board/.resources/TASK-260720-1u7hes/TASK-260720-1u7hes_spawn-log_-reviewer--reviewer--codex-.log
A  .task-board/.resources/TASK-260720-1zl1cj/TASK-260720-1zl1cj_full-lint-anomaly.log
A  .task-board/.resources/TASK-260720-1zl1cj/TASK-260720-1zl1cj_full-race.log
A  .task-board/.resources/TASK-260720-1zl1cj/TASK-260720-1zl1cj_make-check.log
A  .task-board/.resources/TASK-260720-1zl1cj/TASK-260720-1zl1cj_managerlock-race.log
A  .task-board/.resources/TASK-260720-1zl1cj/TASK-260720-1zl1cj_managerlock-windows-amd64.test.exe
A  .task-board/.resources/TASK-260720-1zl1cj/TASK-260720-1zl1cj_native-windows-cycle-6-verified.log
A  .task-board/.resources/TASK-260720-1zl1cj/TASK-260720-1zl1cj_native-windows-cycle-6.log
A  .task-board/.resources/TASK-260720-1zl1cj/TASK-260720-1zl1cj_results.md
A  .task-board/.resources/TASK-260720-1zl1cj/TASK-260720-1zl1cj_review-rework-cycle-3.md
A  .task-board/.resources/TASK-260720-1zl1cj/TASK-260720-1zl1cj_review-rework-cycle-4.md
A  .task-board/.resources/TASK-260720-1zl1cj/TASK-260720-1zl1cj_review-rework-cycle-6.md
A  .task-board/.resources/TASK-260720-1zl1cj/TASK-260720-1zl1cj_review-rework-results.md
A  .task-board/.resources/TASK-260720-1zl1cj/TASK-260720-1zl1cj_review-verdict-cycle-2.md
A  .task-board/.resources/TASK-260720-1zl1cj/TASK-260720-1zl1cj_review-verdict-cycle-3.md
A  .task-board/.resources/TASK-260720-1zl1cj/TASK-260720-1zl1cj_review-verdict-cycle-4.md
A  .task-board/.resources/TASK-260720-1zl1cj/TASK-260720-1zl1cj_review-verdict-cycle-5.md
A  .task-board/.resources/TASK-260720-1zl1cj/TASK-260720-1zl1cj_review-verdict-cycle-6.md
A  .task-board/.resources/TASK-260720-1zl1cj/TASK-260720-1zl1cj_review-verdict.md
A  .task-board/.resources/TASK-260720-1zl1cj/TASK-260720-1zl1cj_spawn-log_-implementer--developer--codex-.log
A  .task-board/.resources/TASK-260720-1zl1cj/TASK-260720-1zl1cj_spawn-log_-reviewer--reviewer--codex-.log
A  .task-board/.resources/TASK-260720-1zntv0/TASK-260720-1zntv0_cycle-2-gate-logs.tar.gz
A  .task-board/.resources/TASK-260720-1zntv0/TASK-260720-1zntv0_go-v1-execution-boundary.puml
A  .task-board/.resources/TASK-260720-1zntv0/TASK-260720-1zntv0_go-v1-execution-boundary.svg
A  .task-board/.resources/TASK-260720-1zntv0/TASK-260720-1zntv0_host-execution-decision.md
A  .task-board/.resources/TASK-260720-1zntv0/TASK-260720-1zntv0_host-execution-review.md
A  .task-board/.resources/TASK-260720-1zntv0/TASK-260720-1zntv0_host-policy-blocker.md
A  .task-board/.resources/TASK-260720-1zntv0/TASK-260720-1zntv0_portable-review-cycle-1.md
A  .task-board/.resources/TASK-260720-1zntv0/TASK-260720-1zntv0_portable-review-cycle-2-verdict.md
A  .task-board/.resources/TASK-260720-1zntv0/TASK-260720-1zntv0_portable-worker-cycle-2.md
A  .task-board/.resources/TASK-260720-1zntv0/TASK-260720-1zntv0_portable-worker-results.md
A  .task-board/.resources/TASK-260720-1zntv0/TASK-260720-1zntv0_results.md
A  .task-board/.resources/TASK-260720-1zntv0/TASK-260720-1zntv0_review-verdict.md
A  .task-board/.resources/TASK-260720-1zntv0/TASK-260720-1zntv0_spawn-log_-analyst--solution-architect--codex-_RUN-260727-791dca.log
A  .task-board/.resources/TASK-260720-1zntv0/TASK-260720-1zntv0_spawn-log_-implementer--developer--claude-_RUN-260728-9e29f9.log
A  .task-board/.resources/TASK-260720-1zntv0/TASK-260720-1zntv0_spawn-log_-implementer--developer--claude-_RUN-260728-b97e34.log
A  .task-board/.resources/TASK-260720-1zntv0/TASK-260720-1zntv0_spawn-log_-implementer--developer--codex-.log
A  .task-board/.resources/TASK-260720-1zntv0/TASK-260720-1zntv0_spawn-log_-reviewer--reviewer--codex-.log
A  .task-board/.resources/TASK-260720-1zntv0/TASK-260720-1zntv0_spawn-log_-reviewer--reviewer--codex-_RUN-260727-725d16.log
A  .task-board/.resources/TASK-260720-1zntv0/TASK-260720-1zntv0_spawn-log_-reviewer--reviewer--codex-_RUN-260728-4ab2ca.log
A  .task-board/.resources/TASK-260720-1zntv0/TASK-260720-1zntv0_spawn-log_-reviewer--reviewer--codex-_RUN-260728-4e7785.log
A  .task-board/.resources/TASK-260720-1zntv0/portable-host-execution-accepted-spec.md
A  .task-board/.resources/TASK-260720-1zntv0/portable-host-execution-rework-evidence.md
A  .task-board/.resources/TASK-260720-2284br/TASK-260720-2284br_gate-evidence-rework-1.tar.gz
A  .task-board/.resources/TASK-260720-2284br/TASK-260720-2284br_gate-evidence-rework-2.tar.gz
A  .task-board/.resources/TASK-260720-2284br/TASK-260720-2284br_gate-evidence-rework-3.tar.gz
A  .task-board/.resources/TASK-260720-2284br/TASK-260720-2284br_gate-evidence-rework-4.tar.gz
A  .task-board/.resources/TASK-260720-2284br/TASK-260720-2284br_gate-evidence.tar.gz
A  .task-board/.resources/TASK-260720-2284br/TASK-260720-2284br_implementation-notes-rework-1.md
A  .task-board/.resources/TASK-260720-2284br/TASK-260720-2284br_implementation-notes-rework-2.md
A  .task-board/.resources/TASK-260720-2284br/TASK-260720-2284br_implementation-notes-rework-3.md
A  .task-board/.resources/TASK-260720-2284br/TASK-260720-2284br_implementation-notes-rework-4.md
A  .task-board/.resources/TASK-260720-2284br/TASK-260720-2284br_implementation-notes.md
A  .task-board/.resources/TASK-260720-2284br/TASK-260720-2284br_install-lifecycle.puml
A  .task-board/.resources/TASK-260720-2284br/TASK-260720-2284br_install-lifecycle.svg
A  .task-board/.resources/TASK-260720-2284br/TASK-260720-2284br_review-evidence-cycle-4.tar.gz
A  .task-board/.resources/TASK-260720-2284br/TASK-260720-2284br_review-verdict-cycle-1.md
A  .task-board/.resources/TASK-260720-2284br/TASK-260720-2284br_review-verdict-cycle-2.md
A  .task-board/.resources/TASK-260720-2284br/TASK-260720-2284br_review-verdict-cycle-3.md
A  .task-board/.resources/TASK-260720-2284br/TASK-260720-2284br_review-verdict-cycle-4.md
A  .task-board/.resources/TASK-260720-2284br/TASK-260720-2284br_review-verdict-cycle-5.md
A  .task-board/.resources/TASK-260720-2284br/TASK-260720-2284br_spawn-log_-implementer--developer--claude-_RUN-260728-023997.log
A  .task-board/.resources/TASK-260720-2284br/TASK-260720-2284br_spawn-log_-implementer--developer--claude-_RUN-260728-08f610.log
A  .task-board/.resources/TASK-260720-2284br/TASK-260720-2284br_spawn-log_-implementer--developer--claude-_RUN-260728-238d10.log
A  .task-board/.resources/TASK-260720-2284br/TASK-260720-2284br_spawn-log_-implementer--developer--claude-_RUN-260728-b80d71.log
A  .task-board/.resources/TASK-260720-2284br/TASK-260720-2284br_spawn-log_-implementer--developer--claude-_RUN-260728-bce7b9.log
A  .task-board/.resources/TASK-260720-2284br/TASK-260720-2284br_spawn-log_-implementer--developer--claude-_RUN-260728-ded7c1.log
A  .task-board/.resources/TASK-260720-2284br/TASK-260720-2284br_spawn-log_-implementer--developer--claude-_RUN-260728-e054e1.log
A  .task-board/.resources/TASK-260720-2284br/TASK-260720-2284br_spawn-log_-implementer--developer--claude-_RUN-260728-eb5a56.log
A  .task-board/.resources/TASK-260720-2284br/TASK-260720-2284br_spawn-log_-reviewer--reviewer--codex-_RUN-260728-0426e1.log
A  .task-board/.resources/TASK-260720-2284br/TASK-260720-2284br_spawn-log_-reviewer--reviewer--codex-_RUN-260728-2469cd.log
A  .task-board/.resources/TASK-260720-2284br/TASK-260720-2284br_spawn-log_-reviewer--reviewer--codex-_RUN-260728-27ac8a.log
A  .task-board/.resources/TASK-260720-2284br/TASK-260720-2284br_spawn-log_-reviewer--reviewer--codex-_RUN-260728-54c3f3.log
A  .task-board/.resources/TASK-260720-2284br/TASK-260720-2284br_spawn-log_-reviewer--reviewer--codex-_RUN-260728-82f89d.log
A  .task-board/.resources/TASK-260720-256kj1/TASK-260720-256kj1_atomic-repair-revalidation.md
A  .task-board/.resources/TASK-260720-256kj1/TASK-260720-256kj1_final-review-verdict.md
A  .task-board/.resources/TASK-260720-256kj1/TASK-260720-256kj1_results.md
A  .task-board/.resources/TASK-260720-256kj1/TASK-260720-256kj1_review-verdict.md
A  .task-board/.resources/TASK-260720-256kj1/TASK-260720-256kj1_spawn-log_-implementer--developer--codex-.log
A  .task-board/.resources/TASK-260720-256kj1/TASK-260720-256kj1_spawn-log_-reviewer--reviewer--codex-.log
A  .task-board/.resources/TASK-260720-29hi1h/TASK-260720-29hi1h_results.md
A  .task-board/.resources/TASK-260720-29hi1h/TASK-260720-29hi1h_review-verdict.md
A  .task-board/.resources/TASK-260720-29hi1h/TASK-260720-29hi1h_spawn-log_-implementer--developer--codex-.log
A  .task-board/.resources/TASK-260720-29hi1h/TASK-260720-29hi1h_spawn-log_-reviewer--reviewer--codex-.log
A  .task-board/.resources/TASK-260720-2dnqw2/TASK-260720-2dnqw2_implementation-evidence.md
A  .task-board/.resources/TASK-260720-2dnqw2/TASK-260720-2dnqw2_review-rework-cycle-2.md
A  .task-board/.resources/TASK-260720-2dnqw2/TASK-260720-2dnqw2_review-verdict-cycle-2.md
A  .task-board/.resources/TASK-260720-2dnqw2/TASK-260720-2dnqw2_review-verdict-cycle-3.md
A  .task-board/.resources/TASK-260720-2dnqw2/TASK-260720-2dnqw2_review-verdict.md
A  .task-board/.resources/TASK-260720-2dnqw2/TASK-260720-2dnqw2_spawn-log_-implementer--developer--claude-_RUN-260730-c17507.log
A  .task-board/.resources/TASK-260720-2dnqw2/TASK-260720-2dnqw2_spawn-log_-implementer--developer--codex-_RUN-260730-268d3e.log
A  .task-board/.resources/TASK-260720-2dnqw2/TASK-260720-2dnqw2_spawn-log_-implementer--developer--codex-_RUN-260730-d48f5d.log
A  .task-board/.resources/TASK-260720-2dnqw2/TASK-260720-2dnqw2_spawn-log_-reviewer--reviewer--codex-_RUN-260730-2565d2.log
A  .task-board/.resources/TASK-260720-2dnqw2/TASK-260720-2dnqw2_spawn-log_-reviewer--reviewer--codex-_RUN-260730-c1d794.log
A  .task-board/.resources/TASK-260720-2dnqw2/TASK-260720-2dnqw2_spawn-log_-reviewer--reviewer--codex-_RUN-260730-de296d.log
A  .task-board/.resources/TASK-260720-2dnqw2/TASK-260720-2dnqw2_tool-readiness.md
A  .task-board/.resources/TASK-260720-2g0e3b/TASK-260720-2g0e3b_results.md
A  .task-board/.resources/TASK-260720-2g0e3b/TASK-260720-2g0e3b_review.md
A  .task-board/.resources/TASK-260720-2g0e3b/TASK-260720-2g0e3b_spawn-log_-implementer--developer--codex-.log
A  .task-board/.resources/TASK-260720-2g0e3b/TASK-260720-2g0e3b_spawn-log_-reviewer--reviewer--codex-.log
A  .task-board/.resources/TASK-260720-2g21eg/TASK-260720-2g21eg_cycle3-fixture-stability.log
A  .task-board/.resources/TASK-260720-2g21eg/TASK-260720-2g21eg_cycle3-focused-pytest.xml
A  .task-board/.resources/TASK-260720-2g21eg/TASK-260720-2g21eg_cycle3-full-pytest.xml
A  .task-board/.resources/TASK-260720-2g21eg/TASK-260720-2g21eg_cycle3-hygiene.log
A  .task-board/.resources/TASK-260720-2g21eg/TASK-260720-2g21eg_cycle3-mypy.log
A  .task-board/.resources/TASK-260720-2g21eg/TASK-260720-2g21eg_cycle3-native-probe-measurement.log
A  .task-board/.resources/TASK-260720-2g21eg/TASK-260720-2g21eg_cycle3-real-go-fixture.xml
A  .task-board/.resources/TASK-260720-2g21eg/TASK-260720-2g21eg_cycle3-startup-hook-binding.log
A  .task-board/.resources/TASK-260720-2g21eg/TASK-260720-2g21eg_cycle4-focused.xml
A  .task-board/.resources/TASK-260720-2g21eg/TASK-260720-2g21eg_cycle4-full.xml
A  .task-board/.resources/TASK-260720-2g21eg/TASK-260720-2g21eg_cycle4-native-fixture.xml
A  .task-board/.resources/TASK-260720-2g21eg/TASK-260720-2g21eg_cycle4-wheel.whl
A  .task-board/.resources/TASK-260720-2g21eg/TASK-260720-2g21eg_cycle5-candidate8.whl
A  .task-board/.resources/TASK-260720-2g21eg/TASK-260720-2g21eg_cycle5-changed-coverage.md
A  .task-board/.resources/TASK-260720-2g21eg/TASK-260720-2g21eg_cycle5-coverage.json
A  .task-board/.resources/TASK-260720-2g21eg/TASK-260720-2g21eg_cycle5-developer-handoff.md
A  .task-board/.resources/TASK-260720-2g21eg/TASK-260720-2g21eg_cycle5-focused-final.xml
A  .task-board/.resources/TASK-260720-2g21eg/TASK-260720-2g21eg_cycle5-full-final.xml
A  .task-board/.resources/TASK-260720-2g21eg/TASK-260720-2g21eg_cycle5-macos-native-candidate8.xml
A  .task-board/.resources/TASK-260720-2g21eg/TASK-260720-2g21eg_cycle5-macos-native-final.xml
A  .task-board/.resources/TASK-260720-2g21eg/TASK-260720-2g21eg_cycle5-windows-native-candidate6.xml
A  .task-board/.resources/TASK-260720-2g21eg/TASK-260720-2g21eg_cycle5-windows-native-candidate8-final.xml
A  .task-board/.resources/TASK-260720-2g21eg/TASK-260720-2g21eg_cycle5-windows-native-candidate8.xml
A  .task-board/.resources/TASK-260720-2g21eg/TASK-260720-2g21eg_cycle5-windows-python-home-producer.xml
A  .task-board/.resources/TASK-260720-2g21eg/TASK-260720-2g21eg_cycle6-ci-portability-rework.md
A  .task-board/.resources/TASK-260720-2g21eg/TASK-260720-2g21eg_cycle6-final-wheel.whl
A  .task-board/.resources/TASK-260720-2g21eg/TASK-260720-2g21eg_cycle6-linux-focused-final.xml
A  .task-board/.resources/TASK-260720-2g21eg/TASK-260720-2g21eg_cycle6-macos-focused-final.xml
A  .task-board/.resources/TASK-260720-2g21eg/TASK-260720-2g21eg_cycle6-macos-full-final.xml
A  .task-board/.resources/TASK-260720-2g21eg/TASK-260720-2g21eg_cycle6-macos-native-final.xml
A  .task-board/.resources/TASK-260720-2g21eg/TASK-260720-2g21eg_cycle6-windows-focused.xml
A  .task-board/.resources/TASK-260720-2g21eg/TASK-260720-2g21eg_cycle6-windows-full.xml
A  .task-board/.resources/TASK-260720-2g21eg/TASK-260720-2g21eg_diagnose_windows_worker.py
A  .task-board/.resources/TASK-260720-2g21eg/TASK-260720-2g21eg_focused-pytest.xml
A  .task-board/.resources/TASK-260720-2g21eg/TASK-260720-2g21eg_full-pytest.xml
A  .task-board/.resources/TASK-260720-2g21eg/TASK-260720-2g21eg_measure_changed_coverage.py
A  .task-board/.resources/TASK-260720-2g21eg/TASK-260720-2g21eg_probe_windows_console_archive.py
A  .task-board/.resources/TASK-260720-2g21eg/TASK-260720-2g21eg_probe_windows_launch_capability.py
A  .task-board/.resources/TASK-260720-2g21eg/TASK-260720-2g21eg_real-go-fixture.xml
A  .task-board/.resources/TASK-260720-2g21eg/TASK-260720-2g21eg_results.md
A  .task-board/.resources/TASK-260720-2g21eg/TASK-260720-2g21eg_review-rework-cycle-2.md
A  .task-board/.resources/TASK-260720-2g21eg/TASK-260720-2g21eg_review-rework-cycle-3.md
A  .task-board/.resources/TASK-260720-2g21eg/TASK-260720-2g21eg_review-verdict-cycle-2.md
A  .task-board/.resources/TASK-260720-2g21eg/TASK-260720-2g21eg_review-verdict-cycle-3.md
A  .task-board/.resources/TASK-260720-2g21eg/TASK-260720-2g21eg_review-verdict-cycle-4.md
A  .task-board/.resources/TASK-260720-2g21eg/TASK-260720-2g21eg_review-verdict-cycle-5.md
A  .task-board/.resources/TASK-260720-2g21eg/TASK-260720-2g21eg_review-verdict-cycle-6.md
A  .task-board/.resources/TASK-260720-2g21eg/TASK-260720-2g21eg_review-verdict.md
A  .task-board/.resources/TASK-260720-2g21eg/TASK-260720-2g21eg_reviewer-cycle2-focused-pytest.xml
A  .task-board/.resources/TASK-260720-2g21eg/TASK-260720-2g21eg_reviewer-cycle2-full-pytest.xml
A  .task-board/.resources/TASK-260720-2g21eg/TASK-260720-2g21eg_reviewer-cycle2-hygiene.log
A  .task-board/.resources/TASK-260720-2g21eg/TASK-260720-2g21eg_reviewer-cycle2-mypy.log
A  .task-board/.resources/TASK-260720-2g21eg/TASK-260720-2g21eg_reviewer-cycle2-native-identity-stress.log
A  .task-board/.resources/TASK-260720-2g21eg/TASK-260720-2g21eg_reviewer-cycle2-native-probe-gap.log
A  .task-board/.resources/TASK-260720-2g21eg/TASK-260720-2g21eg_reviewer-cycle2-pth-accepted-fixture.log
A  .task-board/.resources/TASK-260720-2g21eg/TASK-260720-2g21eg_reviewer-cycle2-pth-probe.log
A  .task-board/.resources/TASK-260720-2g21eg/TASK-260720-2g21eg_reviewer-cycle3-hidden-mode-user-selection.log
A  .task-board/.resources/TASK-260720-2g21eg/TASK-260720-2g21eg_reviewer-cycle3-stdlib-identity-probe.log
A  .task-board/.resources/TASK-260720-2g21eg/TASK-260720-2g21eg_reviewer-cycle4-focused.xml
A  .task-board/.resources/TASK-260720-2g21eg/TASK-260720-2g21eg_reviewer-cycle4-full.xml
A  .task-board/.resources/TASK-260720-2g21eg/TASK-260720-2g21eg_reviewer-cycle4-native-fixture.xml
A  .task-board/.resources/TASK-260720-2g21eg/TASK-260720-2g21eg_reviewer-cycle5-focused-unit.xml
A  .task-board/.resources/TASK-260720-2g21eg/TASK-260720-2g21eg_reviewer-cycle5-native-fixture.xml
A  .task-board/.resources/TASK-260720-2g21eg/TASK-260720-2g21eg_reviewer-cycle6-linux-focused.xml
A  .task-board/.resources/TASK-260720-2g21eg/TASK-260720-2g21eg_reviewer-cycle6-macos-focused.xml
A  .task-board/.resources/TASK-260720-2g21eg/TASK-260720-2g21eg_reviewer-cycle6-macos-full.xml
A  .task-board/.resources/TASK-260720-2g21eg/TASK-260720-2g21eg_reviewer-cycle6-macos-native-fixture.xml
A  .task-board/.resources/TASK-260720-2g21eg/TASK-260720-2g21eg_reviewer-cycle6-windows-native-focused.xml
A  .task-board/.resources/TASK-260720-2g21eg/TASK-260720-2g21eg_spawn-log_-implementer--developer--claude-_RUN-260730-563eec.log
A  .task-board/.resources/TASK-260720-2g21eg/TASK-260720-2g21eg_spawn-log_-implementer--developer--codex-_RUN-260730-015113.log
A  .task-board/.resources/TASK-260720-2g21eg/TASK-260720-2g21eg_spawn-log_-implementer--developer--codex-_RUN-260730-607ae3.log
A  .task-board/.resources/TASK-260720-2g21eg/TASK-260720-2g21eg_spawn-log_-implementer--developer--codex-_RUN-260730-61f29f.log
A  .task-board/.resources/TASK-260720-2g21eg/TASK-260720-2g21eg_spawn-log_-implementer--developer--codex-_RUN-260730-7c65a7.log
A  .task-board/.resources/TASK-260720-2g21eg/TASK-260720-2g21eg_spawn-log_-implementer--developer--codex-_RUN-260730-c1e639.log
A  .task-board/.resources/TASK-260720-2g21eg/TASK-260720-2g21eg_spawn-log_-implementer--developer--codex-_RUN-260730-f0186c.log
A  .task-board/.resources/TASK-260720-2g21eg/TASK-260720-2g21eg_spawn-log_-implementer--developer--codex-_RUN-260730-ff6f00.log
A  .task-board/.resources/TASK-260720-2g21eg/TASK-260720-2g21eg_spawn-log_-reviewer--reviewer--claude-_RUN-260730-5534f8.log
A  .task-board/.resources/TASK-260720-2g21eg/TASK-260720-2g21eg_spawn-log_-reviewer--reviewer--claude-_RUN-260730-8cc7f0.log
A  .task-board/.resources/TASK-260720-2g21eg/TASK-260720-2g21eg_spawn-log_-reviewer--reviewer--codex-_RUN-260730-2d9409.log
A  .task-board/.resources/TASK-260720-2g21eg/TASK-260720-2g21eg_spawn-log_-reviewer--reviewer--codex-_RUN-260730-c4d3a3.log
A  .task-board/.resources/TASK-260720-2g21eg/TASK-260720-2g21eg_spawn-log_-reviewer--reviewer--codex-_RUN-260730-e777e2.log
A  .task-board/.resources/TASK-260720-2g21eg/TASK-260720-2g21eg_spawn-log_-reviewer--reviewer--codex-_RUN-260730-e96c23.log
A  .task-board/.resources/TASK-260720-2g21eg/TASK-260720-2g21eg_spawn-log_-tester--tester--codex-_RUN-260730-3716a5.log
A  .task-board/.resources/TASK-260720-2g21eg/TASK-260720-2g21eg_test_windows_python_home_identity.py
A  .task-board/.resources/TASK-260720-2g21eg/TASK-260720-2g21eg_tester-windows-accepted.xml
A  .task-board/.resources/TASK-260720-2g21eg/TASK-260720-2g21eg_tester-windows-worker-diagnosis.md
A  .task-board/.resources/TASK-260720-2g21eg/TASK-260720-2g21eg_tool-readiness-cycle4.md
A  .task-board/.resources/TASK-260720-2g21eg/TASK-260720-2g21eg_windows-console-overlay-cli.py
A  .task-board/.resources/TASK-260720-2g7avf/TASK-260720-2g7avf_independent-consumers.puml
A  .task-board/.resources/TASK-260720-2g7avf/TASK-260720-2g7avf_independent-consumers.svg
A  .task-board/.resources/TASK-260720-2g7avf/TASK-260720-2g7avf_source-contract.md
A  .task-board/.resources/TASK-260720-2jfnz6/TASK-260720-2jfnz6_concurrent-seal-window-probe_RUN-260730-525645.log
A  .task-board/.resources/TASK-260720-2jfnz6/TASK-260720-2jfnz6_concurrent-seal-window-probe_RUN-260730-525645.py
A  .task-board/.resources/TASK-260720-2jfnz6/TASK-260720-2jfnz6_implementation-evidence.md
A  .task-board/.resources/TASK-260720-2jfnz6/TASK-260720-2jfnz6_linux-capability-matrix-evidence.md
A  .task-board/.resources/TASK-260720-2jfnz6/TASK-260720-2jfnz6_linux-ci-rework.md
A  .task-board/.resources/TASK-260720-2jfnz6/TASK-260720-2jfnz6_r3-identity-stable-publication-evidence.md
A  .task-board/.resources/TASK-260720-2jfnz6/TASK-260720-2jfnz6_r4-lint-rework-evidence.md
A  .task-board/.resources/TASK-260720-2jfnz6/TASK-260720-2jfnz6_review-verdict.md
A  .task-board/.resources/TASK-260720-2jfnz6/TASK-260720-2jfnz6_review-verdict_RUN-260730-218124.md
A  .task-board/.resources/TASK-260720-2jfnz6/TASK-260720-2jfnz6_review-verdict_RUN-260730-525645.md
A  .task-board/.resources/TASK-260720-2jfnz6/TASK-260720-2jfnz6_review-verdict_RUN-260730-a67852.md
A  .task-board/.resources/TASK-260720-2jfnz6/TASK-260720-2jfnz6_review-verdict_RUN-260730-bb92a2.md
A  .task-board/.resources/TASK-260720-2jfnz6/TASK-260720-2jfnz6_spawn-log_-implementer--developer--codex-_RUN-260730-06ff92.log
A  .task-board/.resources/TASK-260720-2jfnz6/TASK-260720-2jfnz6_spawn-log_-implementer--developer--codex-_RUN-260730-55691f.log
A  .task-board/.resources/TASK-260720-2jfnz6/TASK-260720-2jfnz6_spawn-log_-implementer--developer--codex-_RUN-260730-5daf43.log
A  .task-board/.resources/TASK-260720-2jfnz6/TASK-260720-2jfnz6_spawn-log_-implementer--developer--codex-_RUN-260730-7f45a4.log
A  .task-board/.resources/TASK-260720-2jfnz6/TASK-260720-2jfnz6_spawn-log_-implementer--developer--codex-_RUN-260730-a03c18.log
A  .task-board/.resources/TASK-260720-2jfnz6/TASK-260720-2jfnz6_spawn-log_-implementer--developer--codex-_RUN-260730-ccb38d.log
A  .task-board/.resources/TASK-260720-2jfnz6/TASK-260720-2jfnz6_spawn-log_-reviewer--reviewer--codex-_RUN-260730-218124.log
A  .task-board/.resources/TASK-260720-2jfnz6/TASK-260720-2jfnz6_spawn-log_-reviewer--reviewer--codex-_RUN-260730-525645.log
A  .task-board/.resources/TASK-260720-2jfnz6/TASK-260720-2jfnz6_spawn-log_-reviewer--reviewer--codex-_RUN-260730-91bfce.log
A  .task-board/.resources/TASK-260720-2jfnz6/TASK-260720-2jfnz6_spawn-log_-reviewer--reviewer--codex-_RUN-260730-a67852.log
A  .task-board/.resources/TASK-260720-2jfnz6/TASK-260720-2jfnz6_spawn-log_-reviewer--reviewer--codex-_RUN-260730-bb92a2.log
A  .task-board/.resources/TASK-260720-2jfnz6/TASK-260720-2jfnz6_tool-readiness.md
A  .task-board/.resources/TASK-260720-2qqq0w/TASK-260720-2qqq0w_final-review-verdict.md
A  .task-board/.resources/TASK-260720-2qqq0w/TASK-260720-2qqq0w_reviewer-verdict.md
A  .task-board/.resources/TASK-260720-2qqq0w/TASK-260720-2qqq0w_rework-results.md
A  .task-board/.resources/TASK-260720-2qqq0w/TASK-260720-2qqq0w_rework-test-results.md
A  .task-board/.resources/TASK-260720-2qqq0w/TASK-260720-2qqq0w_spawn-log_-implementer--developer--claude-_RUN-260729-12a232.log
A  .task-board/.resources/TASK-260720-2qqq0w/TASK-260720-2qqq0w_spawn-log_-implementer--developer--claude-_RUN-260729-3c54a7.log
A  .task-board/.resources/TASK-260720-2qqq0w/TASK-260720-2qqq0w_spawn-log_-reviewer--reviewer--codex-_RUN-260729-57bb5e.log
A  .task-board/.resources/TASK-260720-2qqq0w/TASK-260720-2qqq0w_spawn-log_-reviewer--reviewer--codex-_RUN-260729-a4309e.log
A  .task-board/.resources/TASK-260720-2qqq0w/TASK-260720-2qqq0w_spawn-log_-tester--tester--codex-_RUN-260729-dc5210.log
A  .task-board/.resources/TASK-260720-2qqq0w/TASK-260720-2qqq0w_spawn-log_-tester--tester--codex-_RUN-260729-f12ef0.log
A  .task-board/.resources/TASK-260720-2qqq0w/TASK-260720-2qqq0w_test-results.md
A  .task-board/.resources/TASK-260720-2x6mjn/TASK-260720-2x6mjn_results.md
A  .task-board/.resources/TASK-260720-2x6mjn/TASK-260720-2x6mjn_review-probes.tar.gz
A  .task-board/.resources/TASK-260720-2x6mjn/TASK-260720-2x6mjn_review-verdict-cycle2.md
A  .task-board/.resources/TASK-260720-2x6mjn/TASK-260720-2x6mjn_review-verdict-cycle3.md
A  .task-board/.resources/TASK-260720-2x6mjn/TASK-260720-2x6mjn_review-verdict-cycle4.md
A  .task-board/.resources/TASK-260720-2x6mjn/TASK-260720-2x6mjn_review-verdict-cycle5.md
A  .task-board/.resources/TASK-260720-2x6mjn/TASK-260720-2x6mjn_review-verdict.md
A  .task-board/.resources/TASK-260720-2x6mjn/TASK-260720-2x6mjn_review2-probes.tar.gz
A  .task-board/.resources/TASK-260720-2x6mjn/TASK-260720-2x6mjn_review3-evidence.tar.gz
A  .task-board/.resources/TASK-260720-2x6mjn/TASK-260720-2x6mjn_review4-evidence.tar.gz
A  .task-board/.resources/TASK-260720-2x6mjn/TASK-260720-2x6mjn_review5-evidence.tar.gz
A  .task-board/.resources/TASK-260720-2x6mjn/TASK-260720-2x6mjn_spawn-log_-implementer--developer--codex-_RUN-260730-0da22f.log
A  .task-board/.resources/TASK-260720-2x6mjn/TASK-260720-2x6mjn_spawn-log_-implementer--developer--codex-_RUN-260730-2f9813.log
A  .task-board/.resources/TASK-260720-2x6mjn/TASK-260720-2x6mjn_spawn-log_-implementer--developer--codex-_RUN-260730-39adb5.log
A  .task-board/.resources/TASK-260720-2x6mjn/TASK-260720-2x6mjn_spawn-log_-implementer--developer--codex-_RUN-260730-dcc342.log
A  .task-board/.resources/TASK-260720-2x6mjn/TASK-260720-2x6mjn_spawn-log_-implementer--developer--codex-_RUN-260730-fd96a4.log
A  .task-board/.resources/TASK-260720-2x6mjn/TASK-260720-2x6mjn_spawn-log_-reviewer--reviewer--claude-_RUN-260730-6a9fa9.log
A  .task-board/.resources/TASK-260720-2x6mjn/TASK-260720-2x6mjn_spawn-log_-reviewer--reviewer--claude-_RUN-260730-819f46.log
A  .task-board/.resources/TASK-260720-2x6mjn/TASK-260720-2x6mjn_spawn-log_-reviewer--reviewer--claude-_RUN-260730-b310b4.log
A  .task-board/.resources/TASK-260720-2x6mjn/TASK-260720-2x6mjn_spawn-log_-reviewer--reviewer--claude-_RUN-260730-b68d14.log
A  .task-board/.resources/TASK-260720-2x6mjn/TASK-260720-2x6mjn_spawn-log_-reviewer--reviewer--claude-_RUN-260730-ccb11a.log
A  .task-board/.resources/TASK-260720-2x6mjn/TASK-260720-2x6mjn_windows-ci-rework-results.md
A  .task-board/.resources/TASK-260720-2x6mjn/windows-ci-rework.md
A  .task-board/.resources/TASK-260720-2zc6k1/TASK-260720-2zc6k1_results.md
A  .task-board/.resources/TASK-260720-2zc6k1/TASK-260720-2zc6k1_review.md
A  .task-board/.resources/TASK-260720-2zc6k1/TASK-260720-2zc6k1_spawn-log_-implementer--developer--codex-.log
A  .task-board/.resources/TASK-260720-2zc6k1/TASK-260720-2zc6k1_spawn-log_-reviewer--reviewer--codex-.log
A  .task-board/.resources/TASK-260720-31nl14/TASK-260720-1zl1cj_candidate-handoff.md
A  .task-board/.resources/TASK-260720-31nl14/TASK-260720-31nl14_evidence.tar.gz
A  .task-board/.resources/TASK-260720-31nl14/TASK-260720-31nl14_native-windows-cycle-10.log
A  .task-board/.resources/TASK-260720-31nl14/TASK-260720-31nl14_results.md
A  .task-board/.resources/TASK-260720-31nl14/TASK-260720-31nl14_review-cycle-1-rework-evidence.tar.gz
A  .task-board/.resources/TASK-260720-31nl14/TASK-260720-31nl14_review-cycle-1-rework-validation.md
A  .task-board/.resources/TASK-260720-31nl14/TASK-260720-31nl14_review-cycle-1-verdict.md
A  .task-board/.resources/TASK-260720-31nl14/TASK-260720-31nl14_review-cycle-10-rework-evidence.tar.gz
A  .task-board/.resources/TASK-260720-31nl14/TASK-260720-31nl14_review-cycle-10-rework-validation.md
A  .task-board/.resources/TASK-260720-31nl14/TASK-260720-31nl14_review-cycle-10-verdict.md
A  .task-board/.resources/TASK-260720-31nl14/TASK-260720-31nl14_review-cycle-11-evidence.tar.gz
A  .task-board/.resources/TASK-260720-31nl14/TASK-260720-31nl14_review-cycle-11-verdict.md
A  .task-board/.resources/TASK-260720-31nl14/TASK-260720-31nl14_review-cycle-2-rework-validation.md
A  .task-board/.resources/TASK-260720-31nl14/TASK-260720-31nl14_review-cycle-2-verdict.md
A  .task-board/.resources/TASK-260720-31nl14/TASK-260720-31nl14_review-cycle-3-rework-validation.md
A  .task-board/.resources/TASK-260720-31nl14/TASK-260720-31nl14_review-cycle-3-verdict.md
A  .task-board/.resources/TASK-260720-31nl14/TASK-260720-31nl14_review-cycle-4-rework-validation.md
A  .task-board/.resources/TASK-260720-31nl14/TASK-260720-31nl14_review-cycle-4-verdict.md
A  .task-board/.resources/TASK-260720-31nl14/TASK-260720-31nl14_review-cycle-5-rework-validation.md
A  .task-board/.resources/TASK-260720-31nl14/TASK-260720-31nl14_review-cycle-5-verdict.md
A  .task-board/.resources/TASK-260720-31nl14/TASK-260720-31nl14_review-cycle-5.cover.out
A  .task-board/.resources/TASK-260720-31nl14/TASK-260720-31nl14_review-cycle-6-rework-validation.md
A  .task-board/.resources/TASK-260720-31nl14/TASK-260720-31nl14_review-cycle-6-verdict.md
A  .task-board/.resources/TASK-260720-31nl14/TASK-260720-31nl14_review-cycle-6.cover.out
A  .task-board/.resources/TASK-260720-31nl14/TASK-260720-31nl14_review-cycle-7-rework-validation.md
A  .task-board/.resources/TASK-260720-31nl14/TASK-260720-31nl14_review-cycle-7-verdict.md
A  .task-board/.resources/TASK-260720-31nl14/TASK-260720-31nl14_review-cycle-7.cover.out
A  .task-board/.resources/TASK-260720-31nl14/TASK-260720-31nl14_review-cycle-8-evidence.tar.gz
A  .task-board/.resources/TASK-260720-31nl14/TASK-260720-31nl14_review-cycle-8-rework-validation.md
A  .task-board/.resources/TASK-260720-31nl14/TASK-260720-31nl14_review-cycle-8-verdict.md
A  .task-board/.resources/TASK-260720-31nl14/TASK-260720-31nl14_review-cycle-8.cover.out
A  .task-board/.resources/TASK-260720-31nl14/TASK-260720-31nl14_review-cycle-9-verdict.md
A  .task-board/.resources/TASK-260720-31nl14/TASK-260720-31nl14_spawn-log_-implementer--developer--codex-.log
A  .task-board/.resources/TASK-260720-31nl14/TASK-260720-31nl14_spawn-log_-reviewer--reviewer--codex-.log
A  .task-board/.resources/TASK-260720-37ei85/TASK-260720-37ei85_blocker.md
A  .task-board/.resources/TASK-260720-37ei85/TASK-260720-37ei85_compatibility-decision.md
A  .task-board/.resources/TASK-260720-37ei85/TASK-260720-37ei85_compatibility-guard-plan.md
A  .task-board/.resources/TASK-260720-37ei85/TASK-260720-37ei85_results.md
A  .task-board/.resources/TASK-260720-37ei85/TASK-260720-37ei85_review-2-verdict.md
A  .task-board/.resources/TASK-260720-37ei85/TASK-260720-37ei85_review-verdict.md
A  .task-board/.resources/TASK-260720-37ei85/TASK-260720-37ei85_rework-1.md
A  .task-board/.resources/TASK-260720-37ei85/TASK-260720-37ei85_spawn-log_-implementer--developer--codex-.log
A  .task-board/.resources/TASK-260720-37ei85/TASK-260720-37ei85_spawn-log_-reviewer--reviewer--codex-.log
A  .task-board/.resources/TASK-260720-3ag6pi/TASK-260720-3ag6pi_coverage-matrix.md
A  .task-board/.resources/TASK-260720-3ag6pi/TASK-260720-3ag6pi_cycle-3-coverage-matrix.md
A  .task-board/.resources/TASK-260720-3ag6pi/TASK-260720-3ag6pi_cycle-3-results.md
A  .task-board/.resources/TASK-260720-3ag6pi/TASK-260720-3ag6pi_cycle-3-reverify-legacy-compatibility.log
A  .task-board/.resources/TASK-260720-3ag6pi/TASK-260720-3ag6pi_cycle-3-reverify-lifecycle-semantic-parity.log
A  .task-board/.resources/TASK-260720-3ag6pi/TASK-260720-3ag6pi_cycle-3-reverify-manifest-inventory.log
A  .task-board/.resources/TASK-260720-3ag6pi/TASK-260720-3ag6pi_cycle-3-reverify-quality.log
A  .task-board/.resources/TASK-260720-3ag6pi/TASK-260720-3ag6pi_cycle-3-reverify-regenerate-1.log
A  .task-board/.resources/TASK-260720-3ag6pi/TASK-260720-3ag6pi_cycle-3-reverify-regenerate-2.log
A  .task-board/.resources/TASK-260720-3ag6pi/TASK-260720-3ag6pi_cycle-3-reverify-regenerate-check.log
A  .task-board/.resources/TASK-260720-3ag6pi/TASK-260720-3ag6pi_cycle-3-reverify-regeneration-compare.log
A  .task-board/.resources/TASK-260720-3ag6pi/TASK-260720-3ag6pi_cycle-3-reverify-release-check-rc4-expected-red.log
A  .task-board/.resources/TASK-260720-3ag6pi/TASK-260720-3ag6pi_cycle-3-reverify-release-check-rc6.log
A  .task-board/.resources/TASK-260720-3ag6pi/TASK-260720-3ag6pi_cycle-3-reverify-remote-provenance.log
A  .task-board/.resources/TASK-260720-3ag6pi/TASK-260720-3ag6pi_cycle-3-reverify-safety-publication.log
A  .task-board/.resources/TASK-260720-3ag6pi/TASK-260720-3ag6pi_cycle-3-reverify-validate.log
A  .task-board/.resources/TASK-260720-3ag6pi/TASK-260720-3ag6pi_cycle-4-coverage-matrix.md
A  .task-board/.resources/TASK-260720-3ag6pi/TASK-260720-3ag6pi_cycle-4-provenance.log
A  .task-board/.resources/TASK-260720-3ag6pi/TASK-260720-3ag6pi_cycle-4-quality.log
A  .task-board/.resources/TASK-260720-3ag6pi/TASK-260720-3ag6pi_cycle-4-regenerate-1.log
A  .task-board/.resources/TASK-260720-3ag6pi/TASK-260720-3ag6pi_cycle-4-regenerate-2.log
A  .task-board/.resources/TASK-260720-3ag6pi/TASK-260720-3ag6pi_cycle-4-regenerate-check.log
A  .task-board/.resources/TASK-260720-3ag6pi/TASK-260720-3ag6pi_cycle-4-regeneration-compare.log
A  .task-board/.resources/TASK-260720-3ag6pi/TASK-260720-3ag6pi_cycle-4-release-check-rc6.log
A  .task-board/.resources/TASK-260720-3ag6pi/TASK-260720-3ag6pi_cycle-4-results.md
A  .task-board/.resources/TASK-260720-3ag6pi/TASK-260720-3ag6pi_cycle-4-validate.log
A  .task-board/.resources/TASK-260720-3ag6pi/TASK-260720-3ag6pi_cycle-4-workflow-drift.log
A  .task-board/.resources/TASK-260720-3ag6pi/TASK-260720-3ag6pi_legacy-compatibility.log
A  .task-board/.resources/TASK-260720-3ag6pi/TASK-260720-3ag6pi_manifest-inventory.log
A  .task-board/.resources/TASK-260720-3ag6pi/TASK-260720-3ag6pi_quality.log
A  .task-board/.resources/TASK-260720-3ag6pi/TASK-260720-3ag6pi_regenerate-1.log
A  .task-board/.resources/TASK-260720-3ag6pi/TASK-260720-3ag6pi_regenerate-2.log
A  .task-board/.resources/TASK-260720-3ag6pi/TASK-260720-3ag6pi_regenerate-check.log
A  .task-board/.resources/TASK-260720-3ag6pi/TASK-260720-3ag6pi_release-check-rc4-attempt1.log
A  .task-board/.resources/TASK-260720-3ag6pi/TASK-260720-3ag6pi_release-check-rc4-attempt4.log
A  .task-board/.resources/TASK-260720-3ag6pi/TASK-260720-3ag6pi_release-check-rc4.log
A  .task-board/.resources/TASK-260720-3ag6pi/TASK-260720-3ag6pi_results.md
A  .task-board/.resources/TASK-260720-3ag6pi/TASK-260720-3ag6pi_review-cycle-2-coverage-matrix.md
A  .task-board/.resources/TASK-260720-3ag6pi/TASK-260720-3ag6pi_review-cycle-2-legacy-compatibility.log
A  .task-board/.resources/TASK-260720-3ag6pi/TASK-260720-3ag6pi_review-cycle-2-manifest-inventory.log
A  .task-board/.resources/TASK-260720-3ag6pi/TASK-260720-3ag6pi_review-cycle-2-preserved-surfaces.log
A  .task-board/.resources/TASK-260720-3ag6pi/TASK-260720-3ag6pi_review-cycle-2-provenance.log
A  .task-board/.resources/TASK-260720-3ag6pi/TASK-260720-3ag6pi_review-cycle-2-quality.log
A  .task-board/.resources/TASK-260720-3ag6pi/TASK-260720-3ag6pi_review-cycle-2-regenerate-1.log
A  .task-board/.resources/TASK-260720-3ag6pi/TASK-260720-3ag6pi_review-cycle-2-regenerate-2.log
A  .task-board/.resources/TASK-260720-3ag6pi/TASK-260720-3ag6pi_review-cycle-2-regenerate-check.log
A  .task-board/.resources/TASK-260720-3ag6pi/TASK-260720-3ag6pi_review-cycle-2-regression-audit.log
A  .task-board/.resources/TASK-260720-3ag6pi/TASK-260720-3ag6pi_review-cycle-2-release-check-rc4-negative.log
A  .task-board/.resources/TASK-260720-3ag6pi/TASK-260720-3ag6pi_review-cycle-2-release-check-rc5.log
A  .task-board/.resources/TASK-260720-3ag6pi/TASK-260720-3ag6pi_review-cycle-2-safety-publication.log
A  .task-board/.resources/TASK-260720-3ag6pi/TASK-260720-3ag6pi_review-cycle-2-validate.log
A  .task-board/.resources/TASK-260720-3ag6pi/TASK-260720-3ag6pi_review-cycle-2-verdict.md
A  .task-board/.resources/TASK-260720-3ag6pi/TASK-260720-3ag6pi_review-cycle-3-focused-negative-and-lifecycle.log
A  .task-board/.resources/TASK-260720-3ag6pi/TASK-260720-3ag6pi_review-cycle-3-inventory-legacy-safety.log
A  .task-board/.resources/TASK-260720-3ag6pi/TASK-260720-3ag6pi_review-cycle-3-provenance-and-parity.log
A  .task-board/.resources/TASK-260720-3ag6pi/TASK-260720-3ag6pi_review-cycle-3-quality.log
A  .task-board/.resources/TASK-260720-3ag6pi/TASK-260720-3ag6pi_review-cycle-3-regenerate-1.log
A  .task-board/.resources/TASK-260720-3ag6pi/TASK-260720-3ag6pi_review-cycle-3-regenerate-2.log
A  .task-board/.resources/TASK-260720-3ag6pi/TASK-260720-3ag6pi_review-cycle-3-regenerate-check.log
A  .task-board/.resources/TASK-260720-3ag6pi/TASK-260720-3ag6pi_review-cycle-3-regeneration-compare.log
A  .task-board/.resources/TASK-260720-3ag6pi/TASK-260720-3ag6pi_review-cycle-3-release-check-rc4-expected-red.log
A  .task-board/.resources/TASK-260720-3ag6pi/TASK-260720-3ag6pi_review-cycle-3-release-check-rc6.log
A  .task-board/.resources/TASK-260720-3ag6pi/TASK-260720-3ag6pi_review-cycle-3-tool-readiness.log
A  .task-board/.resources/TASK-260720-3ag6pi/TASK-260720-3ag6pi_review-cycle-3-validate.log
A  .task-board/.resources/TASK-260720-3ag6pi/TASK-260720-3ag6pi_review-cycle-3-verdict.md
A  .task-board/.resources/TASK-260720-3ag6pi/TASK-260720-3ag6pi_review-cycle-3-workflow-drift-negative.log
A  .task-board/.resources/TASK-260720-3ag6pi/TASK-260720-3ag6pi_review-cycle-4-verdict.md
A  .task-board/.resources/TASK-260720-3ag6pi/TASK-260720-3ag6pi_reviewer-verdict.md
A  .task-board/.resources/TASK-260720-3ag6pi/TASK-260720-3ag6pi_safety-publication.log
A  .task-board/.resources/TASK-260720-3ag6pi/TASK-260720-3ag6pi_spawn-log_-implementer--developer--codex-.log
A  .task-board/.resources/TASK-260720-3ag6pi/TASK-260720-3ag6pi_spawn-log_-implementer--developer--codex-_RUN-260730-2cf58b.log
A  .task-board/.resources/TASK-260720-3ag6pi/TASK-260720-3ag6pi_spawn-log_-implementer--developer--codex-_RUN-260730-7d2a7c.log
A  .task-board/.resources/TASK-260720-3ag6pi/TASK-260720-3ag6pi_spawn-log_-implementer--developer--codex-_RUN-260730-eb64d4.log
A  .task-board/.resources/TASK-260720-3ag6pi/TASK-260720-3ag6pi_spawn-log_-reviewer--reviewer--codex-.log
A  .task-board/.resources/TASK-260720-3ag6pi/TASK-260720-3ag6pi_spawn-log_-reviewer--reviewer--codex-_RUN-260730-2e09d3.log
A  .task-board/.resources/TASK-260720-3ag6pi/TASK-260720-3ag6pi_spawn-log_-reviewer--reviewer--codex-_RUN-260730-e99621.log
A  .task-board/.resources/TASK-260720-3ag6pi/TASK-260720-3ag6pi_spawn-log_-reviewer--reviewer--codex-_RUN-260730-f1e0be.log
A  .task-board/.resources/TASK-260720-3ag6pi/TASK-260720-3ag6pi_validate.log
A  .task-board/.resources/TASK-260720-3ag6pi/TASK-260720-3ag6pi_verification-gates.puml
A  .task-board/.resources/TASK-260720-3ag6pi/TASK-260720-3ag6pi_verification-gates.svg
A  .task-board/.resources/TASK-260720-3c0ss2/TASK-260720-3c0ss2_build-validation.log
A  .task-board/.resources/TASK-260720-3c0ss2/TASK-260720-3c0ss2_cycle4-windows-boundary-rework.md
A  .task-board/.resources/TASK-260720-3c0ss2/TASK-260720-3c0ss2_final-exact-commit-review.md
A  .task-board/.resources/TASK-260720-3c0ss2/TASK-260720-3c0ss2_focused-pytest.log
A  .task-board/.resources/TASK-260720-3c0ss2/TASK-260720-3c0ss2_full-pytest.log
A  .task-board/.resources/TASK-260720-3c0ss2/TASK-260720-3c0ss2_mypy.log
A  .task-board/.resources/TASK-260720-3c0ss2/TASK-260720-3c0ss2_results.md
A  .task-board/.resources/TASK-260720-3c0ss2/TASK-260720-3c0ss2_review-acceptance-cycle-2.md
A  .task-board/.resources/TASK-260720-3c0ss2/TASK-260720-3c0ss2_review-acceptance-cycle-4.md
A  .task-board/.resources/TASK-260720-3c0ss2/TASK-260720-3c0ss2_review-rework.md
A  .task-board/.resources/TASK-260720-3c0ss2/TASK-260720-3c0ss2_review-verdict-cycle-3.md
A  .task-board/.resources/TASK-260720-3c0ss2/TASK-260720-3c0ss2_review-verdict.md
A  .task-board/.resources/TASK-260720-3c0ss2/TASK-260720-3c0ss2_reviewer-cycle3-focused-pytest.log
A  .task-board/.resources/TASK-260720-3c0ss2/TASK-260720-3c0ss2_reviewer-cycle3-mypy.log
A  .task-board/.resources/TASK-260720-3c0ss2/TASK-260720-3c0ss2_reviewer-cycle3-provenance-and-diff.log
A  .task-board/.resources/TASK-260720-3c0ss2/TASK-260720-3c0ss2_reviewer-focused-pytest.log
A  .task-board/.resources/TASK-260720-3c0ss2/TASK-260720-3c0ss2_reviewer-full-pytest.log
A  .task-board/.resources/TASK-260720-3c0ss2/TASK-260720-3c0ss2_reviewer-mypy.log
A  .task-board/.resources/TASK-260720-3c0ss2/TASK-260720-3c0ss2_reviewer-provenance-and-diff.log
A  .task-board/.resources/TASK-260720-3c0ss2/TASK-260720-3c0ss2_reviewer-shared-vector-probe.log
A  .task-board/.resources/TASK-260720-3c0ss2/TASK-260720-3c0ss2_reviewer-stale-context-probe.log
A  .task-board/.resources/TASK-260720-3c0ss2/TASK-260720-3c0ss2_reviewer-stale-context-probe.py
A  .task-board/.resources/TASK-260720-3c0ss2/TASK-260720-3c0ss2_spawn-log_-implementer--developer--codex-_RUN-260729-165f06.log
A  .task-board/.resources/TASK-260720-3c0ss2/TASK-260720-3c0ss2_spawn-log_-implementer--developer--codex-_RUN-260729-6d68ae.log
A  .task-board/.resources/TASK-260720-3c0ss2/TASK-260720-3c0ss2_spawn-log_-implementer--developer--codex-_RUN-260729-eca262.log
A  .task-board/.resources/TASK-260720-3c0ss2/TASK-260720-3c0ss2_spawn-log_-implementer--developer--codex-_RUN-260730-438eba.log
A  .task-board/.resources/TASK-260720-3c0ss2/TASK-260720-3c0ss2_spawn-log_-reviewer--reviewer--codex-_RUN-260729-d29f5f.log
A  .task-board/.resources/TASK-260720-3c0ss2/TASK-260720-3c0ss2_spawn-log_-reviewer--reviewer--codex-_RUN-260729-f11446.log
A  .task-board/.resources/TASK-260720-3c0ss2/TASK-260720-3c0ss2_spawn-log_-reviewer--reviewer--codex-_RUN-260730-5bb309.log
A  .task-board/.resources/TASK-260720-3c0ss2/TASK-260720-3c0ss2_spawn-log_-reviewer--reviewer--codex-_RUN-260730-61bd5c.log
A  .task-board/.resources/TASK-260720-3c0ss2/TASK-260720-3c0ss2_spawn-log_-reviewer--reviewer--codex-_RUN-260730-6463af.log
A  .task-board/.resources/TASK-260720-3c0ss2/TASK-260720-3c0ss2_tool-readiness.log
A  .task-board/.resources/TASK-260720-3c0ss2/TASK-260720-3c0ss2_windows-ci-rework.md
A  .task-board/.resources/TASK-260720-3c0ss2/TASK-260720-3c0ss2_windows-seam-probe.log
A  .task-board/.resources/TASK-260720-3c0ss2/TASK-260720-3c0ss2_windows-seam-probe.py
A  .task-board/.resources/TASK-260720-3itlly/TASK-260720-3itlly_component-map.puml
A  .task-board/.resources/TASK-260720-3itlly/TASK-260720-3itlly_component-map.svg
A  .task-board/.resources/TASK-260720-3itlly/TASK-260720-3itlly_implementation-notes.md
A  .task-board/.resources/TASK-260720-3itlly/TASK-260720-3itlly_review-verdict-cycle-1.md
A  .task-board/.resources/TASK-260720-3itlly/TASK-260720-3itlly_review-verdict-cycle-2.md
A  .task-board/.resources/TASK-260720-3itlly/TASK-260720-3itlly_review-verdict-cycle-3.md
A  .task-board/.resources/TASK-260720-3itlly/TASK-260720-3itlly_review-verdict-cycle-4.md
A  .task-board/.resources/TASK-260720-3itlly/TASK-260720-3itlly_review-verdict-cycle-5.md
A  .task-board/.resources/TASK-260720-3itlly/TASK-260720-3itlly_rework-cycle-2.md
A  .task-board/.resources/TASK-260720-3itlly/TASK-260720-3itlly_rework-cycle-3.md
A  .task-board/.resources/TASK-260720-3itlly/TASK-260720-3itlly_rework-cycle-4.md
A  .task-board/.resources/TASK-260720-3itlly/TASK-260720-3itlly_spawn-log_-implementer--developer--claude-_RUN-260728-33160b.log
A  .task-board/.resources/TASK-260720-3itlly/TASK-260720-3itlly_spawn-log_-implementer--developer--claude-_RUN-260728-3fae54.log
A  .task-board/.resources/TASK-260720-3itlly/TASK-260720-3itlly_spawn-log_-implementer--developer--claude-_RUN-260728-94c4cd.log
A  .task-board/.resources/TASK-260720-3itlly/TASK-260720-3itlly_spawn-log_-implementer--developer--claude-_RUN-260728-b35f01.log
A  .task-board/.resources/TASK-260720-3itlly/TASK-260720-3itlly_spawn-log_-reviewer--reviewer--codex-_RUN-260728-0aa041.log
A  .task-board/.resources/TASK-260720-3itlly/TASK-260720-3itlly_spawn-log_-reviewer--reviewer--codex-_RUN-260728-7e2333.log
A  .task-board/.resources/TASK-260720-3itlly/TASK-260720-3itlly_spawn-log_-reviewer--reviewer--codex-_RUN-260728-a679a7.log
A  .task-board/.resources/TASK-260720-3itlly/TASK-260720-3itlly_spawn-log_-reviewer--reviewer--codex-_RUN-260728-d8af9d.log
A  .task-board/.resources/TASK-260720-3itlly/TASK-260720-3itlly_spawn-log_-reviewer--reviewer--codex-_RUN-260728-d99f3a.log
A  .task-board/.resources/TASK-260720-3itlly/TASK-260720-3itlly_verification-cycle-2.log
A  .task-board/.resources/TASK-260720-3itlly/TASK-260720-3itlly_verification-cycle-3.log
A  .task-board/.resources/TASK-260720-3itlly/TASK-260720-3itlly_verification-cycle-4.log
A  .task-board/.resources/TASK-260720-3itlly/TASK-260720-3itlly_verification.log
A  .task-board/.resources/TASK-260720-3j8pp5/TASK-260720-3j8pp5_exact-commit-review-verdict.md
A  .task-board/.resources/TASK-260720-3j8pp5/TASK-260720-3j8pp5_exact-commit-review.md
A  .task-board/.resources/TASK-260720-3j8pp5/TASK-260720-3j8pp5_focused-pytest-rework.log
A  .task-board/.resources/TASK-260720-3j8pp5/TASK-260720-3j8pp5_focused-pytest.log
A  .task-board/.resources/TASK-260720-3j8pp5/TASK-260720-3j8pp5_github-ci.md
A  .task-board/.resources/TASK-260720-3j8pp5/TASK-260720-3j8pp5_implementation-evidence.md
A  .task-board/.resources/TASK-260720-3j8pp5/TASK-260720-3j8pp5_mypy-rework.log
A  .task-board/.resources/TASK-260720-3j8pp5/TASK-260720-3j8pp5_mypy.log
A  .task-board/.resources/TASK-260720-3j8pp5/TASK-260720-3j8pp5_review-verdict-cycle2.md
A  .task-board/.resources/TASK-260720-3j8pp5/TASK-260720-3j8pp5_review-verdict.md
A  .task-board/.resources/TASK-260720-3j8pp5/TASK-260720-3j8pp5_reviewer-cycle2-focused-pytest.log
A  .task-board/.resources/TASK-260720-3j8pp5/TASK-260720-3j8pp5_reviewer-cycle2-full-pytest.log
A  .task-board/.resources/TASK-260720-3j8pp5/TASK-260720-3j8pp5_reviewer-cycle2-mypy.log
A  .task-board/.resources/TASK-260720-3j8pp5/TASK-260720-3j8pp5_reviewer-cycle2-provenance.log
A  .task-board/.resources/TASK-260720-3j8pp5/TASK-260720-3j8pp5_reviewer-cycle2-real-go-smoke.log
A  .task-board/.resources/TASK-260720-3j8pp5/TASK-260720-3j8pp5_reviewer-cycle2-repoint.log
A  .task-board/.resources/TASK-260720-3j8pp5/TASK-260720-3j8pp5_reviewer-tool-readiness.md
A  .task-board/.resources/TASK-260720-3j8pp5/TASK-260720-3j8pp5_reviewer-validation.log
A  .task-board/.resources/TASK-260720-3j8pp5/TASK-260720-3j8pp5_rework-evidence.md
A  .task-board/.resources/TASK-260720-3j8pp5/TASK-260720-3j8pp5_spawn-log_-implementer--developer--claude-_RUN-260730-7be130.log
A  .task-board/.resources/TASK-260720-3j8pp5/TASK-260720-3j8pp5_spawn-log_-implementer--developer--codex-_RUN-260729-2aa05c.log
A  .task-board/.resources/TASK-260720-3j8pp5/TASK-260720-3j8pp5_spawn-log_-implementer--developer--codex-_RUN-260729-479e4e.log
A  .task-board/.resources/TASK-260720-3j8pp5/TASK-260720-3j8pp5_spawn-log_-implementer--developer--codex-_RUN-260730-f34eae.log
A  .task-board/.resources/TASK-260720-3j8pp5/TASK-260720-3j8pp5_spawn-log_-reviewer--reviewer--codex-_RUN-260729-688e43.log
A  .task-board/.resources/TASK-260720-3j8pp5/TASK-260720-3j8pp5_spawn-log_-reviewer--reviewer--codex-_RUN-260729-8292a3.log
A  .task-board/.resources/TASK-260720-3j8pp5/TASK-260720-3j8pp5_spawn-log_-reviewer--reviewer--codex-_RUN-260730-df2b40.log
A  .task-board/.resources/TASK-260720-3j8pp5/TASK-260720-3j8pp5_spawn-log_-reviewer--reviewer--codex-_RUN-260730-fc0927.log
A  .task-board/.resources/TASK-260720-3j8pp5/TASK-260720-3j8pp5_telemetry-repoint-reproduction.log
A  .task-board/.resources/TASK-260720-3j8pp5/TASK-260720-3j8pp5_windows-review-instructions.md
A  .task-board/.resources/TASK-260720-3j8pp5/TASK-260720-3j8pp5_windows-review-verdict.md
A  .task-board/.resources/TASK-260720-3j8pp5/TASK-260720-3j8pp5_windows-rework-outcome.md
A  .task-board/.resources/TASK-260720-3lo9jc/TASK-260720-3lo9jc_results.md
A  .task-board/.resources/TASK-260720-3lo9jc/TASK-260720-3lo9jc_review.md
A  .task-board/.resources/TASK-260720-3lo9jc/TASK-260720-3lo9jc_spawn-log_-implementer--developer--codex-.log
A  .task-board/.resources/TASK-260720-3lo9jc/TASK-260720-3lo9jc_spawn-log_-reviewer--reviewer--codex-.log
A  .task-board/.resources/TASK-260720-3mrm4z/TASK-260720-3mrm4z_results.md
A  .task-board/.resources/TASK-260720-3mrm4z/TASK-260720-3mrm4z_review-verdict.md
A  .task-board/.resources/TASK-260720-3mrm4z/TASK-260720-3mrm4z_spawn-log_-implementer--developer--codex-.log
A  .task-board/.resources/TASK-260720-3mrm4z/TASK-260720-3mrm4z_spawn-log_-reviewer--reviewer--codex-.log
A  .task-board/.resources/TASK-260720-3nj1r6/TASK-260720-3nj1r6_interop-plan.md
A  .task-board/.resources/TASK-260720-3pemm6/TASK-260720-3pemm6_release-boundary-plan.md
A  .task-board/.resources/TASK-260720-3pvihp/TASK-260720-3pvihp_release-evidence-gates.puml
A  .task-board/.resources/TASK-260720-3pvihp/TASK-260720-3pvihp_release-evidence-gates.svg
A  .task-board/.resources/TASK-260720-3pwg2w/TASK-260720-3pwg2w_results.md
A  .task-board/.resources/TASK-260720-3pwg2w/TASK-260720-3pwg2w_review-acceptance-cycle-2.md
A  .task-board/.resources/TASK-260720-3pwg2w/TASK-260720-3pwg2w_review-verdict.md
A  .task-board/.resources/TASK-260720-3pwg2w/TASK-260720-3pwg2w_rework-verification.md
A  .task-board/.resources/TASK-260720-3pwg2w/TASK-260720-3pwg2w_spawn-log_-implementer--developer--codex-.log
A  .task-board/.resources/TASK-260720-3pwg2w/TASK-260720-3pwg2w_spawn-log_-reviewer--reviewer--codex-.log
A  .task-board/.resources/TASK-260720-3t8nr3/TASK-260720-3t8nr3_gate-evidence.log
A  .task-board/.resources/TASK-260720-3t8nr3/TASK-260720-3t8nr3_results.md
A  .task-board/.resources/TASK-260720-3t8nr3/TASK-260720-3t8nr3_review-gate-evidence-218cef.log
A  .task-board/.resources/TASK-260720-3t8nr3/TASK-260720-3t8nr3_review-gate-evidence-bbd2a8.md
A  .task-board/.resources/TASK-260720-3t8nr3/TASK-260720-3t8nr3_review-verdict-rev2.md
A  .task-board/.resources/TASK-260720-3t8nr3/TASK-260720-3t8nr3_review-verdict-rev3.md
A  .task-board/.resources/TASK-260720-3t8nr3/TASK-260720-3t8nr3_review-verdict.md
A  .task-board/.resources/TASK-260720-3t8nr3/TASK-260720-3t8nr3_rework-evidence-rev3.md
A  .task-board/.resources/TASK-260720-3t8nr3/TASK-260720-3t8nr3_spawn-log_-implementer--developer--claude-_RUN-260730-644c1c.log
A  .task-board/.resources/TASK-260720-3t8nr3/TASK-260720-3t8nr3_spawn-log_-implementer--developer--codex-_RUN-260730-41c0aa.log
A  .task-board/.resources/TASK-260720-3t8nr3/TASK-260720-3t8nr3_spawn-log_-implementer--developer--codex-_RUN-260730-41e013.log
A  .task-board/.resources/TASK-260720-3t8nr3/TASK-260720-3t8nr3_spawn-log_-implementer--developer--codex-_RUN-260730-6a96ec.log
A  .task-board/.resources/TASK-260720-3t8nr3/TASK-260720-3t8nr3_spawn-log_-reviewer--reviewer--claude-_RUN-260730-218cef.log
A  .task-board/.resources/TASK-260720-3t8nr3/TASK-260720-3t8nr3_spawn-log_-reviewer--reviewer--claude-_RUN-260730-bbd2a8.log
A  .task-board/.resources/TASK-260720-3t8nr3/TASK-260720-3t8nr3_spawn-log_-reviewer--reviewer--claude-_RUN-260730-c38a81.log
A  .task-board/.resources/TASK-260720-3t8nr3/main-windows-concurrency-flake.md
A  .task-board/.resources/TASK-260720-4bd0it/TASK-260720-4bd0it_results.md
A  .task-board/.resources/TASK-260720-4bd0it/TASK-260720-4bd0it_review-cycle-2.md
A  .task-board/.resources/TASK-260720-4bd0it/TASK-260720-4bd0it_review-cycle-3.md
A  .task-board/.resources/TASK-260720-4bd0it/TASK-260720-4bd0it_review.md
A  .task-board/.resources/TASK-260720-4bd0it/TASK-260720-4bd0it_rework-cycle-2-validation.md
A  .task-board/.resources/TASK-260720-4bd0it/TASK-260720-4bd0it_rework-validation.md
A  .task-board/.resources/TASK-260720-4bd0it/TASK-260720-4bd0it_spawn-log_-implementer--developer--codex-.log
A  .task-board/.resources/TASK-260720-4bd0it/TASK-260720-4bd0it_spawn-log_-reviewer--reviewer--codex-.log
A  .task-board/.resources/TASK-260720-6i3cya/TASK-260720-6i3cya_results.md
A  .task-board/.resources/TASK-260720-6i3cya/TASK-260720-6i3cya_review-verdict.md
A  .task-board/.resources/TASK-260720-6i3cya/TASK-260720-6i3cya_spawn-log_-implementer--developer--codex-.log
A  .task-board/.resources/TASK-260720-6i3cya/TASK-260720-6i3cya_spawn-log_-reviewer--reviewer--codex-.log
A  .task-board/.resources/TASK-260720-8nxlgx/TASK-260720-8nxlgx_implementation-evidence.md
A  .task-board/.resources/TASK-260720-8nxlgx/TASK-260720-8nxlgx_review-verdict_RUN-260730-af18fc.md
A  .task-board/.resources/TASK-260720-8nxlgx/TASK-260720-8nxlgx_review-verdict_RUN-260730-e46794.md
A  .task-board/.resources/TASK-260720-8nxlgx/TASK-260720-8nxlgx_reviewer-boundary-probe.py
A  .task-board/.resources/TASK-260720-8nxlgx/TASK-260720-8nxlgx_reviewer-late-hardlink-probe.py
A  .task-board/.resources/TASK-260720-8nxlgx/TASK-260720-8nxlgx_reviewer-native-probe-output.log
A  .task-board/.resources/TASK-260720-8nxlgx/TASK-260720-8nxlgx_reviewer-profile-probe.py
A  .task-board/.resources/TASK-260720-8nxlgx/TASK-260720-8nxlgx_reviewer-validation-ledger_RUN-260730-af18fc.log
A  .task-board/.resources/TASK-260720-8nxlgx/TASK-260720-8nxlgx_security-rework-evidence.md
A  .task-board/.resources/TASK-260720-8nxlgx/TASK-260720-8nxlgx_spawn-log_-implementer--developer--claude-_RUN-260730-e4284f.log
A  .task-board/.resources/TASK-260720-8nxlgx/TASK-260720-8nxlgx_spawn-log_-implementer--developer--codex-_RUN-260730-4a1034.log
A  .task-board/.resources/TASK-260720-8nxlgx/TASK-260720-8nxlgx_spawn-log_-implementer--developer--codex-_RUN-260730-5901b7.log
A  .task-board/.resources/TASK-260720-8nxlgx/TASK-260720-8nxlgx_spawn-log_-implementer--developer--codex-_RUN-260730-72d4a3.log
A  .task-board/.resources/TASK-260720-8nxlgx/TASK-260720-8nxlgx_spawn-log_-implementer--developer--codex-_RUN-260730-d4d6d7.log
A  .task-board/.resources/TASK-260720-8nxlgx/TASK-260720-8nxlgx_spawn-log_-implementer--developer--codex-_RUN-260730-f6d1b3.log
A  .task-board/.resources/TASK-260720-8nxlgx/TASK-260720-8nxlgx_spawn-log_-reviewer--reviewer--claude-_RUN-260730-af18fc.log
A  .task-board/.resources/TASK-260720-8nxlgx/TASK-260720-8nxlgx_spawn-log_-reviewer--reviewer--codex-_RUN-260730-37a259.log
A  .task-board/.resources/TASK-260720-8nxlgx/TASK-260720-8nxlgx_spawn-log_-reviewer--reviewer--codex-_RUN-260730-e46794.log
A  .task-board/.resources/TASK-260720-8nxlgx/TASK-260720-8nxlgx_tool-readiness_RUN-260730-72d4a3.md
A  .task-board/.resources/TASK-260720-akf5kh/TASK-260720-akf5kh_results.md
A  .task-board/.resources/TASK-260720-akf5kh/TASK-260720-akf5kh_review-verdict_RUN-260801-2ef953.md
A  .task-board/.resources/TASK-260720-akf5kh/TASK-260720-akf5kh_spawn-log_-implementer--doc-writer--codex-_RUN-260801-a620f3.log
A  .task-board/.resources/TASK-260720-akf5kh/TASK-260720-akf5kh_spawn-log_-reviewer--reviewer--codex-_RUN-260801-2ef953.log
A  .task-board/.resources/TASK-260720-cw39jh/TASK-260720-cw39jh_results.md
A  .task-board/.resources/TASK-260720-cw39jh/TASK-260720-cw39jh_review-accepted.md
A  .task-board/.resources/TASK-260720-cw39jh/TASK-260720-cw39jh_spawn-log_-implementer--developer--codex-.log
A  .task-board/.resources/TASK-260720-cw39jh/TASK-260720-cw39jh_spawn-log_-reviewer--reviewer--codex-.log
A  .task-board/.resources/TASK-260720-g7kgox/TASK-260720-g7kgox_results.md
A  .task-board/.resources/TASK-260720-g7kgox/TASK-260720-g7kgox_review-verdict_RUN-260731-00cda5.md
A  .task-board/.resources/TASK-260720-g7kgox/TASK-260720-g7kgox_spawn-log_-analyst--researcher--codex-_RUN-260731-b63098.log
A  .task-board/.resources/TASK-260720-g7kgox/TASK-260720-g7kgox_spawn-log_-implementer--developer--codex-_RUN-260731-84cad8.log
A  .task-board/.resources/TASK-260720-g7kgox/TASK-260720-g7kgox_spawn-log_-reviewer--reviewer--codex-_RUN-260731-00cda5.log
A  .task-board/.resources/TASK-260720-jrrgw9/TASK-260720-jrrgw9_authoritative-vector-digests-verifier2.txt
A  .task-board/.resources/TASK-260720-jrrgw9/TASK-260720-jrrgw9_candidate-delta-digests-verifier2.txt
A  .task-board/.resources/TASK-260720-jrrgw9/TASK-260720-jrrgw9_cmd-timeout-rework.md
A  .task-board/.resources/TASK-260720-jrrgw9/TASK-260720-jrrgw9_cmd-timing-diagnosis-results.md
A  .task-board/.resources/TASK-260720-jrrgw9/TASK-260720-jrrgw9_cmd-timing-diagnosis.md
A  .task-board/.resources/TASK-260720-jrrgw9/TASK-260720-jrrgw9_exact-task-delta-verifier2.txt
A  .task-board/.resources/TASK-260720-jrrgw9/TASK-260720-jrrgw9_final-review-verdict.md
A  .task-board/.resources/TASK-260720-jrrgw9/TASK-260720-jrrgw9_final-review.md
A  .task-board/.resources/TASK-260720-jrrgw9/TASK-260720-jrrgw9_final-verifier-3.md
A  .task-board/.resources/TASK-260720-jrrgw9/TASK-260720-jrrgw9_final-verifier-4.md
A  .task-board/.resources/TASK-260720-jrrgw9/TASK-260720-jrrgw9_final-verifier.md
A  .task-board/.resources/TASK-260720-jrrgw9/TASK-260720-jrrgw9_final-verifier2-results.md
A  .task-board/.resources/TASK-260720-jrrgw9/TASK-260720-jrrgw9_final-verifier3-results.md
A  .task-board/.resources/TASK-260720-jrrgw9/TASK-260720-jrrgw9_focused-authoritative-verifier2.log
A  .task-board/.resources/TASK-260720-jrrgw9/TASK-260720-jrrgw9_focused-authoritative-verifier3.log
A  .task-board/.resources/TASK-260720-jrrgw9/TASK-260720-jrrgw9_focused-authoritative-verifier4.log
A  .task-board/.resources/TASK-260720-jrrgw9/TASK-260720-jrrgw9_focused-new-tests.log
A  .task-board/.resources/TASK-260720-jrrgw9/TASK-260720-jrrgw9_focused-status-lifecycle-repair-verifier2.log
A  .task-board/.resources/TASK-260720-jrrgw9/TASK-260720-jrrgw9_full-verifier-results.md
A  .task-board/.resources/TASK-260720-jrrgw9/TASK-260720-jrrgw9_full-verifier.md
A  .task-board/.resources/TASK-260720-jrrgw9/TASK-260720-jrrgw9_go-test-all-failed.log
A  .task-board/.resources/TASK-260720-jrrgw9/TASK-260720-jrrgw9_go-test-all-verifier2-failed.log
A  .task-board/.resources/TASK-260720-jrrgw9/TASK-260720-jrrgw9_go-test-all-verifier3.log
A  .task-board/.resources/TASK-260720-jrrgw9/TASK-260720-jrrgw9_go-test-all-verifier4.log
A  .task-board/.resources/TASK-260720-jrrgw9/TASK-260720-jrrgw9_go-test-race-all-verifier3-failed.log
A  .task-board/.resources/TASK-260720-jrrgw9/TASK-260720-jrrgw9_go-test-race-all-verifier4.log
A  .task-board/.resources/TASK-260720-jrrgw9/TASK-260720-jrrgw9_go-vet-scoped.log
A  .task-board/.resources/TASK-260720-jrrgw9/TASK-260720-jrrgw9_narrow-test-allowlist.md
A  .task-board/.resources/TASK-260720-jrrgw9/TASK-260720-jrrgw9_production-integration-constraint.md
A  .task-board/.resources/TASK-260720-jrrgw9/TASK-260720-jrrgw9_production-integration-evidence.tgz
A  .task-board/.resources/TASK-260720-jrrgw9/TASK-260720-jrrgw9_production-integration-results.md
A  .task-board/.resources/TASK-260720-jrrgw9/TASK-260720-jrrgw9_rc5-conformance-matrix.md
A  .task-board/.resources/TASK-260720-jrrgw9/TASK-260720-jrrgw9_rc5-conformance-rework.md
A  .task-board/.resources/TASK-260720-jrrgw9/TASK-260720-jrrgw9_second-timing-diagnosis-results.md
A  .task-board/.resources/TASK-260720-jrrgw9/TASK-260720-jrrgw9_second-timing-diagnosis.md
A  .task-board/.resources/TASK-260720-jrrgw9/TASK-260720-jrrgw9_shared-fixture-cmd1.log
A  .task-board/.resources/TASK-260720-jrrgw9/TASK-260720-jrrgw9_shared-fixture-cmd2.log
A  .task-board/.resources/TASK-260720-jrrgw9/TASK-260720-jrrgw9_shared-fixture-reverse-patch.py
A  .task-board/.resources/TASK-260720-jrrgw9/TASK-260720-jrrgw9_shared-fixture-rework-results.md
A  .task-board/.resources/TASK-260720-jrrgw9/TASK-260720-jrrgw9_shared-fixture-rework.diff
A  .task-board/.resources/TASK-260720-jrrgw9/TASK-260720-jrrgw9_shared-fixture-rework.md
A  .task-board/.resources/TASK-260720-jrrgw9/TASK-260720-jrrgw9_spawn-log_-implementer--developer--claude-_RUN-260729-2692b2.log
A  .task-board/.resources/TASK-260720-jrrgw9/TASK-260720-jrrgw9_spawn-log_-implementer--developer--claude-_RUN-260729-28943e.log
A  .task-board/.resources/TASK-260720-jrrgw9/TASK-260720-jrrgw9_spawn-log_-implementer--developer--claude-_RUN-260729-569f3d.log
A  .task-board/.resources/TASK-260720-jrrgw9/TASK-260720-jrrgw9_spawn-log_-implementer--developer--claude-_RUN-260729-84f437.log
A  .task-board/.resources/TASK-260720-jrrgw9/TASK-260720-jrrgw9_spawn-log_-implementer--developer--claude-_RUN-260729-9cf10f.log
A  .task-board/.resources/TASK-260720-jrrgw9/TASK-260720-jrrgw9_spawn-log_-implementer--developer--claude-_RUN-260729-addee5.log
A  .task-board/.resources/TASK-260720-jrrgw9/TASK-260720-jrrgw9_spawn-log_-implementer--developer--claude-_RUN-260729-b17328.log
A  .task-board/.resources/TASK-260720-jrrgw9/TASK-260720-jrrgw9_spawn-log_-implementer--developer--claude-_RUN-260729-e4d857.log
A  .task-board/.resources/TASK-260720-jrrgw9/TASK-260720-jrrgw9_spawn-log_-reviewer--reviewer--codex-_RUN-260729-9dcc22.log
A  .task-board/.resources/TASK-260720-jrrgw9/TASK-260720-jrrgw9_spawn-log_-tester--tester--codex-_RUN-260729-1faee0.log
A  .task-board/.resources/TASK-260720-jrrgw9/TASK-260720-jrrgw9_spawn-log_-tester--tester--codex-_RUN-260729-2e3d5c.log
A  .task-board/.resources/TASK-260720-jrrgw9/TASK-260720-jrrgw9_spawn-log_-tester--tester--codex-_RUN-260729-4765e8.log
A  .task-board/.resources/TASK-260720-jrrgw9/TASK-260720-jrrgw9_spawn-log_-tester--tester--codex-_RUN-260729-561d31.log
A  .task-board/.resources/TASK-260720-jrrgw9/TASK-260720-jrrgw9_spawn-log_-tester--tester--codex-_RUN-260729-7f5f43.log
A  .task-board/.resources/TASK-260720-jrrgw9/TASK-260720-jrrgw9_spawn-log_-tester--tester--codex-_RUN-260729-95f94a.log
A  .task-board/.resources/TASK-260720-jrrgw9/TASK-260720-jrrgw9_spawn-log_-tester--tester--codex-_RUN-260729-d56908.log
A  .task-board/.resources/TASK-260720-jrrgw9/TASK-260720-jrrgw9_spawn-log_-tester--tester--codex-_RUN-260729-dd8b99.log
A  .task-board/.resources/TASK-260720-jrrgw9/TASK-260720-jrrgw9_spawn-log_-tester--tester--codex-_RUN-260729-df5171.log
A  .task-board/.resources/TASK-260720-jrrgw9/TASK-260720-jrrgw9_status-timing-assertion-matrix.md
A  .task-board/.resources/TASK-260720-jrrgw9/TASK-260720-jrrgw9_status-timing-gates.log
A  .task-board/.resources/TASK-260720-jrrgw9/TASK-260720-jrrgw9_status-timing-patch-results.md
A  .task-board/.resources/TASK-260720-jrrgw9/TASK-260720-jrrgw9_status-timing-patch.diff
A  .task-board/.resources/TASK-260720-jrrgw9/TASK-260720-jrrgw9_status-timing-patch.md
A  .task-board/.resources/TASK-260720-jrrgw9/TASK-260720-jrrgw9_tester-audit.md
A  .task-board/.resources/TASK-260720-jrrgw9/TASK-260720-jrrgw9_verifier4-evidence.tgz
A  .task-board/.resources/TASK-260720-jrrgw9/TASK-260720-jrrgw9_verifier4-results.md
A  .task-board/.resources/TASK-260720-jrrgw9/TASK-260720-jrrgw9_windows-inventory-verifier4-failed.log
A  .task-board/.resources/TASK-260720-jrrgw9/TASK-260720-jrrgw9_windows-verifier-5.md
A  .task-board/.resources/TASK-260720-jrrgw9/TASK-260720-jrrgw9_windows-verifier5-results.md
A  .task-board/.resources/TASK-260720-jrrgw9/TASK-260720-jrrgw9_windows-verifier5-ssh.log
A  .task-board/.resources/TASK-260720-jrrgw9/ssh-attempt-1.log
A  .task-board/.resources/TASK-260720-jrrgw9/ssh-attempt-2.log
A  .task-board/.resources/TASK-260720-jrrgw9/ssh-attempt-3.log
A  .task-board/.resources/TASK-260720-p7sdhg/TASK-260720-p7sdhg_source-contract.md
A  .task-board/.resources/TASK-260720-poa3ze/TASK-260720-poa3ze_cache-identity-rework.md
A  .task-board/.resources/TASK-260720-poa3ze/TASK-260720-poa3ze_compile-only-build-drivers.md
A  .task-board/.resources/TASK-260720-poa3ze/TASK-260720-poa3ze_review-cycle-3-rework.md
A  .task-board/.resources/TASK-260720-poa3ze/TASK-260720-poa3ze_review-cycle-3-verdict.md
A  .task-board/.resources/TASK-260720-poa3ze/TASK-260720-poa3ze_review-cycle-4-rework.md
A  .task-board/.resources/TASK-260720-poa3ze/TASK-260720-poa3ze_review-cycle-4-verdict.md
A  .task-board/.resources/TASK-260720-poa3ze/TASK-260720-poa3ze_review-cycle-5-accepted.md
A  .task-board/.resources/TASK-260720-poa3ze/TASK-260720-poa3ze_review-verdict.md
A  .task-board/.resources/TASK-260720-poa3ze/TASK-260720-poa3ze_spawn-log_-analyst--researcher--codex-.log
A  .task-board/.resources/TASK-260720-poa3ze/TASK-260720-poa3ze_spawn-log_-reviewer--reviewer--codex-.log
A  .task-board/.resources/TASK-260720-q5oy3o/TASK-260720-q5oy3o_results.md
A  .task-board/.resources/TASK-260720-q5oy3o/TASK-260720-q5oy3o_review.md
A  .task-board/.resources/TASK-260720-q5oy3o/TASK-260720-q5oy3o_spawn-log_-implementer--developer--codex-.log
A  .task-board/.resources/TASK-260720-q5oy3o/TASK-260720-q5oy3o_spawn-log_-reviewer--reviewer--codex-.log
A  .task-board/.resources/TASK-260720-th0jdi/TASK-260720-th0jdi_results.md
A  .task-board/.resources/TASK-260720-th0jdi/TASK-260720-th0jdi_review-verdict_RUN-260801-10ae83.md
A  .task-board/.resources/TASK-260720-th0jdi/TASK-260720-th0jdi_review-verdict_RUN-260801-852d99.md
A  .task-board/.resources/TASK-260720-th0jdi/TASK-260720-th0jdi_rework_RUN-260801-a7ef1b.md
A  .task-board/.resources/TASK-260720-th0jdi/TASK-260720-th0jdi_spawn-log_-analyst--researcher--codex-_RUN-260731-1c4d85.log
A  .task-board/.resources/TASK-260720-th0jdi/TASK-260720-th0jdi_spawn-log_-implementer--developer--codex-_RUN-260731-dd2478.log
A  .task-board/.resources/TASK-260720-th0jdi/TASK-260720-th0jdi_spawn-log_-implementer--developer--codex-_RUN-260801-a7ef1b.log
A  .task-board/.resources/TASK-260720-th0jdi/TASK-260720-th0jdi_spawn-log_-reviewer--reviewer--codex-_RUN-260801-10ae83.log
A  .task-board/.resources/TASK-260720-th0jdi/TASK-260720-th0jdi_spawn-log_-reviewer--reviewer--codex-_RUN-260801-852d99.log
A  .task-board/.resources/TASK-260720-wajgn8/TASK-260720-wajgn8_results.md
A  .task-board/.resources/TASK-260720-wajgn8/TASK-260720-wajgn8_review-2.md
A  .task-board/.resources/TASK-260720-wajgn8/TASK-260720-wajgn8_review-verdict.md
A  .task-board/.resources/TASK-260720-wajgn8/TASK-260720-wajgn8_rework-1.md
A  .task-board/.resources/TASK-260720-wajgn8/TASK-260720-wajgn8_spawn-log_-implementer--developer--codex-.log
A  .task-board/.resources/TASK-260720-wajgn8/TASK-260720-wajgn8_spawn-log_-reviewer--reviewer--codex-.log
A  .task-board/.resources/TASK-260720-z2z795/TASK-260720-z2z795_atomic-rework-results.md
A  .task-board/.resources/TASK-260720-z2z795/TASK-260720-z2z795_atomic-rework-validation.log
A  .task-board/.resources/TASK-260720-z2z795/TASK-260720-z2z795_csk-build-lifecycle.puml
A  .task-board/.resources/TASK-260720-z2z795/TASK-260720-z2z795_csk-build-lifecycle.svg
A  .task-board/.resources/TASK-260720-z2z795/TASK-260720-z2z795_current-rework-results.md
A  .task-board/.resources/TASK-260720-z2z795/TASK-260720-z2z795_current-rework-tool-readiness.md
A  .task-board/.resources/TASK-260720-z2z795/TASK-260720-z2z795_current-rework-validation.log
A  .task-board/.resources/TASK-260720-z2z795/TASK-260720-z2z795_execution-brief.md
A  .task-board/.resources/TASK-260720-z2z795/TASK-260720-z2z795_final-rereview-raw-evidence.tgz
A  .task-board/.resources/TASK-260720-z2z795/TASK-260720-z2z795_final-rereview-rework-results.md
A  .task-board/.resources/TASK-260720-z2z795/TASK-260720-z2z795_final-rereview-rework-validation.log
A  .task-board/.resources/TASK-260720-z2z795/TASK-260720-z2z795_final-rereview-tool-readiness.md
A  .task-board/.resources/TASK-260720-z2z795/TASK-260720-z2z795_final-rereview-validation.log
A  .task-board/.resources/TASK-260720-z2z795/TASK-260720-z2z795_final-rereview-verdict.md
A  .task-board/.resources/TASK-260720-z2z795/TASK-260720-z2z795_final-review-rework-results.md
A  .task-board/.resources/TASK-260720-z2z795/TASK-260720-z2z795_final-review-rework-validation.log
A  .task-board/.resources/TASK-260720-z2z795/TASK-260720-z2z795_final-review-validation.log
A  .task-board/.resources/TASK-260720-z2z795/TASK-260720-z2z795_final-review-verdict.md
A  .task-board/.resources/TASK-260720-z2z795/TASK-260720-z2z795_github-windows-ci.md
A  .task-board/.resources/TASK-260720-z2z795/TASK-260720-z2z795_lock-integrity-rereview-tool-readiness.md
A  .task-board/.resources/TASK-260720-z2z795/TASK-260720-z2z795_lock-integrity-rereview-validation.log
A  .task-board/.resources/TASK-260720-z2z795/TASK-260720-z2z795_lock-integrity-rereview-verdict.md
A  .task-board/.resources/TASK-260720-z2z795/TASK-260720-z2z795_lock-integrity-review-verdict.md
A  .task-board/.resources/TASK-260720-z2z795/TASK-260720-z2z795_lock-integrity-rework-instructions.md
A  .task-board/.resources/TASK-260720-z2z795/TASK-260720-z2z795_lock-integrity-rework-results.md
A  .task-board/.resources/TASK-260720-z2z795/TASK-260720-z2z795_lock-integrity-tool-readiness.md
A  .task-board/.resources/TASK-260720-z2z795/TASK-260720-z2z795_lock-integrity-validation.log
A  .task-board/.resources/TASK-260720-z2z795/TASK-260720-z2z795_lock-migration-rework-results.md
A  .task-board/.resources/TASK-260720-z2z795/TASK-260720-z2z795_lock-migration-tool-readiness.md
A  .task-board/.resources/TASK-260720-z2z795/TASK-260720-z2z795_lock-migration-validation.log
A  .task-board/.resources/TASK-260720-z2z795/TASK-260720-z2z795_macos-handoff-rework-results_RUN-260730-19bc86.md
A  .task-board/.resources/TASK-260720-z2z795/TASK-260720-z2z795_macos-handoff-tool-readiness_RUN-260730-19bc86.md
A  .task-board/.resources/TASK-260720-z2z795/TASK-260720-z2z795_macos-handoff-validation_RUN-260730-19bc86.log
A  .task-board/.resources/TASK-260720-z2z795/TASK-260720-z2z795_post-migration-review-raw-evidence.tgz
A  .task-board/.resources/TASK-260720-z2z795/TASK-260720-z2z795_post-migration-review-validation.log
A  .task-board/.resources/TASK-260720-z2z795/TASK-260720-z2z795_post-migration-review-verdict.md
A  .task-board/.resources/TASK-260720-z2z795/TASK-260720-z2z795_post-migration-rework-results.md
A  .task-board/.resources/TASK-260720-z2z795/TASK-260720-z2z795_post-migration-rework-validation.log
A  .task-board/.resources/TASK-260720-z2z795/TASK-260720-z2z795_post-migration-tool-readiness.md
A  .task-board/.resources/TASK-260720-z2z795/TASK-260720-z2z795_rereview-validation_RUN-260730-25e35f.log
A  .task-board/.resources/TASK-260720-z2z795/TASK-260720-z2z795_rereview-verdict_RUN-260730-25e35f.md
A  .task-board/.resources/TASK-260720-z2z795/TASK-260720-z2z795_results.md
A  .task-board/.resources/TASK-260720-z2z795/TASK-260720-z2z795_review-raw-evidence_RUN-260730-0c7fda.tgz
A  .task-board/.resources/TASK-260720-z2z795/TASK-260720-z2z795_review-raw-evidence_RUN-260730-fd059d.tgz
A  .task-board/.resources/TASK-260720-z2z795/TASK-260720-z2z795_review-validation_RUN-260730-0c7fda.log
A  .task-board/.resources/TASK-260720-z2z795/TASK-260720-z2z795_review-validation_RUN-260730-6be92f.log
A  .task-board/.resources/TASK-260720-z2z795/TASK-260720-z2z795_review-validation_RUN-260730-9140bf.log
A  .task-board/.resources/TASK-260720-z2z795/TASK-260720-z2z795_review-validation_RUN-260730-b732c0.log
A  .task-board/.resources/TASK-260720-z2z795/TASK-260720-z2z795_review-validation_RUN-260730-fd059d.log
A  .task-board/.resources/TASK-260720-z2z795/TASK-260720-z2z795_review-verdict.md
A  .task-board/.resources/TASK-260720-z2z795/TASK-260720-z2z795_review-verdict_RUN-260730-0c7fda.md
A  .task-board/.resources/TASK-260720-z2z795/TASK-260720-z2z795_review-verdict_RUN-260730-6be92f.md
A  .task-board/.resources/TASK-260720-z2z795/TASK-260720-z2z795_review-verdict_RUN-260730-9140bf.md
A  .task-board/.resources/TASK-260720-z2z795/TASK-260720-z2z795_review-verdict_RUN-260730-b732c0.md
A  .task-board/.resources/TASK-260720-z2z795/TASK-260720-z2z795_review-verdict_RUN-260730-fd059d.md
A  .task-board/.resources/TASK-260720-z2z795/TASK-260720-z2z795_spawn-log_-implementer--developer--claude-_RUN-260729-64841b.log
A  .task-board/.resources/TASK-260720-z2z795/TASK-260720-z2z795_spawn-log_-implementer--developer--codex-_RUN-260729-4ad5fe.log
A  .task-board/.resources/TASK-260720-z2z795/TASK-260720-z2z795_spawn-log_-implementer--developer--codex-_RUN-260729-97b285.log
A  .task-board/.resources/TASK-260720-z2z795/TASK-260720-z2z795_spawn-log_-implementer--developer--codex-_RUN-260729-a702af.log
A  .task-board/.resources/TASK-260720-z2z795/TASK-260720-z2z795_spawn-log_-implementer--developer--codex-_RUN-260729-c98ce0.log
A  .task-board/.resources/TASK-260720-z2z795/TASK-260720-z2z795_spawn-log_-implementer--developer--codex-_RUN-260729-e44939.log
A  .task-board/.resources/TASK-260720-z2z795/TASK-260720-z2z795_spawn-log_-implementer--developer--codex-_RUN-260730-19bc86.log
A  .task-board/.resources/TASK-260720-z2z795/TASK-260720-z2z795_spawn-log_-implementer--developer--codex-_RUN-260730-1faeaf.log
A  .task-board/.resources/TASK-260720-z2z795/TASK-260720-z2z795_spawn-log_-implementer--developer--codex-_RUN-260730-3623b7.log
A  .task-board/.resources/TASK-260720-z2z795/TASK-260720-z2z795_spawn-log_-implementer--developer--codex-_RUN-260730-9c8f83.log
A  .task-board/.resources/TASK-260720-z2z795/TASK-260720-z2z795_spawn-log_-implementer--developer--codex-_RUN-260730-a0d146.log
A  .task-board/.resources/TASK-260720-z2z795/TASK-260720-z2z795_spawn-log_-implementer--developer--codex-_RUN-260730-b00eb8.log
A  .task-board/.resources/TASK-260720-z2z795/TASK-260720-z2z795_spawn-log_-implementer--developer--codex-_RUN-260730-bcc707.log
A  .task-board/.resources/TASK-260720-z2z795/TASK-260720-z2z795_spawn-log_-implementer--developer--codex-_RUN-260730-e51e59.log
A  .task-board/.resources/TASK-260720-z2z795/TASK-260720-z2z795_spawn-log_-implementer--developer--codex-_RUN-260730-fbe9eb.log
A  .task-board/.resources/TASK-260720-z2z795/TASK-260720-z2z795_spawn-log_-reviewer--reviewer--codex-_RUN-260729-216f1f.log
A  .task-board/.resources/TASK-260720-z2z795/TASK-260720-z2z795_spawn-log_-reviewer--reviewer--codex-_RUN-260729-2ed7a8.log
A  .task-board/.resources/TASK-260720-z2z795/TASK-260720-z2z795_spawn-log_-reviewer--reviewer--codex-_RUN-260729-5be9e5.log
A  .task-board/.resources/TASK-260720-z2z795/TASK-260720-z2z795_spawn-log_-reviewer--reviewer--codex-_RUN-260730-0c7fda.log
A  .task-board/.resources/TASK-260720-z2z795/TASK-260720-z2z795_spawn-log_-reviewer--reviewer--codex-_RUN-260730-25e35f.log
A  .task-board/.resources/TASK-260720-z2z795/TASK-260720-z2z795_spawn-log_-reviewer--reviewer--codex-_RUN-260730-540109.log
A  .task-board/.resources/TASK-260720-z2z795/TASK-260720-z2z795_spawn-log_-reviewer--reviewer--codex-_RUN-260730-6be92f.log
A  .task-board/.resources/TASK-260720-z2z795/TASK-260720-z2z795_spawn-log_-reviewer--reviewer--codex-_RUN-260730-6f206f.log
A  .task-board/.resources/TASK-260720-z2z795/TASK-260720-z2z795_spawn-log_-reviewer--reviewer--codex-_RUN-260730-7576f5.log
A  .task-board/.resources/TASK-260720-z2z795/TASK-260720-z2z795_spawn-log_-reviewer--reviewer--codex-_RUN-260730-9140bf.log
A  .task-board/.resources/TASK-260720-z2z795/TASK-260720-z2z795_spawn-log_-reviewer--reviewer--codex-_RUN-260730-9dff10.log
A  .task-board/.resources/TASK-260720-z2z795/TASK-260720-z2z795_spawn-log_-reviewer--reviewer--codex-_RUN-260730-b732c0.log
A  .task-board/.resources/TASK-260720-z2z795/TASK-260720-z2z795_spawn-log_-reviewer--reviewer--codex-_RUN-260730-fd059d.log
A  .task-board/.resources/TASK-260720-z2z795/TASK-260720-z2z795_windows-ci-d0d9178-py314.log
A  .task-board/.resources/TASK-260720-z2z795/TASK-260720-z2z795_windows-ci-rework-results_RUN-260730-fbe9eb.md
A  .task-board/.resources/TASK-260720-z2z795/TASK-260720-z2z795_windows-ci-rework-tool-readiness_RUN-260730-fbe9eb.md
A  .task-board/.resources/TASK-260720-z2z795/TASK-260720-z2z795_windows-ci-rework-validation_RUN-260730-fbe9eb.log
A  .task-board/.resources/TASK-260720-z2z795/TASK-260720-z2z795_windows-durability-review-verdict.md
A  .task-board/.resources/TASK-260720-z2z795/TASK-260720-z2z795_windows-durability-rework-results.md
A  .task-board/.resources/TASK-260720-z2z795/TASK-260720-z2z795_windows-durability-validation.log
A  .task-board/.resources/TASK-260720-z2z795/TASK-260720-z2z795_windows-lock-rework-results.md
A  .task-board/.resources/TASK-260720-z2z795/TASK-260720-z2z795_windows-lock-rework-validation.log
A  .task-board/.resources/TASK-260720-z2z795/TASK-260720-z2z795_windows-test-rework-results_RUN-260730-1faeaf.md
A  .task-board/.resources/TASK-260720-z2z795/TASK-260720-z2z795_windows-test-rework-validation_RUN-260730-1faeaf.log
A  .task-board/.resources/TASK-260720-z2z795/TASK-260720-z2z795_windows-test-tool-readiness_RUN-260730-1faeaf.md
A  .task-board/.resources/TASK-260720-z9j4c9/TASK-260720-z9j4c9_csk-build-components.puml
A  .task-board/.resources/TASK-260720-z9j4c9/TASK-260720-z9j4c9_csk-build-components.svg
A  .task-board/.resources/TASK-260720-z9j4c9/TASK-260720-z9j4c9_cycle3-rework.md
A  .task-board/.resources/TASK-260720-z9j4c9/TASK-260720-z9j4c9_execution-brief.md
A  .task-board/.resources/TASK-260720-z9j4c9/TASK-260720-z9j4c9_reserved-fields-rework.md
A  .task-board/.resources/TASK-260720-z9j4c9/TASK-260720-z9j4c9_results.md
A  .task-board/.resources/TASK-260720-z9j4c9/TASK-260720-z9j4c9_review-brief.md
A  .task-board/.resources/TASK-260720-z9j4c9/TASK-260720-z9j4c9_review-verdict-cycle2.md
A  .task-board/.resources/TASK-260720-z9j4c9/TASK-260720-z9j4c9_review-verdict-cycle3.md
A  .task-board/.resources/TASK-260720-z9j4c9/TASK-260720-z9j4c9_review-verdict.md
A  .task-board/.resources/TASK-260720-z9j4c9/TASK-260720-z9j4c9_reviewer-cycle2-focused-pytest.log
A  .task-board/.resources/TASK-260720-z9j4c9/TASK-260720-z9j4c9_reviewer-cycle2-mypy.log
A  .task-board/.resources/TASK-260720-z9j4c9/TASK-260720-z9j4c9_reviewer-cycle2-parity-probe.log
A  .task-board/.resources/TASK-260720-z9j4c9/TASK-260720-z9j4c9_reviewer-cycle2-provenance-and-diff.log
A  .task-board/.resources/TASK-260720-z9j4c9/TASK-260720-z9j4c9_reviewer-diff-check.log
A  .task-board/.resources/TASK-260720-z9j4c9/TASK-260720-z9j4c9_reviewer-focused-pytest.log
A  .task-board/.resources/TASK-260720-z9j4c9/TASK-260720-z9j4c9_reviewer-mypy.log
A  .task-board/.resources/TASK-260720-z9j4c9/TASK-260720-z9j4c9_reviewer-schema1-build-field-probe.log
A  .task-board/.resources/TASK-260720-z9j4c9/TASK-260720-z9j4c9_reviewer-tool-readiness.log
A  .task-board/.resources/TASK-260720-z9j4c9/TASK-260720-z9j4c9_spawn-log_-implementer--developer--codex-_RUN-260729-577eea.log
A  .task-board/.resources/TASK-260720-z9j4c9/TASK-260720-z9j4c9_spawn-log_-implementer--developer--codex-_RUN-260729-967659.log
A  .task-board/.resources/TASK-260720-z9j4c9/TASK-260720-z9j4c9_spawn-log_-implementer--developer--codex-_RUN-260729-d7aaf0.log
A  .task-board/.resources/TASK-260720-z9j4c9/TASK-260720-z9j4c9_spawn-log_-reviewer--reviewer--codex-_RUN-260729-0f97f6.log
A  .task-board/.resources/TASK-260720-z9j4c9/TASK-260720-z9j4c9_spawn-log_-reviewer--reviewer--codex-_RUN-260729-9ceb21.log
A  .task-board/.resources/TASK-260720-z9j4c9/TASK-260720-z9j4c9_spawn-log_-reviewer--reviewer--codex-_RUN-260729-ef6f25.log
A  .task-board/.resources/TASK-260728-12pnm1/TASK-260728-12pnm1_command-evidence.log
A  .task-board/.resources/TASK-260728-12pnm1/TASK-260728-12pnm1_cycle3-raw-measurements.log
A  .task-board/.resources/TASK-260728-12pnm1/TASK-260728-12pnm1_cycle4-raw-measurements.log
A  .task-board/.resources/TASK-260728-12pnm1/TASK-260728-12pnm1_decision-0009-rust-driver-pair.md
A  .task-board/.resources/TASK-260728-12pnm1/TASK-260728-12pnm1_fixture-absent.json
A  .task-board/.resources/TASK-260728-12pnm1/TASK-260728-12pnm1_fixture-controls.json
A  .task-board/.resources/TASK-260728-12pnm1/TASK-260728-12pnm1_fixture-macos.json
A  .task-board/.resources/TASK-260728-12pnm1/TASK-260728-12pnm1_gate-log.txt
A  .task-board/.resources/TASK-260728-12pnm1/TASK-260728-12pnm1_probe.tar.gz
A  .task-board/.resources/TASK-260728-12pnm1/TASK-260728-12pnm1_results.md
A  .task-board/.resources/TASK-260728-12pnm1/TASK-260728-12pnm1_review-cycle-3-profile-process.log
A  .task-board/.resources/TASK-260728-12pnm1/TASK-260728-12pnm1_review-verdict-cycle-1.md
A  .task-board/.resources/TASK-260728-12pnm1/TASK-260728-12pnm1_review-verdict-cycle-2.md
A  .task-board/.resources/TASK-260728-12pnm1/TASK-260728-12pnm1_review-verdict-cycle-3.md
A  .task-board/.resources/TASK-260728-12pnm1/TASK-260728-12pnm1_review-verdict-cycle-4.md
A  .task-board/.resources/TASK-260728-12pnm1/TASK-260728-12pnm1_rework-cycle-2-measurements.md
A  .task-board/.resources/TASK-260728-12pnm1/TASK-260728-12pnm1_rework-cycle-3-measurements.md
A  .task-board/.resources/TASK-260728-12pnm1/TASK-260728-12pnm1_rework-cycle-4-measurements.md
A  .task-board/.resources/TASK-260728-12pnm1/TASK-260728-12pnm1_rust-build-drivers-reference.md
A  .task-board/.resources/TASK-260728-12pnm1/TASK-260728-12pnm1_spawn-log_-analyst--solution-architect--claude-_RUN-260728-0df49a.log
A  .task-board/.resources/TASK-260728-12pnm1/TASK-260728-12pnm1_spawn-log_-analyst--solution-architect--claude-_RUN-260728-2e7daa.log
A  .task-board/.resources/TASK-260728-12pnm1/TASK-260728-12pnm1_spawn-log_-analyst--solution-architect--claude-_RUN-260729-ce59e2.log
A  .task-board/.resources/TASK-260728-12pnm1/TASK-260728-12pnm1_spawn-log_-implementer--developer--claude-_RUN-260728-52b118.log
A  .task-board/.resources/TASK-260728-12pnm1/TASK-260728-12pnm1_spawn-log_-reviewer--reviewer--codex-_RUN-260728-de06b1.log
A  .task-board/.resources/TASK-260728-12pnm1/TASK-260728-12pnm1_spawn-log_-reviewer--reviewer--codex-_RUN-260728-efa5bc.log
A  .task-board/.resources/TASK-260728-12pnm1/TASK-260728-12pnm1_spawn-log_-reviewer--reviewer--codex-_RUN-260729-4a0c6c.log
A  .task-board/.resources/TASK-260728-12pnm1/TASK-260728-12pnm1_spawn-log_-reviewer--reviewer--codex-_RUN-260729-668e14.log
A  .task-board/.resources/TASK-260728-168smo/TASK-260728-168smo_command-evidence-cycle3.log
A  .task-board/.resources/TASK-260728-168smo/TASK-260728-168smo_command-evidence.log
A  .task-board/.resources/TASK-260728-168smo/TASK-260728-168smo_decision-0010-kotlin-native-driver-pair.md
A  .task-board/.resources/TASK-260728-168smo/TASK-260728-168smo_gate-log-cycle2.txt
A  .task-board/.resources/TASK-260728-168smo/TASK-260728-168smo_gate-log-cycle3.txt
A  .task-board/.resources/TASK-260728-168smo/TASK-260728-168smo_gate-log-cycle4.txt
A  .task-board/.resources/TASK-260728-168smo/TASK-260728-168smo_gate-log.txt
A  .task-board/.resources/TASK-260728-168smo/TASK-260728-168smo_kotlin-native-build-drivers-reference.md
A  .task-board/.resources/TASK-260728-168smo/TASK-260728-168smo_probe-cycle3.tar.gz
A  .task-board/.resources/TASK-260728-168smo/TASK-260728-168smo_probe.tar.gz
A  .task-board/.resources/TASK-260728-168smo/TASK-260728-168smo_results-cycle4.md
A  .task-board/.resources/TASK-260728-168smo/TASK-260728-168smo_results.md
A  .task-board/.resources/TASK-260728-168smo/TASK-260728-168smo_review-verdict-cycle-1.md
A  .task-board/.resources/TASK-260728-168smo/TASK-260728-168smo_review-verdict-cycle-2.md
A  .task-board/.resources/TASK-260728-168smo/TASK-260728-168smo_review-verdict-cycle-3.md
A  .task-board/.resources/TASK-260728-168smo/TASK-260728-168smo_review-verdict-cycle-4.md
A  .task-board/.resources/TASK-260728-168smo/TASK-260728-168smo_spawn-log_-analyst--solution-architect--claude-_RUN-260728-571491.log
A  .task-board/.resources/TASK-260728-168smo/TASK-260728-168smo_spawn-log_-analyst--solution-architect--claude-_RUN-260729-4d0a9a.log
A  .task-board/.resources/TASK-260728-168smo/TASK-260728-168smo_spawn-log_-analyst--solution-architect--claude-_RUN-260729-5cd42e.log
A  .task-board/.resources/TASK-260728-168smo/TASK-260728-168smo_spawn-log_-implementer--developer--claude-_RUN-260728-338c0b.log
A  .task-board/.resources/TASK-260728-168smo/TASK-260728-168smo_spawn-log_-reviewer--reviewer--codex-_RUN-260728-49361f.log
A  .task-board/.resources/TASK-260728-168smo/TASK-260728-168smo_spawn-log_-reviewer--reviewer--codex-_RUN-260729-4fc5ea.log
A  .task-board/.resources/TASK-260728-168smo/TASK-260728-168smo_spawn-log_-reviewer--reviewer--codex-_RUN-260729-976336.log
A  .task-board/.resources/TASK-260728-168smo/TASK-260728-168smo_spawn-log_-reviewer--reviewer--codex-_RUN-260729-a93356.log
A  .task-board/.resources/TASK-260728-17sclp/TASK-260728-17sclp_results.md
A  .task-board/.resources/TASK-260728-17sclp/TASK-260728-17sclp_review-2.md
A  .task-board/.resources/TASK-260728-17sclp/TASK-260728-17sclp_review-3.md
A  .task-board/.resources/TASK-260728-17sclp/TASK-260728-17sclp_review.md
A  .task-board/.resources/TASK-260728-17sclp/TASK-260728-17sclp_rework-1.md
A  .task-board/.resources/TASK-260728-17sclp/TASK-260728-17sclp_rework-2.md
A  .task-board/.resources/TASK-260728-17sclp/TASK-260728-17sclp_spawn-log_-implementer--developer--codex-_RUN-260727-26b743.log
A  .task-board/.resources/TASK-260728-17sclp/TASK-260728-17sclp_spawn-log_-implementer--developer--codex-_RUN-260727-5539a3.log
A  .task-board/.resources/TASK-260728-17sclp/TASK-260728-17sclp_spawn-log_-implementer--developer--codex-_RUN-260727-7f08cc.log
A  .task-board/.resources/TASK-260728-17sclp/TASK-260728-17sclp_spawn-log_-reviewer--reviewer--codex-_RUN-260727-33cb02.log
A  .task-board/.resources/TASK-260728-17sclp/TASK-260728-17sclp_spawn-log_-reviewer--reviewer--codex-_RUN-260727-ae11ce.log
A  .task-board/.resources/TASK-260728-17sclp/TASK-260728-17sclp_spawn-log_-reviewer--reviewer--codex-_RUN-260727-c17962.log
A  .task-board/.resources/TASK-260728-1a52au/TASK-260728-1a52au_architecture-v6-precondition.md
A  .task-board/.resources/TASK-260728-1a52au/TASK-260728-1a52au_core-contract-outcome.md
A  .task-board/.resources/TASK-260728-1a52au/TASK-260728-1a52au_core-contract-review-2.md
A  .task-board/.resources/TASK-260728-1a52au/TASK-260728-1a52au_core-contract-review.md
A  .task-board/.resources/TASK-260728-1a52au/TASK-260728-1a52au_core-contract-rework-1.md
A  .task-board/.resources/TASK-260728-1a52au/TASK-260728-1a52au_spawn-log_-implementer--doc-writer--codex-_RUN-260727-62e8e5.log
A  .task-board/.resources/TASK-260728-1a52au/TASK-260728-1a52au_spawn-log_-implementer--doc-writer--codex-_RUN-260727-a527c3.log
A  .task-board/.resources/TASK-260728-1a52au/TASK-260728-1a52au_spawn-log_-reviewer--reviewer--codex-_RUN-260727-177dd8.log
A  .task-board/.resources/TASK-260728-1a52au/TASK-260728-1a52au_spawn-log_-reviewer--reviewer--codex-_RUN-260727-39b7e2.log
A  .task-board/.resources/TASK-260728-1g0z69/TASK-260728-1g0z69_boundary-probe-run.log
A  .task-board/.resources/TASK-260728-1g0z69/TASK-260728-1g0z69_boundary-probe.go
A  .task-board/.resources/TASK-260728-1g0z69/TASK-260728-1g0z69_decision-0007.md
A  .task-board/.resources/TASK-260728-1g0z69/TASK-260728-1g0z69_red-controls-rework-05.log
A  .task-board/.resources/TASK-260728-1g0z69/TASK-260728-1g0z69_red-controls-rework-06.log
A  .task-board/.resources/TASK-260728-1g0z69/TASK-260728-1g0z69_red-controls-rework-07.log
A  .task-board/.resources/TASK-260728-1g0z69/TASK-260728-1g0z69_results.md
A  .task-board/.resources/TASK-260728-1g0z69/TASK-260728-1g0z69_review-verdict-cycle-2.md
A  .task-board/.resources/TASK-260728-1g0z69/TASK-260728-1g0z69_review-verdict-cycle-3.md
A  .task-board/.resources/TASK-260728-1g0z69/TASK-260728-1g0z69_review-verdict-cycle-4.md
A  .task-board/.resources/TASK-260728-1g0z69/TASK-260728-1g0z69_review-verdict-cycle-5.md
A  .task-board/.resources/TASK-260728-1g0z69/TASK-260728-1g0z69_review-verdict-cycle-6.md
A  .task-board/.resources/TASK-260728-1g0z69/TASK-260728-1g0z69_review-verdict-cycle-7.md
A  .task-board/.resources/TASK-260728-1g0z69/TASK-260728-1g0z69_review-verdict-cycle-8.md
A  .task-board/.resources/TASK-260728-1g0z69/TASK-260728-1g0z69_review-verdict.md
A  .task-board/.resources/TASK-260728-1g0z69/TASK-260728-1g0z69_rework-01.md
A  .task-board/.resources/TASK-260728-1g0z69/TASK-260728-1g0z69_rework-02.md
A  .task-board/.resources/TASK-260728-1g0z69/TASK-260728-1g0z69_rework-03.md
A  .task-board/.resources/TASK-260728-1g0z69/TASK-260728-1g0z69_rework-04.md
A  .task-board/.resources/TASK-260728-1g0z69/TASK-260728-1g0z69_rework-05.md
A  .task-board/.resources/TASK-260728-1g0z69/TASK-260728-1g0z69_rework-06.md
A  .task-board/.resources/TASK-260728-1g0z69/TASK-260728-1g0z69_rework-07.md
A  .task-board/.resources/TASK-260728-1g0z69/TASK-260728-1g0z69_spawn-log_-implementer--developer--claude-_RUN-260728-1ccd8b.log
A  .task-board/.resources/TASK-260728-1g0z69/TASK-260728-1g0z69_spawn-log_-implementer--developer--claude-_RUN-260728-2ce7ec.log
A  .task-board/.resources/TASK-260728-1g0z69/TASK-260728-1g0z69_spawn-log_-implementer--developer--claude-_RUN-260728-65ee58.log
A  .task-board/.resources/TASK-260728-1g0z69/TASK-260728-1g0z69_spawn-log_-implementer--developer--claude-_RUN-260728-a7533c.log
A  .task-board/.resources/TASK-260728-1g0z69/TASK-260728-1g0z69_spawn-log_-implementer--developer--claude-_RUN-260728-af7289.log
A  .task-board/.resources/TASK-260728-1g0z69/TASK-260728-1g0z69_spawn-log_-implementer--developer--claude-_RUN-260728-b77c75.log
A  .task-board/.resources/TASK-260728-1g0z69/TASK-260728-1g0z69_spawn-log_-implementer--developer--claude-_RUN-260728-cedcf7.log
A  .task-board/.resources/TASK-260728-1g0z69/TASK-260728-1g0z69_spawn-log_-implementer--developer--claude-_RUN-260728-e41666.log
A  .task-board/.resources/TASK-260728-1g0z69/TASK-260728-1g0z69_spawn-log_-reviewer--reviewer--codex-_RUN-260728-07357a.log
A  .task-board/.resources/TASK-260728-1g0z69/TASK-260728-1g0z69_spawn-log_-reviewer--reviewer--codex-_RUN-260728-092e80.log
A  .task-board/.resources/TASK-260728-1g0z69/TASK-260728-1g0z69_spawn-log_-reviewer--reviewer--codex-_RUN-260728-0e6d1a.log
A  .task-board/.resources/TASK-260728-1g0z69/TASK-260728-1g0z69_spawn-log_-reviewer--reviewer--codex-_RUN-260728-18b23e.log
A  .task-board/.resources/TASK-260728-1g0z69/TASK-260728-1g0z69_spawn-log_-reviewer--reviewer--codex-_RUN-260728-567e92.log
A  .task-board/.resources/TASK-260728-1g0z69/TASK-260728-1g0z69_spawn-log_-reviewer--reviewer--codex-_RUN-260728-8a585f.log
A  .task-board/.resources/TASK-260728-1g0z69/TASK-260728-1g0z69_spawn-log_-reviewer--reviewer--codex-_RUN-260728-e30a89.log
A  .task-board/.resources/TASK-260728-1g0z69/TASK-260728-1g0z69_spawn-log_-reviewer--reviewer--codex-_RUN-260728-f07699.log
A  .task-board/.resources/TASK-260728-1g0z69/TASK-260728-1g0z69_toolchain-reference.md
A  .task-board/.resources/TASK-260728-1jafds/TASK-260728-1jafds_results.md
A  .task-board/.resources/TASK-260728-1jafds/TASK-260728-1jafds_review-verdict-cycle-1.md
A  .task-board/.resources/TASK-260728-1jafds/TASK-260728-1jafds_review-verdict-cycle-2.md
A  .task-board/.resources/TASK-260728-1jafds/TASK-260728-1jafds_review-verdict-cycle-3.md
A  .task-board/.resources/TASK-260728-1jafds/TASK-260728-1jafds_review-verdict-cycle-4.md
A  .task-board/.resources/TASK-260728-1jafds/TASK-260728-1jafds_review-verdict-cycle-5.md
A  .task-board/.resources/TASK-260728-1jafds/TASK-260728-1jafds_rework-cycle-1-results.md
A  .task-board/.resources/TASK-260728-1jafds/TASK-260728-1jafds_rework-cycle-1-validation.log
A  .task-board/.resources/TASK-260728-1jafds/TASK-260728-1jafds_rework-cycle-2-results.md
A  .task-board/.resources/TASK-260728-1jafds/TASK-260728-1jafds_rework-cycle-2-validation.log
A  .task-board/.resources/TASK-260728-1jafds/TASK-260728-1jafds_rework-cycle-3-probes.tar.gz
A  .task-board/.resources/TASK-260728-1jafds/TASK-260728-1jafds_rework-cycle-3-results.md
A  .task-board/.resources/TASK-260728-1jafds/TASK-260728-1jafds_rework-cycle-3-validation.log
A  .task-board/.resources/TASK-260728-1jafds/TASK-260728-1jafds_rework-cycle-4-probes.tar.gz
A  .task-board/.resources/TASK-260728-1jafds/TASK-260728-1jafds_rework-cycle-4-results.md
A  .task-board/.resources/TASK-260728-1jafds/TASK-260728-1jafds_rework-cycle-4-scope.md
A  .task-board/.resources/TASK-260728-1jafds/TASK-260728-1jafds_rework-cycle-4-validation.log
A  .task-board/.resources/TASK-260728-1jafds/TASK-260728-1jafds_spawn-log_-analyst--solution-architect--claude-_RUN-260728-3bd38f.log
A  .task-board/.resources/TASK-260728-1jafds/TASK-260728-1jafds_spawn-log_-implementer--developer--claude-_RUN-260728-b2f0dc.log
A  .task-board/.resources/TASK-260728-1jafds/TASK-260728-1jafds_spawn-log_-implementer--developer--claude-_RUN-260728-fa9b1c.log
A  .task-board/.resources/TASK-260728-1jafds/TASK-260728-1jafds_spawn-log_-implementer--developer--claude-_RUN-260728-fb4a1f.log
A  .task-board/.resources/TASK-260728-1jafds/TASK-260728-1jafds_spawn-log_-implementer--developer--claude-_RUN-260729-3bb94d.log
A  .task-board/.resources/TASK-260728-1jafds/TASK-260728-1jafds_spawn-log_-reviewer--reviewer--codex-_RUN-260728-39001c.log
A  .task-board/.resources/TASK-260728-1jafds/TASK-260728-1jafds_spawn-log_-reviewer--reviewer--codex-_RUN-260728-6a2bde.log
A  .task-board/.resources/TASK-260728-1jafds/TASK-260728-1jafds_spawn-log_-reviewer--reviewer--codex-_RUN-260728-a70334.log
A  .task-board/.resources/TASK-260728-1jafds/TASK-260728-1jafds_spawn-log_-reviewer--reviewer--codex-_RUN-260729-68ba55.log
A  .task-board/.resources/TASK-260728-1jafds/TASK-260728-1jafds_spawn-log_-reviewer--reviewer--codex-_RUN-260729-a1e74e.log
A  .task-board/.resources/TASK-260728-1jafds/TASK-260728-1jafds_validate.log
A  .task-board/.resources/TASK-260728-1ph8rs/TASK-260728-1ph8rs_rc5-contract-precondition.md
A  .task-board/.resources/TASK-260728-1yhuqi/TASK-260728-1yhuqi_command-evidence.log
A  .task-board/.resources/TASK-260728-1yhuqi/TASK-260728-1yhuqi_decision-0011-swift-driver-pair.md
A  .task-board/.resources/TASK-260728-1yhuqi/TASK-260728-1yhuqi_fixture-absent.json
A  .task-board/.resources/TASK-260728-1yhuqi/TASK-260728-1yhuqi_fixture-macos.json
A  .task-board/.resources/TASK-260728-1yhuqi/TASK-260728-1yhuqi_gate-log.txt
A  .task-board/.resources/TASK-260728-1yhuqi/TASK-260728-1yhuqi_probe.tar.gz
A  .task-board/.resources/TASK-260728-1yhuqi/TASK-260728-1yhuqi_results.md
A  .task-board/.resources/TASK-260728-1yhuqi/TASK-260728-1yhuqi_review-verdict-cycle-1.md
A  .task-board/.resources/TASK-260728-1yhuqi/TASK-260728-1yhuqi_review-verdict-cycle-2.md
A  .task-board/.resources/TASK-260728-1yhuqi/TASK-260728-1yhuqi_review-verdict-cycle-3.md
A  .task-board/.resources/TASK-260728-1yhuqi/TASK-260728-1yhuqi_review-verdict-cycle-4.md
A  .task-board/.resources/TASK-260728-1yhuqi/TASK-260728-1yhuqi_review-verdict-cycle-5.md
A  .task-board/.resources/TASK-260728-1yhuqi/TASK-260728-1yhuqi_review-verdict-cycle-6.md
A  .task-board/.resources/TASK-260728-1yhuqi/TASK-260728-1yhuqi_rework-cycle-1.md
A  .task-board/.resources/TASK-260728-1yhuqi/TASK-260728-1yhuqi_rework-cycle-2.md
A  .task-board/.resources/TASK-260728-1yhuqi/TASK-260728-1yhuqi_rework-cycle-3.md
A  .task-board/.resources/TASK-260728-1yhuqi/TASK-260728-1yhuqi_rework-cycle-4.md
A  .task-board/.resources/TASK-260728-1yhuqi/TASK-260728-1yhuqi_rework-cycle-5.md
A  .task-board/.resources/TASK-260728-1yhuqi/TASK-260728-1yhuqi_spawn-log_-analyst--solution-architect--claude-_RUN-260728-63be8f.log
A  .task-board/.resources/TASK-260728-1yhuqi/TASK-260728-1yhuqi_spawn-log_-analyst--solution-architect--claude-_RUN-260729-563742.log
A  .task-board/.resources/TASK-260728-1yhuqi/TASK-260728-1yhuqi_spawn-log_-analyst--solution-architect--claude-_RUN-260729-abbd3c.log
A  .task-board/.resources/TASK-260728-1yhuqi/TASK-260728-1yhuqi_spawn-log_-analyst--solution-architect--claude-_RUN-260729-dfd79e.log
A  .task-board/.resources/TASK-260728-1yhuqi/TASK-260728-1yhuqi_spawn-log_-analyst--solution-architect--claude-_RUN-260729-f9b5c2.log
A  .task-board/.resources/TASK-260728-1yhuqi/TASK-260728-1yhuqi_spawn-log_-implementer--developer--claude-_RUN-260728-7fdc12.log
A  .task-board/.resources/TASK-260728-1yhuqi/TASK-260728-1yhuqi_spawn-log_-implementer--developer--claude-_RUN-260728-ce039d.log
A  .task-board/.resources/TASK-260728-1yhuqi/TASK-260728-1yhuqi_spawn-log_-reviewer--reviewer--codex-_RUN-260728-63a4dd.log
A  .task-board/.resources/TASK-260728-1yhuqi/TASK-260728-1yhuqi_spawn-log_-reviewer--reviewer--codex-_RUN-260729-36adf9.log
A  .task-board/.resources/TASK-260728-1yhuqi/TASK-260728-1yhuqi_spawn-log_-reviewer--reviewer--codex-_RUN-260729-4a7b86.log
A  .task-board/.resources/TASK-260728-1yhuqi/TASK-260728-1yhuqi_spawn-log_-reviewer--reviewer--codex-_RUN-260729-5b005b.log
A  .task-board/.resources/TASK-260728-1yhuqi/TASK-260728-1yhuqi_spawn-log_-reviewer--reviewer--codex-_RUN-260729-906f3c.log
A  .task-board/.resources/TASK-260728-1yhuqi/TASK-260728-1yhuqi_spawn-log_-reviewer--reviewer--codex-_RUN-260729-d7ff1c.log
A  .task-board/.resources/TASK-260728-1yhuqi/TASK-260728-1yhuqi_swift-build-drivers-reference.md
A  .task-board/.resources/TASK-260728-2jaw7h/TASK-260728-2jaw7h_boundary-probe-green.log
A  .task-board/.resources/TASK-260728-2jaw7h/TASK-260728-2jaw7h_candidate-suite-manifest.json
A  .task-board/.resources/TASK-260728-2jaw7h/TASK-260728-2jaw7h_cycle2-gate-logs.tar.gz
A  .task-board/.resources/TASK-260728-2jaw7h/TASK-260728-2jaw7h_gate-logs.tar.gz
A  .task-board/.resources/TASK-260728-2jaw7h/TASK-260728-2jaw7h_protocol-core.md
A  .task-board/.resources/TASK-260728-2jaw7h/TASK-260728-2jaw7h_release-frozen.json
A  .task-board/.resources/TASK-260728-2jaw7h/TASK-260728-2jaw7h_results.md
A  .task-board/.resources/TASK-260728-2jaw7h/TASK-260728-2jaw7h_review-cycle-2-logs.tar.gz
A  .task-board/.resources/TASK-260728-2jaw7h/TASK-260728-2jaw7h_review-verdict-cycle-1.md
A  .task-board/.resources/TASK-260728-2jaw7h/TASK-260728-2jaw7h_review-verdict-cycle-2.md
A  .task-board/.resources/TASK-260728-2jaw7h/TASK-260728-2jaw7h_rework-cycle-2.md
A  .task-board/.resources/TASK-260728-2jaw7h/TASK-260728-2jaw7h_spawn-log_-implementer--developer--claude-_RUN-260728-88284a.log
A  .task-board/.resources/TASK-260728-2jaw7h/TASK-260728-2jaw7h_spawn-log_-implementer--developer--claude-_RUN-260728-8b3fae.log
A  .task-board/.resources/TASK-260728-2jaw7h/TASK-260728-2jaw7h_spawn-log_-reviewer--reviewer--codex-_RUN-260728-73d506.log
A  .task-board/.resources/TASK-260728-2jaw7h/TASK-260728-2jaw7h_spawn-log_-reviewer--reviewer--codex-_RUN-260728-b80704.log
A  .task-board/.resources/TASK-260728-2jaw7h/TASK-260728-2jaw7h_toolchain-preflight-vectors.json
A  .task-board/.resources/TASK-260728-2kp3tv/TASK-260728-2kp3tv_results.md
A  .task-board/.resources/TASK-260728-2kp3tv/TASK-260728-2kp3tv_review-verdict.md
A  .task-board/.resources/TASK-260728-2kp3tv/TASK-260728-2kp3tv_spawn-log_-implementer--developer--claude-_RUN-260728-29c355.log
A  .task-board/.resources/TASK-260728-2kp3tv/TASK-260728-2kp3tv_spawn-log_-reviewer--reviewer--codex-_RUN-260728-e07352.log
A  .task-board/.resources/TASK-260728-2spy93/TASK-260728-2spy93_decision-0007-additional-language-driver-boundary.md
A  .task-board/.resources/TASK-260728-2spy93/TASK-260728-2spy93_decision-0008-additional-language-driver-boundary.md
A  .task-board/.resources/TASK-260728-2spy93/TASK-260728-2spy93_mutant-probe.py
A  .task-board/.resources/TASK-260728-2spy93/TASK-260728-2spy93_plant-probe-cycle-5.py
A  .task-board/.resources/TASK-260728-2spy93/TASK-260728-2spy93_red-check-cycle-5.py
A  .task-board/.resources/TASK-260728-2spy93/TASK-260728-2spy93_results.md
A  .task-board/.resources/TASK-260728-2spy93/TASK-260728-2spy93_review-verdict-cycle-2.md
A  .task-board/.resources/TASK-260728-2spy93/TASK-260728-2spy93_review-verdict-cycle-3.md
A  .task-board/.resources/TASK-260728-2spy93/TASK-260728-2spy93_review-verdict-cycle-4.md
A  .task-board/.resources/TASK-260728-2spy93/TASK-260728-2spy93_review-verdict-cycle-5.md
A  .task-board/.resources/TASK-260728-2spy93/TASK-260728-2spy93_review-verdict-cycle-6.md
A  .task-board/.resources/TASK-260728-2spy93/TASK-260728-2spy93_review-verdict.md
A  .task-board/.resources/TASK-260728-2spy93/TASK-260728-2spy93_rework-01.md
A  .task-board/.resources/TASK-260728-2spy93/TASK-260728-2spy93_rework-02.md
A  .task-board/.resources/TASK-260728-2spy93/TASK-260728-2spy93_rework-03.md
A  .task-board/.resources/TASK-260728-2spy93/TASK-260728-2spy93_rework-04.md
A  .task-board/.resources/TASK-260728-2spy93/TASK-260728-2spy93_rework-05.md
A  .task-board/.resources/TASK-260728-2spy93/TASK-260728-2spy93_spawn-log_-implementer--developer--claude-_RUN-260728-2249e1.log
A  .task-board/.resources/TASK-260728-2spy93/TASK-260728-2spy93_spawn-log_-implementer--developer--claude-_RUN-260728-41e17c.log
A  .task-board/.resources/TASK-260728-2spy93/TASK-260728-2spy93_spawn-log_-implementer--developer--claude-_RUN-260728-682b8f.log
A  .task-board/.resources/TASK-260728-2spy93/TASK-260728-2spy93_spawn-log_-implementer--developer--claude-_RUN-260728-cf840f.log
A  .task-board/.resources/TASK-260728-2spy93/TASK-260728-2spy93_spawn-log_-implementer--developer--claude-_RUN-260728-fae629.log
A  .task-board/.resources/TASK-260728-2spy93/TASK-260728-2spy93_spawn-log_-implementer--developer--claude-_RUN-260728-fc2e6b.log
A  .task-board/.resources/TASK-260728-2spy93/TASK-260728-2spy93_spawn-log_-reviewer--reviewer--codex-_RUN-260728-0a342c.log
A  .task-board/.resources/TASK-260728-2spy93/TASK-260728-2spy93_spawn-log_-reviewer--reviewer--codex-_RUN-260728-145334.log
A  .task-board/.resources/TASK-260728-2spy93/TASK-260728-2spy93_spawn-log_-reviewer--reviewer--codex-_RUN-260728-49e194.log
A  .task-board/.resources/TASK-260728-2spy93/TASK-260728-2spy93_spawn-log_-reviewer--reviewer--codex-_RUN-260728-51258a.log
A  .task-board/.resources/TASK-260728-2spy93/TASK-260728-2spy93_spawn-log_-reviewer--reviewer--codex-_RUN-260728-cb6dda.log
A  .task-board/.resources/TASK-260728-2spy93/TASK-260728-2spy93_spawn-log_-reviewer--reviewer--codex-_RUN-260728-d42d75.log
A  .task-board/.resources/TASK-260728-3b8qym/TASK-260728-3b8qym_results.md
A  .task-board/.resources/TASK-260728-3b8qym/TASK-260728-3b8qym_review-1.md
A  .task-board/.resources/TASK-260728-3b8qym/TASK-260728-3b8qym_review-2.md
A  .task-board/.resources/TASK-260728-3b8qym/TASK-260728-3b8qym_rework-1.md
A  .task-board/.resources/TASK-260728-3b8qym/TASK-260728-3b8qym_spawn-log_-implementer--developer--codex-_RUN-260727-1a699b.log
A  .task-board/.resources/TASK-260728-3b8qym/TASK-260728-3b8qym_spawn-log_-implementer--developer--codex-_RUN-260727-ea6326.log
A  .task-board/.resources/TASK-260728-3b8qym/TASK-260728-3b8qym_spawn-log_-reviewer--reviewer--codex-_RUN-260727-946f60.log
A  .task-board/.resources/TASK-260728-3b8qym/TASK-260728-3b8qym_spawn-log_-reviewer--reviewer--codex-_RUN-260728-9d00b4.log
A  .task-board/.resources/TASK-260728-pwbr32/TASK-260728-pwbr32_rc5-contract-precondition.md
A  .task-board/.resources/TASK-260728-wy3dsw/TASK-260728-wy3dsw_manager-profile-outcome.md
A  .task-board/.resources/TASK-260728-wy3dsw/TASK-260728-wy3dsw_manager-profile-review-2.md
A  .task-board/.resources/TASK-260728-wy3dsw/TASK-260728-wy3dsw_manager-profile-review-3.md
A  .task-board/.resources/TASK-260728-wy3dsw/TASK-260728-wy3dsw_manager-profile-review.md
A  .task-board/.resources/TASK-260728-wy3dsw/TASK-260728-wy3dsw_manager-profile-rework-1.md
A  .task-board/.resources/TASK-260728-wy3dsw/TASK-260728-wy3dsw_manager-profile-rework-2.md
A  .task-board/.resources/TASK-260728-wy3dsw/TASK-260728-wy3dsw_spawn-log_-implementer--doc-writer--codex-_RUN-260727-20571b.log
A  .task-board/.resources/TASK-260728-wy3dsw/TASK-260728-wy3dsw_spawn-log_-implementer--doc-writer--codex-_RUN-260727-5c88c0.log
A  .task-board/.resources/TASK-260728-wy3dsw/TASK-260728-wy3dsw_spawn-log_-implementer--doc-writer--codex-_RUN-260727-fef777.log
A  .task-board/.resources/TASK-260728-wy3dsw/TASK-260728-wy3dsw_spawn-log_-reviewer--reviewer--codex-_RUN-260727-007289.log
A  .task-board/.resources/TASK-260728-wy3dsw/TASK-260728-wy3dsw_spawn-log_-reviewer--reviewer--codex-_RUN-260727-61e508.log
A  .task-board/.resources/TASK-260728-wy3dsw/TASK-260728-wy3dsw_spawn-log_-reviewer--reviewer--codex-_RUN-260727-d25106.log
A  .task-board/.resources/TASK-260728-zb2s4z/TASK-260728-zb2s4z_results.md
A  .task-board/.resources/TASK-260728-zb2s4z/TASK-260728-zb2s4z_review-cycle-2-verdict.md
A  .task-board/.resources/TASK-260728-zb2s4z/TASK-260728-zb2s4z_review-verdict.md
A  .task-board/.resources/TASK-260728-zb2s4z/TASK-260728-zb2s4z_rework-1-results.md
A  .task-board/.resources/TASK-260728-zb2s4z/TASK-260728-zb2s4z_spawn-log_-implementer--developer--claude-_RUN-260728-693188.log
A  .task-board/.resources/TASK-260728-zb2s4z/TASK-260728-zb2s4z_spawn-log_-implementer--developer--claude-_RUN-260728-b74827.log
A  .task-board/.resources/TASK-260728-zb2s4z/TASK-260728-zb2s4z_spawn-log_-reviewer--reviewer--codex-_RUN-260728-3d25cb.log
A  .task-board/.resources/TASK-260728-zb2s4z/TASK-260728-zb2s4z_spawn-log_-reviewer--reviewer--codex-_RUN-260728-40aad4.log
A  .task-board/.resources/TASK-260728-zb2s4z/TASK-260728-zb2s4z_spawn-log_-reviewer--reviewer--codex-_RUN-260728-bb3c17.log
A  .task-board/.resources/TASK-260728-zb2s4z/accepted-rc5-review.md
A  .task-board/.resources/TASK-260728-zb2s4z/host-execution-decision.md
A  .task-board/.resources/TASK-260728-zb2s4z/host-execution-review.md
A  .task-board/.resources/TASK-260729-1b9tc3/TASK-260729-1b9tc3_baseline-pin-rc2.log
A  .task-board/.resources/TASK-260729-1b9tc3/TASK-260729-1b9tc3_candidate-rc5.log
A  .task-board/.resources/TASK-260729-1b9tc3/TASK-260729-1b9tc3_consumer-scope.md
A  .task-board/.resources/TASK-260729-1b9tc3/TASK-260729-1b9tc3_rc5-conformance-consumer-design.md
A  .task-board/.resources/TASK-260729-1b9tc3/TASK-260729-1b9tc3_review-instructions.md
A  .task-board/.resources/TASK-260729-1b9tc3/TASK-260729-1b9tc3_review-verdict.md
A  .task-board/.resources/TASK-260729-1b9tc3/TASK-260729-1b9tc3_spawn-log_-analyst--solution-architect--claude-_RUN-260729-608f9c.log
A  .task-board/.resources/TASK-260729-1b9tc3/TASK-260729-1b9tc3_spawn-log_-reviewer--reviewer--codex-_RUN-260729-4aea12.log
A  .task-board/.resources/TASK-260729-1bf72u/TASK-260729-1bf72u_cleanup-guard-evidence.md
A  .task-board/.resources/TASK-260729-1bf72u/TASK-260729-1bf72u_readiness-scope.md
A  .task-board/.resources/TASK-260729-1bf72u/TASK-260729-1bf72u_review-instructions.md
A  .task-board/.resources/TASK-260729-1bf72u/TASK-260729-1bf72u_review-verdict-cycle-2.md
A  .task-board/.resources/TASK-260729-1bf72u/TASK-260729-1bf72u_review-verdict.md
A  .task-board/.resources/TASK-260729-1bf72u/TASK-260729-1bf72u_rework-cycle-1.md
A  .task-board/.resources/TASK-260729-1bf72u/TASK-260729-1bf72u_runner-readiness.md
A  .task-board/.resources/TASK-260729-1bf72u/TASK-260729-1bf72u_spawn-log_-analyst--researcher--claude-_RUN-260729-abef7f.log
A  .task-board/.resources/TASK-260729-1bf72u/TASK-260729-1bf72u_spawn-log_-reviewer--reviewer--codex-_RUN-260729-7bf4e2.log
A  .task-board/.resources/TASK-260729-1bf72u/TASK-260729-1bf72u_spawn-log_-reviewer--reviewer--codex-_RUN-260729-7f74cc.log
A  .task-board/.resources/TASK-260729-1bf72u/TASK-260729-1bf72u_spawn-log_-tester--tester--codex-_RUN-260729-cfd131.log
A  .task-board/.resources/TASK-260729-1kq1rd/TASK-260729-1kq1rd_protocol-publication-gate-for-parity.md
A  .task-board/.resources/TASK-260729-1kq1rd/TASK-260729-1kq1rd_review-verdict-cycle-1.md
A  .task-board/.resources/TASK-260729-1kq1rd/TASK-260729-1kq1rd_spawn-log_-analyst--researcher--codex-_RUN-260728-b72cf7.log
A  .task-board/.resources/TASK-260729-1kq1rd/TASK-260729-1kq1rd_spawn-log_-reviewer--reviewer--codex-_RUN-260728-f4b349.log
A  .task-board/.resources/TASK-260729-1t1z2l/TASK-260729-1t1z2l_curator-go-to-csk-parity-delta.md
A  .task-board/.resources/TASK-260729-1t1z2l/TASK-260729-1t1z2l_review-csk-mypy-02.log
A  .task-board/.resources/TASK-260729-1t1z2l/TASK-260729-1t1z2l_review-csk-pytest-01.log
A  .task-board/.resources/TASK-260729-1t1z2l/TASK-260729-1t1z2l_review-csk-pytest-focused-02.log
A  .task-board/.resources/TASK-260729-1t1z2l/TASK-260729-1t1z2l_review-go-focused-01.log
A  .task-board/.resources/TASK-260729-1t1z2l/TASK-260729-1t1z2l_review-go-test-01.log
A  .task-board/.resources/TASK-260729-1t1z2l/TASK-260729-1t1z2l_review-go-test-02.log
A  .task-board/.resources/TASK-260729-1t1z2l/TASK-260729-1t1z2l_review-verdict-cycle-1.md
A  .task-board/.resources/TASK-260729-1t1z2l/TASK-260729-1t1z2l_review-verdict-cycle-2.md
A  .task-board/.resources/TASK-260729-1t1z2l/TASK-260729-1t1z2l_rework-conformance-rc4-root.log
A  .task-board/.resources/TASK-260729-1t1z2l/TASK-260729-1t1z2l_rework-conformance-rc5-root.log
A  .task-board/.resources/TASK-260729-1t1z2l/TASK-260729-1t1z2l_rework-focused-go-01.log
A  .task-board/.resources/TASK-260729-1t1z2l/TASK-260729-1t1z2l_rework-focused-go-02.log
A  .task-board/.resources/TASK-260729-1t1z2l/TASK-260729-1t1z2l_rework-focused-go-03-transaction-retry.log
A  .task-board/.resources/TASK-260729-1t1z2l/TASK-260729-1t1z2l_spawn-log_-analyst--researcher--claude-_RUN-260729-c6022a.log
A  .task-board/.resources/TASK-260729-1t1z2l/TASK-260729-1t1z2l_spawn-log_-analyst--researcher--codex-_RUN-260728-a668f6.log
A  .task-board/.resources/TASK-260729-1t1z2l/TASK-260729-1t1z2l_spawn-log_-reviewer--reviewer--codex-_RUN-260729-847f2e.log
A  .task-board/.resources/TASK-260729-1t1z2l/TASK-260729-1t1z2l_spawn-log_-reviewer--reviewer--codex-_RUN-260729-b41f06.log
A  .task-board/.resources/TASK-260729-1vpytz/TASK-260729-1vpytz_official-go-bootstrap-guidance.md
A  .task-board/.resources/TASK-260729-1vpytz/TASK-260729-1vpytz_review-verdict-cycle-1.md
A  .task-board/.resources/TASK-260729-1vpytz/TASK-260729-1vpytz_spawn-log_-analyst--researcher--codex-_RUN-260729-d3986a.log
A  .task-board/.resources/TASK-260729-1vpytz/TASK-260729-1vpytz_spawn-log_-reviewer--reviewer--codex-_RUN-260729-694233.log
A  .task-board/.resources/TASK-260729-1y7okj/TASK-260729-1y7okj_audit-scope.md
A  .task-board/.resources/TASK-260729-1y7okj/TASK-260729-1y7okj_review-instructions-cycle-2.md
A  .task-board/.resources/TASK-260729-1y7okj/TASK-260729-1y7okj_review-verdict-cycle-1.md
A  .task-board/.resources/TASK-260729-1y7okj/TASK-260729-1y7okj_review-verdict-cycle-2.md
A  .task-board/.resources/TASK-260729-1y7okj/TASK-260729-1y7okj_reviewed-snapshot-provenance.md
A  .task-board/.resources/TASK-260729-1y7okj/TASK-260729-1y7okj_rework-cycle-1.md
A  .task-board/.resources/TASK-260729-1y7okj/TASK-260729-1y7okj_runtime-optimization-audit.md
A  .task-board/.resources/TASK-260729-1y7okj/TASK-260729-1y7okj_spawn-log_-analyst--solution-architect--claude-_RUN-260729-545602.log
A  .task-board/.resources/TASK-260729-1y7okj/TASK-260729-1y7okj_spawn-log_-analyst--solution-architect--claude-_RUN-260729-a235a6.log
A  .task-board/.resources/TASK-260729-1y7okj/TASK-260729-1y7okj_spawn-log_-reviewer--reviewer--codex-_RUN-260729-567284.log
A  .task-board/.resources/TASK-260729-1y7okj/TASK-260729-1y7okj_spawn-log_-reviewer--reviewer--codex-_RUN-260729-eaea05.log
A  .task-board/.resources/TASK-260729-1zex8r/TASK-260729-1zex8r_bench-fingerprint.txt
A  .task-board/.resources/TASK-260729-1zex8r/TASK-260729-1zex8r_cycle3-raw-evidence.tar.gz
A  .task-board/.resources/TASK-260729-1zex8r/TASK-260729-1zex8r_fingerprint-cycle3.patch
A  .task-board/.resources/TASK-260729-1zex8r/TASK-260729-1zex8r_fingerprint.diff
A  .task-board/.resources/TASK-260729-1zex8r/TASK-260729-1zex8r_fingerprint_equivalence_test.go
A  .task-board/.resources/TASK-260729-1zex8r/TASK-260729-1zex8r_reviewer-verdict-cycle3.md
A  .task-board/.resources/TASK-260729-1zex8r/TASK-260729-1zex8r_spawn-log_-implementer--developer--claude-_RUN-260729-19d434.log
A  .task-board/.resources/TASK-260729-1zex8r/TASK-260729-1zex8r_spawn-log_-implementer--developer--claude-_RUN-260729-b1885e.log
A  .task-board/.resources/TASK-260729-1zex8r/TASK-260729-1zex8r_spawn-log_-implementer--developer--claude-_RUN-260729-e7c7cc.log
A  .task-board/.resources/TASK-260729-1zex8r/TASK-260729-1zex8r_spawn-log_-reviewer--reviewer--codex-_RUN-260729-91ea7b.log
A  .task-board/.resources/TASK-260729-1zex8r/TASK-260729-1zex8r_spawn-log_-tester--tester--codex-_RUN-260729-b6ab4c.log
A  .task-board/.resources/TASK-260729-1zex8r/TASK-260729-1zex8r_spawn-log_-tester--tester--codex-_RUN-260729-ecbe05.log
A  .task-board/.resources/TASK-260729-1zex8r/TASK-260729-1zex8r_spawn-log_-tester--tester--codex-_RUN-260729-fb2506.log
A  .task-board/.resources/TASK-260729-1zex8r/TASK-260729-1zex8r_tester-collection-race.md
A  .task-board/.resources/TASK-260729-1zex8r/TASK-260729-1zex8r_tester-evidence-cycle-3.md
A  .task-board/.resources/TASK-260729-1zex8r/TASK-260729-1zex8r_tester-mutation-regression.md
A  .task-board/.resources/TASK-260729-2afulh/TASK-260729-2afulh_results.md
A  .task-board/.resources/TASK-260729-2afulh/TASK-260729-2afulh_review-verdict.md
A  .task-board/.resources/TASK-260729-2afulh/TASK-260729-2afulh_spawn-log_-implementer--developer--claude-_RUN-260729-7ade05.log
A  .task-board/.resources/TASK-260729-2afulh/TASK-260729-2afulh_spawn-log_-reviewer--reviewer--codex-_RUN-260729-ce1b89.log
A  .task-board/.resources/TASK-260729-2afulh/TASK-260729-2afulh_spawn-log_-tester--tester--codex-_RUN-260729-b2a441.log
A  .task-board/.resources/TASK-260729-2afulh/TASK-260729-2afulh_tester-evidence.md
A  .task-board/.resources/TASK-260729-2afulh/TASK-260729-2afulh_tester-evidence.tgz
A  .task-board/.resources/TASK-260729-2kaopg/TASK-260729-2kaopg_integrated-global-status-rework.patch
A  .task-board/.resources/TASK-260729-2kaopg/TASK-260729-2kaopg_integrated-tester-evidence.md
A  .task-board/.resources/TASK-260729-2kaopg/TASK-260729-2kaopg_performance-diagnostic.md
A  .task-board/.resources/TASK-260729-2kaopg/TASK-260729-2kaopg_review-verdict.md
A  .task-board/.resources/TASK-260729-2kaopg/TASK-260729-2kaopg_spawn-log_-implementer--developer--claude-_RUN-260729-375d85.log
A  .task-board/.resources/TASK-260729-2kaopg/TASK-260729-2kaopg_spawn-log_-implementer--developer--claude-_RUN-260729-3bd9db.log
A  .task-board/.resources/TASK-260729-2kaopg/TASK-260729-2kaopg_spawn-log_-implementer--developer--claude-_RUN-260729-524af6.log
A  .task-board/.resources/TASK-260729-2kaopg/TASK-260729-2kaopg_spawn-log_-implementer--developer--claude-_RUN-260729-57b1c2.log
A  .task-board/.resources/TASK-260729-2kaopg/TASK-260729-2kaopg_spawn-log_-implementer--developer--claude-_RUN-260729-589a90.log
A  .task-board/.resources/TASK-260729-2kaopg/TASK-260729-2kaopg_spawn-log_-implementer--developer--claude-_RUN-260729-dcf1f8.log
A  .task-board/.resources/TASK-260729-2kaopg/TASK-260729-2kaopg_spawn-log_-reviewer--reviewer--codex-_RUN-260729-8edeaa.log
A  .task-board/.resources/TASK-260729-2kaopg/TASK-260729-2kaopg_spawn-log_-tester--tester--codex-_RUN-260729-051449.log
A  .task-board/.resources/TASK-260729-2kaopg/TASK-260729-2kaopg_spawn-log_-tester--tester--codex-_RUN-260729-2655bc.log
A  .task-board/.resources/TASK-260729-2kaopg/TASK-260729-2kaopg_spawn-log_-tester--tester--codex-_RUN-260729-e48e49.log
A  .task-board/.resources/TASK-260729-2kaopg/TASK-260729-2kaopg_test-evidence.md
A  .task-board/.resources/TASK-260729-2kaopg/TASK-260729-2kaopg_timeout-diagnostic.md
A  .task-board/.resources/TASK-260729-2sxx7k/TASK-260729-2sxx7k_linux-validation-evidence.md
A  .task-board/.resources/TASK-260729-2sxx7k/TASK-260729-2sxx7k_spawn-log_-tester--tester--codex-_RUN-260729-896bf4.log
A  .task-board/.resources/TASK-260729-35tb37/TASK-260729-35tb37_baseline-scope.md
A  .task-board/.resources/TASK-260729-35tb37/TASK-260729-35tb37_cocoaskills-baseline-file-map.md
A  .task-board/.resources/TASK-260729-35tb37/TASK-260729-35tb37_review-instructions.md
A  .task-board/.resources/TASK-260729-35tb37/TASK-260729-35tb37_review-verdict-cycle-1.md
A  .task-board/.resources/TASK-260729-35tb37/TASK-260729-35tb37_review-verdict-cycle-2.md
A  .task-board/.resources/TASK-260729-35tb37/TASK-260729-35tb37_review-verdict-cycle-3.md
A  .task-board/.resources/TASK-260729-35tb37/TASK-260729-35tb37_rework-cycle-1-corrections.md
A  .task-board/.resources/TASK-260729-35tb37/TASK-260729-35tb37_rework-cycle-1.md
A  .task-board/.resources/TASK-260729-35tb37/TASK-260729-35tb37_rework-cycle-2-corrections.md
A  .task-board/.resources/TASK-260729-35tb37/TASK-260729-35tb37_rework-cycle-2.md
A  .task-board/.resources/TASK-260729-35tb37/TASK-260729-35tb37_spawn-log_-analyst--researcher--claude-_RUN-260729-ad10ec.log
A  .task-board/.resources/TASK-260729-35tb37/TASK-260729-35tb37_spawn-log_-analyst--researcher--claude-_RUN-260729-bb9cca.log
A  .task-board/.resources/TASK-260729-35tb37/TASK-260729-35tb37_spawn-log_-analyst--researcher--codex-_RUN-260729-3478aa.log
A  .task-board/.resources/TASK-260729-35tb37/TASK-260729-35tb37_spawn-log_-reviewer--reviewer--codex-_RUN-260729-5183fa.log
A  .task-board/.resources/TASK-260729-35tb37/TASK-260729-35tb37_spawn-log_-reviewer--reviewer--codex-_RUN-260729-8723b6.log
A  .task-board/.resources/TASK-260729-35tb37/TASK-260729-35tb37_spawn-log_-reviewer--reviewer--codex-_RUN-260729-ec149b.log
A  .task-board/.resources/TASK-260729-365r5r/TASK-260729-365r5r_correction-cycle3.md
A  .task-board/.resources/TASK-260729-365r5r/TASK-260729-365r5r_excluded-artifacts.md
A  .task-board/.resources/TASK-260729-365r5r/TASK-260729-365r5r_gate-evidence.tgz
A  .task-board/.resources/TASK-260729-365r5r/TASK-260729-365r5r_lint-gate.md
A  .task-board/.resources/TASK-260729-365r5r/TASK-260729-365r5r_lint-rework-constraint.md
A  .task-board/.resources/TASK-260729-365r5r/TASK-260729-365r5r_prototype.patch
A  .task-board/.resources/TASK-260729-365r5r/TASK-260729-365r5r_reentry-constraint.md
A  .task-board/.resources/TASK-260729-365r5r/TASK-260729-365r5r_results.md
A  .task-board/.resources/TASK-260729-365r5r/TASK-260729-365r5r_review-cycle3.md
A  .task-board/.resources/TASK-260729-365r5r/TASK-260729-365r5r_review-verdict-cycle2.md
A  .task-board/.resources/TASK-260729-365r5r/TASK-260729-365r5r_review-verdict-cycle3.md
A  .task-board/.resources/TASK-260729-365r5r/TASK-260729-365r5r_review-verdict.md
A  .task-board/.resources/TASK-260729-365r5r/TASK-260729-365r5r_rework-lint.md
A  .task-board/.resources/TASK-260729-365r5r/TASK-260729-365r5r_scope-amendment-cycle3.md
A  .task-board/.resources/TASK-260729-365r5r/TASK-260729-365r5r_spawn-log_-implementer--developer--claude-_RUN-260729-313095.log
A  .task-board/.resources/TASK-260729-365r5r/TASK-260729-365r5r_spawn-log_-implementer--developer--claude-_RUN-260729-3819ca.log
A  .task-board/.resources/TASK-260729-365r5r/TASK-260729-365r5r_spawn-log_-implementer--developer--claude-_RUN-260729-38def3.log
A  .task-board/.resources/TASK-260729-365r5r/TASK-260729-365r5r_spawn-log_-implementer--developer--claude-_RUN-260729-4aec88.log
A  .task-board/.resources/TASK-260729-365r5r/TASK-260729-365r5r_spawn-log_-implementer--developer--claude-_RUN-260729-b9f281.log
A  .task-board/.resources/TASK-260729-365r5r/TASK-260729-365r5r_spawn-log_-implementer--developer--claude-_RUN-260729-bd5fd3.log
A  .task-board/.resources/TASK-260729-365r5r/TASK-260729-365r5r_spawn-log_-implementer--developer--claude-_RUN-260729-d36102.log
A  .task-board/.resources/TASK-260729-365r5r/TASK-260729-365r5r_spawn-log_-implementer--developer--claude-_RUN-260729-fa5b3e.log
A  .task-board/.resources/TASK-260729-365r5r/TASK-260729-365r5r_spawn-log_-reviewer--reviewer--codex-_RUN-260729-1048ed.log
A  .task-board/.resources/TASK-260729-365r5r/TASK-260729-365r5r_spawn-log_-reviewer--reviewer--codex-_RUN-260729-76fb72.log
A  .task-board/.resources/TASK-260729-365r5r/TASK-260729-365r5r_spawn-log_-reviewer--reviewer--codex-_RUN-260729-f79ddb.log
A  .task-board/.resources/TASK-260729-3dr6hw/TASK-260729-3dr6hw_cycle3-rework-record.md
A  .task-board/.resources/TASK-260729-3dr6hw/TASK-260729-3dr6hw_cycle4-rework-record.md
A  .task-board/.resources/TASK-260729-3dr6hw/TASK-260729-3dr6hw_cycle5-diagnosis.diff
A  .task-board/.resources/TASK-260729-3dr6hw/TASK-260729-3dr6hw_cycle5-rework-record.md
A  .task-board/.resources/TASK-260729-3dr6hw/TASK-260729-3dr6hw_cycle7-diagnosis.diff
A  .task-board/.resources/TASK-260729-3dr6hw/TASK-260729-3dr6hw_cycle7-rework-record.md
A  .task-board/.resources/TASK-260729-3dr6hw/TASK-260729-3dr6hw_diagnosis-input.md
A  .task-board/.resources/TASK-260729-3dr6hw/TASK-260729-3dr6hw_install-race-timeout-diagnosis.md
A  .task-board/.resources/TASK-260729-3dr6hw/TASK-260729-3dr6hw_race-timeout-diagnosis.md
A  .task-board/.resources/TASK-260729-3dr6hw/TASK-260729-3dr6hw_review-verdict-cycle-1.md
A  .task-board/.resources/TASK-260729-3dr6hw/TASK-260729-3dr6hw_review-verdict-cycle-2.md
A  .task-board/.resources/TASK-260729-3dr6hw/TASK-260729-3dr6hw_review-verdict-cycle-3.md
A  .task-board/.resources/TASK-260729-3dr6hw/TASK-260729-3dr6hw_review-verdict-cycle-4.md
A  .task-board/.resources/TASK-260729-3dr6hw/TASK-260729-3dr6hw_review-verdict-cycle-5.md
A  .task-board/.resources/TASK-260729-3dr6hw/TASK-260729-3dr6hw_review-verdict-cycle-6.md
A  .task-board/.resources/TASK-260729-3dr6hw/TASK-260729-3dr6hw_spawn-log_-analyst--researcher--claude-_RUN-260729-4079e5.log
A  .task-board/.resources/TASK-260729-3dr6hw/TASK-260729-3dr6hw_spawn-log_-analyst--researcher--claude-_RUN-260729-6c03cf.log
A  .task-board/.resources/TASK-260729-3dr6hw/TASK-260729-3dr6hw_spawn-log_-analyst--researcher--claude-_RUN-260729-6eee2a.log
A  .task-board/.resources/TASK-260729-3dr6hw/TASK-260729-3dr6hw_spawn-log_-analyst--researcher--claude-_RUN-260729-840b17.log
A  .task-board/.resources/TASK-260729-3dr6hw/TASK-260729-3dr6hw_spawn-log_-analyst--researcher--claude-_RUN-260729-856b0c.log
A  .task-board/.resources/TASK-260729-3dr6hw/TASK-260729-3dr6hw_spawn-log_-analyst--researcher--claude-_RUN-260729-be5947.log
A  .task-board/.resources/TASK-260729-3dr6hw/TASK-260729-3dr6hw_spawn-log_-analyst--researcher--claude-_RUN-260729-f0b15f.log
A  .task-board/.resources/TASK-260729-3dr6hw/TASK-260729-3dr6hw_spawn-log_-analyst--researcher--claude-_RUN-260729-f12c23.log
A  .task-board/.resources/TASK-260729-3dr6hw/TASK-260729-3dr6hw_spawn-log_-reviewer--reviewer--codex-_RUN-260729-1aebfd.log
A  .task-board/.resources/TASK-260729-3dr6hw/TASK-260729-3dr6hw_spawn-log_-reviewer--reviewer--codex-_RUN-260729-2e14a7.log
A  .task-board/.resources/TASK-260729-3dr6hw/TASK-260729-3dr6hw_spawn-log_-reviewer--reviewer--codex-_RUN-260729-330d04.log
A  .task-board/.resources/TASK-260729-3dr6hw/TASK-260729-3dr6hw_spawn-log_-reviewer--reviewer--codex-_RUN-260729-697d2e.log
A  .task-board/.resources/TASK-260729-3dr6hw/TASK-260729-3dr6hw_spawn-log_-reviewer--reviewer--codex-_RUN-260729-b0101b.log
A  .task-board/.resources/TASK-260729-3dr6hw/TASK-260729-3dr6hw_spawn-log_-reviewer--reviewer--codex-_RUN-260729-b81614.log
A  .task-board/.resources/TASK-260729-3jku56/TASK-260729-3jku56_implementation-evidence.md
A  .task-board/.resources/TASK-260729-3jku56/TASK-260729-3jku56_review-verdict.md
A  .task-board/.resources/TASK-260729-3jku56/TASK-260729-3jku56_spawn-log_-implementer--developer--codex-_RUN-260728-a7e95f.log
A  .task-board/.resources/TASK-260729-3jku56/TASK-260729-3jku56_spawn-log_-reviewer--reviewer--codex-_RUN-260729-199d84.log
A  .task-board/.resources/TASK-260729-3jmqgl/TASK-260729-3jmqgl_evidence-packet.tar.gz
A  .task-board/.resources/TASK-260729-3jmqgl/TASK-260729-3jmqgl_macos-hardened-capability-outcome.md
A  .task-board/.resources/TASK-260729-3jmqgl/TASK-260729-3jmqgl_macos-hardened-probes-source.tar.gz
A  .task-board/.resources/TASK-260729-3jmqgl/TASK-260729-3jmqgl_review-instructions.md
A  .task-board/.resources/TASK-260729-3jmqgl/TASK-260729-3jmqgl_reviewer-verdict_RUN-260729-4a8bdb.md
A  .task-board/.resources/TASK-260729-3jmqgl/TASK-260729-3jmqgl_reviewer-verdict_RUN-260729-6e3c8f.md
A  .task-board/.resources/TASK-260729-3jmqgl/TASK-260729-3jmqgl_rework-cycle-1-verification.md
A  .task-board/.resources/TASK-260729-3jmqgl/TASK-260729-3jmqgl_rework-cycle-1.md
A  .task-board/.resources/TASK-260729-3jmqgl/TASK-260729-3jmqgl_spawn-log_-implementer--developer--claude-_RUN-260728-a1cd57.log
A  .task-board/.resources/TASK-260729-3jmqgl/TASK-260729-3jmqgl_spawn-log_-implementer--developer--claude-_RUN-260728-cb4bf5.log
A  .task-board/.resources/TASK-260729-3jmqgl/TASK-260729-3jmqgl_spawn-log_-implementer--developer--claude-_RUN-260728-d7a61c.log
A  .task-board/.resources/TASK-260729-3jmqgl/TASK-260729-3jmqgl_spawn-log_-implementer--developer--claude-_RUN-260729-10adc6.log
A  .task-board/.resources/TASK-260729-3jmqgl/TASK-260729-3jmqgl_spawn-log_-implementer--developer--claude-_RUN-260729-32ca38.log
A  .task-board/.resources/TASK-260729-3jmqgl/TASK-260729-3jmqgl_spawn-log_-reviewer--reviewer--codex-_RUN-260729-4a8bdb.log
A  .task-board/.resources/TASK-260729-3jmqgl/TASK-260729-3jmqgl_spawn-log_-reviewer--reviewer--codex-_RUN-260729-6e3c8f.log
A  .task-board/.resources/TASK-260729-3jmqgl/TASK-260729-3jmqgl_spawn-log_-tester--tester--claude-_RUN-260728-1bc898.log
A  .task-board/.resources/TASK-260729-3jmqgl/TASK-260729-3jmqgl_spawn-log_-tester--tester--claude-_RUN-260729-12189e.log
A  .task-board/.resources/TASK-260729-3nx97g/TASK-260729-3nx97g_results.md
A  .task-board/.resources/TASK-260729-3nx97g/TASK-260729-3nx97g_review-verdict.md
A  .task-board/.resources/TASK-260729-3nx97g/TASK-260729-3nx97g_spawn-log_-implementer--developer--claude-_RUN-260729-5f494f.log
A  .task-board/.resources/TASK-260729-3nx97g/TASK-260729-3nx97g_spawn-log_-reviewer--reviewer--codex-_RUN-260729-04c6dd.log
A  .task-board/.resources/TASK-260729-iuepxx/TASK-260729-iuepxx_dependency-cycle-audit.md
A  .task-board/.resources/TASK-260729-iuepxx/TASK-260729-iuepxx_review-verdict.md
A  .task-board/.resources/TASK-260729-iuepxx/TASK-260729-iuepxx_spawn-log_-analyst--researcher--codex-_RUN-260729-f15811.log
A  .task-board/.resources/TASK-260729-iuepxx/TASK-260729-iuepxx_spawn-log_-reviewer--reviewer--codex-_RUN-260729-bd3a14.log
A  .task-board/.resources/TASK-260729-iuepxx/TASK-260729-iuepxx_verify-cycle.js
A  .task-board/.resources/TASK-260729-osjeay/TASK-260729-osjeay_audit-scope.md
A  .task-board/.resources/TASK-260729-osjeay/TASK-260729-osjeay_final-ci-execution-map-rev6.md
A  .task-board/.resources/TASK-260729-osjeay/TASK-260729-osjeay_final-ci-execution-map-rev7.md
A  .task-board/.resources/TASK-260729-osjeay/TASK-260729-osjeay_final-ci-execution-map.md
A  .task-board/.resources/TASK-260729-osjeay/TASK-260729-osjeay_gate-status-cycle3.md
A  .task-board/.resources/TASK-260729-osjeay/TASK-260729-osjeay_gate-status-cycle4.md
A  .task-board/.resources/TASK-260729-osjeay/TASK-260729-osjeay_gate-status-cycle5.md
A  .task-board/.resources/TASK-260729-osjeay/TASK-260729-osjeay_gate-status-cycle6.md
A  .task-board/.resources/TASK-260729-osjeay/TASK-260729-osjeay_gate-status-cycle7.md
A  .task-board/.resources/TASK-260729-osjeay/TASK-260729-osjeay_gate-status.md
A  .task-board/.resources/TASK-260729-osjeay/TASK-260729-osjeay_review-verdict-cycle-2.md
A  .task-board/.resources/TASK-260729-osjeay/TASK-260729-osjeay_review-verdict-cycle-3.md
A  .task-board/.resources/TASK-260729-osjeay/TASK-260729-osjeay_review-verdict-cycle-4.md
A  .task-board/.resources/TASK-260729-osjeay/TASK-260729-osjeay_review-verdict-cycle-5.md
A  .task-board/.resources/TASK-260729-osjeay/TASK-260729-osjeay_review-verdict-cycle-6.md
A  .task-board/.resources/TASK-260729-osjeay/TASK-260729-osjeay_review-verdict-cycle-7.md
A  .task-board/.resources/TASK-260729-osjeay/TASK-260729-osjeay_review-verdict-cycle-8.md
A  .task-board/.resources/TASK-260729-osjeay/TASK-260729-osjeay_review-verdict.md
A  .task-board/.resources/TASK-260729-osjeay/TASK-260729-osjeay_rework-cycle-1.md
A  .task-board/.resources/TASK-260729-osjeay/TASK-260729-osjeay_spawn-log_-analyst--researcher--claude-_RUN-260729-1606ab.log
A  .task-board/.resources/TASK-260729-osjeay/TASK-260729-osjeay_spawn-log_-analyst--researcher--claude-_RUN-260729-580f82.log
A  .task-board/.resources/TASK-260729-osjeay/TASK-260729-osjeay_spawn-log_-analyst--researcher--claude-_RUN-260729-65beac.log
A  .task-board/.resources/TASK-260729-osjeay/TASK-260729-osjeay_spawn-log_-analyst--researcher--claude-_RUN-260729-84e5b3.log
A  .task-board/.resources/TASK-260729-osjeay/TASK-260729-osjeay_spawn-log_-analyst--researcher--claude-_RUN-260729-8fa56b.log
A  .task-board/.resources/TASK-260729-osjeay/TASK-260729-osjeay_spawn-log_-analyst--researcher--claude-_RUN-260729-b9fe36.log
A  .task-board/.resources/TASK-260729-osjeay/TASK-260729-osjeay_spawn-log_-analyst--researcher--claude-_RUN-260729-cbe50d.log
A  .task-board/.resources/TASK-260729-osjeay/TASK-260729-osjeay_spawn-log_-analyst--researcher--claude-_RUN-260729-ed33dc.log
A  .task-board/.resources/TASK-260729-osjeay/TASK-260729-osjeay_spawn-log_-reviewer--reviewer--codex-_RUN-260729-062b26.log
A  .task-board/.resources/TASK-260729-osjeay/TASK-260729-osjeay_spawn-log_-reviewer--reviewer--codex-_RUN-260729-22d114.log
A  .task-board/.resources/TASK-260729-osjeay/TASK-260729-osjeay_spawn-log_-reviewer--reviewer--codex-_RUN-260729-46ec6d.log
A  .task-board/.resources/TASK-260729-osjeay/TASK-260729-osjeay_spawn-log_-reviewer--reviewer--codex-_RUN-260729-a3e693.log
A  .task-board/.resources/TASK-260729-osjeay/TASK-260729-osjeay_spawn-log_-reviewer--reviewer--codex-_RUN-260729-a52356.log
A  .task-board/.resources/TASK-260729-osjeay/TASK-260729-osjeay_spawn-log_-reviewer--reviewer--codex-_RUN-260729-ad4a38.log
A  .task-board/.resources/TASK-260729-osjeay/TASK-260729-osjeay_spawn-log_-reviewer--reviewer--codex-_RUN-260729-d52d30.log
A  .task-board/.resources/TASK-260729-osjeay/TASK-260729-osjeay_spawn-log_-reviewer--reviewer--codex-_RUN-260729-fffc3c.log
A  .task-board/.resources/TASK-260729-osjeay/TASK-260729-osjeay_verify-recipes-cycle4.log
A  .task-board/.resources/TASK-260729-osjeay/TASK-260729-osjeay_verify-recipes-cycle5.log
A  .task-board/.resources/TASK-260729-osjeay/TASK-260729-osjeay_verify-recipes-cycle5.sh
A  .task-board/.resources/TASK-260729-osjeay/TASK-260729-osjeay_verify-recipes-cycle6.log
A  .task-board/.resources/TASK-260729-osjeay/TASK-260729-osjeay_verify-recipes-cycle6.sh
A  .task-board/.resources/TASK-260729-osjeay/TASK-260729-osjeay_verify-recipes-cycle7.log
A  .task-board/.resources/TASK-260729-osjeay/TASK-260729-osjeay_verify-recipes.sh
A  .task-board/.resources/TASK-260729-rfrdfo/TASK-260729-rfrdfo_cycle2-evidence.tgz
A  .task-board/.resources/TASK-260729-rfrdfo/TASK-260729-rfrdfo_cycle2-routing-and-evidence.md
A  .task-board/.resources/TASK-260729-rfrdfo/TASK-260729-rfrdfo_cycle3-corrected-routing.md
A  .task-board/.resources/TASK-260729-rfrdfo/TASK-260729-rfrdfo_cycle3-handoff-note.md
A  .task-board/.resources/TASK-260729-rfrdfo/TASK-260729-rfrdfo_cycle3-research.md
A  .task-board/.resources/TASK-260729-rfrdfo/TASK-260729-rfrdfo_evidence-bundle.tgz
A  .task-board/.resources/TASK-260729-rfrdfo/TASK-260729-rfrdfo_evidence-only-constraint.md
A  .task-board/.resources/TASK-260729-rfrdfo/TASK-260729-rfrdfo_install-race-timeout.patch
A  .task-board/.resources/TASK-260729-rfrdfo/TASK-260729-rfrdfo_logbook-entry.md
A  .task-board/.resources/TASK-260729-rfrdfo/TASK-260729-rfrdfo_prototype-input.md
A  .task-board/.resources/TASK-260729-rfrdfo/TASK-260729-rfrdfo_reconciliation-notes.md
A  .task-board/.resources/TASK-260729-rfrdfo/TASK-260729-rfrdfo_results.md
A  .task-board/.resources/TASK-260729-rfrdfo/TASK-260729-rfrdfo_review-verdict-cycle-1.md
A  .task-board/.resources/TASK-260729-rfrdfo/TASK-260729-rfrdfo_review-verdict-cycle-2.md
A  .task-board/.resources/TASK-260729-rfrdfo/TASK-260729-rfrdfo_review-verdict-cycle-3.md
A  .task-board/.resources/TASK-260729-rfrdfo/TASK-260729-rfrdfo_spawn-log_-analyst--researcher--claude-_RUN-260729-5e854d.log
A  .task-board/.resources/TASK-260729-rfrdfo/TASK-260729-rfrdfo_spawn-log_-analyst--researcher--claude-_RUN-260729-c055ea.log
A  .task-board/.resources/TASK-260729-rfrdfo/TASK-260729-rfrdfo_spawn-log_-analyst--researcher--claude-_RUN-260729-e0edd7.log
A  .task-board/.resources/TASK-260729-rfrdfo/TASK-260729-rfrdfo_spawn-log_-implementer--developer--claude-_RUN-260729-1f7b6e.log
A  .task-board/.resources/TASK-260729-rfrdfo/TASK-260729-rfrdfo_spawn-log_-implementer--developer--claude-_RUN-260729-b93d66.log
A  .task-board/.resources/TASK-260729-rfrdfo/TASK-260729-rfrdfo_spawn-log_-reviewer--reviewer--codex-_RUN-260729-b86b2a.log
A  .task-board/.resources/TASK-260729-rfrdfo/TASK-260729-rfrdfo_spawn-log_-reviewer--reviewer--codex-_RUN-260729-ed3fb3.log
A  .task-board/.resources/TASK-260729-rfrdfo/TASK-260729-rfrdfo_spawn-log_-reviewer--reviewer--codex-_RUN-260729-fb818d.log
A  .task-board/.resources/TASK-260729-rhjxtx/TASK-260729-rhjxtx_command-evidence.log
A  .task-board/.resources/TASK-260729-rhjxtx/TASK-260729-rhjxtx_fixture-macos.json
A  .task-board/.resources/TASK-260729-rhjxtx/TASK-260729-rhjxtx_fixture-windows.json
A  .task-board/.resources/TASK-260729-rhjxtx/TASK-260729-rhjxtx_gate-log.txt
A  .task-board/.resources/TASK-260729-rhjxtx/TASK-260729-rhjxtx_macos-commands.log
A  .task-board/.resources/TASK-260729-rhjxtx/TASK-260729-rhjxtx_probe.tar.gz
A  .task-board/.resources/TASK-260729-rhjxtx/TASK-260729-rhjxtx_results.md
A  .task-board/.resources/TASK-260729-rhjxtx/TASK-260729-rhjxtx_review-verdict-cycle-1.md
A  .task-board/.resources/TASK-260729-rhjxtx/TASK-260729-rhjxtx_review-verdict-cycle-2.md
A  .task-board/.resources/TASK-260729-rhjxtx/TASK-260729-rhjxtx_spawn-log_-implementer--developer--claude-_RUN-260728-bc90af.log
A  .task-board/.resources/TASK-260729-rhjxtx/TASK-260729-rhjxtx_spawn-log_-implementer--developer--claude-_RUN-260728-ed8ee4.log
A  .task-board/.resources/TASK-260729-rhjxtx/TASK-260729-rhjxtx_spawn-log_-reviewer--reviewer--codex-_RUN-260728-42e1e8.log
A  .task-board/.resources/TASK-260729-rhjxtx/TASK-260729-rhjxtx_spawn-log_-reviewer--reviewer--codex-_RUN-260728-4f9c53.log
A  .task-board/.resources/TASK-260729-rhjxtx/TASK-260729-rhjxtx_windows-commands.log
A  .task-board/.resources/TASK-260729-rhjxtx/TASK-260729-rhjxtx_windows-inventory.log
A  .task-board/.resources/TASK-260729-v5hqnv/TASK-260729-v5hqnv_after.jsonl
A  .task-board/.resources/TASK-260729-v5hqnv/TASK-260729-v5hqnv_before.jsonl
A  .task-board/.resources/TASK-260729-v5hqnv/TASK-260729-v5hqnv_rc5-brief-retarget-audit.md
A  .task-board/.resources/TASK-260729-v5hqnv/TASK-260729-v5hqnv_rc5-retarget-scope.md
A  .task-board/.resources/TASK-260729-v5hqnv/TASK-260729-v5hqnv_review-instructions-cycle-2.md
A  .task-board/.resources/TASK-260729-v5hqnv/TASK-260729-v5hqnv_review-instructions.md
A  .task-board/.resources/TASK-260729-v5hqnv/TASK-260729-v5hqnv_review-verdict-cycle-1.md
A  .task-board/.resources/TASK-260729-v5hqnv/TASK-260729-v5hqnv_review-verdict-cycle-2.md
A  .task-board/.resources/TASK-260729-v5hqnv/TASK-260729-v5hqnv_rework-cycle-1.md
A  .task-board/.resources/TASK-260729-v5hqnv/TASK-260729-v5hqnv_rework-cycle-2-corrections.md
A  .task-board/.resources/TASK-260729-v5hqnv/TASK-260729-v5hqnv_spawn-log_-analyst--solution-architect--claude-_RUN-260729-894d3c.log
A  .task-board/.resources/TASK-260729-v5hqnv/TASK-260729-v5hqnv_spawn-log_-analyst--solution-architect--claude-_RUN-260729-e1469d.log
A  .task-board/.resources/TASK-260729-v5hqnv/TASK-260729-v5hqnv_spawn-log_-reviewer--reviewer--codex-_RUN-260729-769c54.log
A  .task-board/.resources/TASK-260729-v5hqnv/TASK-260729-v5hqnv_spawn-log_-reviewer--reviewer--codex-_RUN-260729-c4583e.log
A  .task-board/.resources/TASK-260730-1fsbqd/TASK-260730-1fsbqd_commit-brief.md
A  .task-board/.resources/TASK-260730-1fsbqd/TASK-260730-1fsbqd_commit-evidence.md
A  .task-board/.resources/TASK-260730-1fsbqd/TASK-260730-1fsbqd_review-brief.md
A  .task-board/.resources/TASK-260730-1fsbqd/TASK-260730-1fsbqd_review-tool-readiness.log
A  .task-board/.resources/TASK-260730-1fsbqd/TASK-260730-1fsbqd_review-verdict.md
A  .task-board/.resources/TASK-260730-1fsbqd/TASK-260730-1fsbqd_spawn-log_-implementer--developer--codex-_RUN-260729-195e39.log
A  .task-board/.resources/TASK-260730-1fsbqd/TASK-260730-1fsbqd_spawn-log_-implementer--developer--codex-_RUN-260729-c92831.log
A  .task-board/.resources/TASK-260730-1fsbqd/TASK-260730-1fsbqd_spawn-log_-reviewer--reviewer--codex-_RUN-260729-039333.log
A  .task-board/.resources/TASK-260730-1fsbqd/TASK-260730-1fsbqd_spawn-log_-reviewer--reviewer--codex-_RUN-260729-7540ff.log
A  .task-board/.resources/TASK-260730-1fsbqd/TASK-260730-1fsbqd_unsigned-rework-evidence.md
A  .task-board/.resources/TASK-260730-2kfjm8/TASK-260730-2kfjm8_commit-brief.md
A  .task-board/.resources/TASK-260730-2kfjm8/TASK-260730-2kfjm8_landing-evidence.md
A  .task-board/.resources/TASK-260730-2kfjm8/TASK-260730-2kfjm8_review-brief.md
A  .task-board/.resources/TASK-260730-2kfjm8/TASK-260730-2kfjm8_review-verdict.md
A  .task-board/.resources/TASK-260730-2kfjm8/TASK-260730-2kfjm8_spawn-log_-implementer--developer--codex-_RUN-260729-011414.log
A  .task-board/.resources/TASK-260730-2kfjm8/TASK-260730-2kfjm8_spawn-log_-reviewer--reviewer--codex-_RUN-260729-d9cca9.log
A  .task-board/.resources/TASK-260822-1f533i/TASK-260822-1f533i_results.md
A  .task-board/.resources/TASK-260822-1f533i/TASK-260822-1f533i_review-verdict-cycle2.md
A  .task-board/.resources/TASK-260822-1f533i/TASK-260822-1f533i_review-verdict.md
A  .task-board/.resources/TASK-260822-1f533i/TASK-260822-1f533i_rework-78d544d.md
A  .task-board/.resources/TASK-260822-1f533i/TASK-260822-1f533i_spawn-log_-implementer--doc-writer--claude-_RUN-260822-b68554.log
A  .task-board/.resources/TASK-260822-1f533i/TASK-260822-1f533i_spawn-log_-implementer--doc-writer--claude-_RUN-260822-e9123f.log
A  .task-board/.resources/TASK-260822-1f533i/TASK-260822-1f533i_spawn-log_-reviewer--reviewer--claude-_RUN-260822-dd89f5.log
A  .task-board/.resources/TASK-260822-1f533i/TASK-260822-1f533i_spawn-log_-reviewer--reviewer--claude-_RUN-260822-ecf868.log
A  .task-board/.resources/TASK-260822-1l4r4f/TASK-260822-1l4r4f_analysis.md
A  .task-board/.resources/TASK-260822-1l4r4f/TASK-260822-1l4r4f_review-verdict.md
A  .task-board/.resources/TASK-260822-1l4r4f/TASK-260822-1l4r4f_spawn-log_-analyst--researcher--claude-_RUN-260822-178366.log
A  .task-board/.resources/TASK-260822-1l4r4f/TASK-260822-1l4r4f_spawn-log_-analyst--researcher--claude-_RUN-260822-9f1145.log
A  .task-board/.resources/TASK-260822-1l4r4f/TASK-260822-1l4r4f_spawn-log_-reviewer--reviewer--claude-_RUN-260822-378a01.log
A  .task-board/.resources/TASK-260822-1mwy10/TASK-260822-1mwy10_results.md
A  .task-board/.resources/TASK-260822-1mwy10/TASK-260822-1mwy10_review.md
A  .task-board/.resources/TASK-260822-1mwy10/TASK-260822-1mwy10_reviewer-gate-log.md
A  .task-board/.resources/TASK-260822-1mwy10/TASK-260822-1mwy10_spawn-log_-implementer--developer--claude-_RUN-260822-c60b49.log
A  .task-board/.resources/TASK-260822-1mwy10/TASK-260822-1mwy10_spawn-log_-reviewer--reviewer--claude-_RUN-260822-53fb45.log
A  .task-board/.resources/TASK-260822-1yz9ug/TASK-260822-1yz9ug_amendment-results.md
A  .task-board/.resources/TASK-260822-1yz9ug/TASK-260822-1yz9ug_cycle2-results.md
A  .task-board/.resources/TASK-260822-1yz9ug/TASK-260822-1yz9ug_decision-0009-amended.md
A  .task-board/.resources/TASK-260822-1yz9ug/TASK-260822-1yz9ug_decision-0009-final.md
A  .task-board/.resources/TASK-260822-1yz9ug/TASK-260822-1yz9ug_decision-0009.md
A  .task-board/.resources/TASK-260822-1yz9ug/TASK-260822-1yz9ug_results.md
A  .task-board/.resources/TASK-260822-1yz9ug/TASK-260822-1yz9ug_review-verdict-2.md
A  .task-board/.resources/TASK-260822-1yz9ug/TASK-260822-1yz9ug_review-verdict-3.md
A  .task-board/.resources/TASK-260822-1yz9ug/TASK-260822-1yz9ug_review-verdict.md
A  .task-board/.resources/TASK-260822-1yz9ug/TASK-260822-1yz9ug_spawn-log_-implementer--doc-writer--claude-_RUN-260822-2bf138.log
A  .task-board/.resources/TASK-260822-1yz9ug/TASK-260822-1yz9ug_spawn-log_-implementer--doc-writer--claude-_RUN-260822-69969d.log
A  .task-board/.resources/TASK-260822-1yz9ug/TASK-260822-1yz9ug_spawn-log_-implementer--doc-writer--claude-_RUN-260822-ec0450.log
A  .task-board/.resources/TASK-260822-1yz9ug/TASK-260822-1yz9ug_spawn-log_-reviewer--reviewer--claude-_RUN-260822-5f6beb.log
A  .task-board/.resources/TASK-260822-1yz9ug/TASK-260822-1yz9ug_spawn-log_-reviewer--reviewer--claude-_RUN-260822-c8550c.log
A  .task-board/.resources/TASK-260822-1yz9ug/TASK-260822-1yz9ug_spawn-log_-reviewer--reviewer--claude-_RUN-260822-e17587.log
A  .task-board/.resources/TASK-260822-2505vo/TASK-260822-2505vo_final.patch
A  .task-board/.resources/TASK-260822-2505vo/TASK-260822-2505vo_full-suite-final.log
A  .task-board/.resources/TASK-260822-2505vo/TASK-260822-2505vo_results.md
A  .task-board/.resources/TASK-260822-2505vo/TASK-260822-2505vo_review.md
A  .task-board/.resources/TASK-260822-2505vo/TASK-260822-2505vo_spawn-log_-implementer--developer--claude-_RUN-260822-25ce5c.log
A  .task-board/.resources/TASK-260822-2505vo/TASK-260822-2505vo_spawn-log_-implementer--developer--claude-_RUN-260822-3af710.log
A  .task-board/.resources/TASK-260822-2505vo/TASK-260822-2505vo_spawn-log_-implementer--developer--claude-_RUN-260822-c60921.log
A  .task-board/.resources/TASK-260822-2505vo/TASK-260822-2505vo_spawn-log_-implementer--developer--claude-_RUN-260822-f380a3.log
A  .task-board/.resources/TASK-260822-2505vo/TASK-260822-2505vo_spawn-log_-reviewer--reviewer--claude-_RUN-260822-13d94b.log
A  .task-board/.resources/TASK-260822-27bvo4/TASK-260822-27bvo4_darwin-mutant-no-canonicalization.log
A  .task-board/.resources/TASK-260822-27bvo4/TASK-260822-27bvo4_gate-wiring-RUN-185ddd.md
A  .task-board/.resources/TASK-260822-27bvo4/TASK-260822-27bvo4_ledger-check-RUN-185ddd.log
A  .task-board/.resources/TASK-260822-27bvo4/TASK-260822-27bvo4_platform-case-gate-darwin-RUN-185ddd.log
A  .task-board/.resources/TASK-260822-27bvo4/TASK-260822-27bvo4_platform-case-gate-windows-RUN-185ddd.log
A  .task-board/.resources/TASK-260822-27bvo4/TASK-260822-27bvo4_review-RUN-1f3d1d.md
A  .task-board/.resources/TASK-260822-27bvo4/TASK-260822-27bvo4_review-RUN-abf447.md
A  .task-board/.resources/TASK-260822-27bvo4/TASK-260822-27bvo4_review-abf447-gate-darwin-renamed.log
A  .task-board/.resources/TASK-260822-27bvo4/TASK-260822-27bvo4_review-abf447-gate-darwin-subskip.log
A  .task-board/.resources/TASK-260822-27bvo4/TASK-260822-27bvo4_review-abf447-gate-darwin.log
A  .task-board/.resources/TASK-260822-27bvo4/TASK-260822-27bvo4_review-abf447-gate-windows.log
A  .task-board/.resources/TASK-260822-27bvo4/TASK-260822-27bvo4_review-abf447-ledger-check.log
A  .task-board/.resources/TASK-260822-27bvo4/TASK-260822-27bvo4_review-darwin-mutant-no-canonical.log
A  .task-board/.resources/TASK-260822-27bvo4/TASK-260822-27bvo4_review-darwin-prefix-evalsymlinks.log
A  .task-board/.resources/TASK-260822-27bvo4/TASK-260822-27bvo4_review-windows-identity-postfix.log
A  .task-board/.resources/TASK-260822-27bvo4/TASK-260822-27bvo4_review-windows-prefix-red.log
A  .task-board/.resources/TASK-260822-27bvo4/TASK-260822-27bvo4_skips-observed-darwin-RUN-185ddd.tsv
A  .task-board/.resources/TASK-260822-27bvo4/TASK-260822-27bvo4_skips-observed-windows-RUN-185ddd.tsv
A  .task-board/.resources/TASK-260822-27bvo4/TASK-260822-27bvo4_spawn-log_-implementer--developer--claude-_RUN-260822-185ddd.log
A  .task-board/.resources/TASK-260822-27bvo4/TASK-260822-27bvo4_spawn-log_-implementer--developer--claude-_RUN-260822-1e48d3.log
A  .task-board/.resources/TASK-260822-27bvo4/TASK-260822-27bvo4_spawn-log_-implementer--developer--claude-_RUN-260822-507162.log
A  .task-board/.resources/TASK-260822-27bvo4/TASK-260822-27bvo4_spawn-log_-implementer--developer--claude-_RUN-260822-50e157.log
A  .task-board/.resources/TASK-260822-27bvo4/TASK-260822-27bvo4_spawn-log_-implementer--developer--claude-_RUN-260822-5ca017.log
A  .task-board/.resources/TASK-260822-27bvo4/TASK-260822-27bvo4_spawn-log_-reviewer--reviewer--claude-_RUN-260822-1f3d1d.log
A  .task-board/.resources/TASK-260822-27bvo4/TASK-260822-27bvo4_spawn-log_-reviewer--reviewer--claude-_RUN-260822-abf447.log
A  .task-board/.resources/TASK-260822-27bvo4/TASK-260822-27bvo4_symlink-launcher-canonicalization-RUN-507162.md
A  .task-board/.resources/TASK-260822-27bvo4/TASK-260822-27bvo4_symlink-launcher-canonicalization.md
A  .task-board/.resources/TASK-260822-27bvo4/TASK-260822-27bvo4_symlink-launcher.patch
A  .task-board/.resources/TASK-260822-27bvo4/TASK-260822-27bvo4_verification-RUN-50e157.md
A  .task-board/.resources/TASK-260822-27bvo4/TASK-260822-27bvo4_windows-identity-tests.log
A  .task-board/.resources/TASK-260822-27bvo4/TASK-260822-27bvo4_windows-prefix-baseline-red.log
A  .task-board/.resources/TASK-260822-2v5e80/TASK-260822-2v5e80_go-test-all.log
A  .task-board/.resources/TASK-260822-2v5e80/TASK-260822-2v5e80_remedy.patch
A  .task-board/.resources/TASK-260822-2v5e80/TASK-260822-2v5e80_results.md
A  .task-board/.resources/TASK-260822-2v5e80/TASK-260822-2v5e80_reviewer-verdict.md
A  .task-board/.resources/TASK-260822-2v5e80/TASK-260822-2v5e80_spawn-log_-implementer--developer--claude-_RUN-260822-3b7262.log
A  .task-board/.resources/TASK-260822-2v5e80/TASK-260822-2v5e80_spawn-log_-implementer--developer--claude-_RUN-260822-88df86.log
A  .task-board/.resources/TASK-260822-2v5e80/TASK-260822-2v5e80_spawn-log_-implementer--developer--claude-_RUN-260822-ded722.log
A  .task-board/.resources/TASK-260822-2v5e80/TASK-260822-2v5e80_spawn-log_-implementer--developer--claude-_RUN-260822-f12a0b.log
A  .task-board/.resources/TASK-260822-2v5e80/TASK-260822-2v5e80_spawn-log_-implementer--developer--claude-_RUN-260822-f42998.log
A  .task-board/.resources/TASK-260822-2v5e80/TASK-260822-2v5e80_spawn-log_-implementer--developer--claude-_RUN-260822-fdcfb9.log
A  .task-board/.resources/TASK-260822-2v5e80/TASK-260822-2v5e80_spawn-log_-reviewer--reviewer--claude-_RUN-260822-ec3c84.log
A  .task-board/.resources/TASK-260822-3fkfmf/TASK-260822-3fkfmf_results.md
A  .task-board/.resources/TASK-260822-3fkfmf/TASK-260822-3fkfmf_review-cycle2-verdict.md
A  .task-board/.resources/TASK-260822-3fkfmf/TASK-260822-3fkfmf_review.md
A  .task-board/.resources/TASK-260822-3fkfmf/TASK-260822-3fkfmf_rework.md
A  .task-board/.resources/TASK-260822-3fkfmf/TASK-260822-3fkfmf_spawn-log_-implementer--doc-writer--claude-_RUN-260822-cb6cd8.log
A  .task-board/.resources/TASK-260822-3fkfmf/TASK-260822-3fkfmf_spawn-log_-implementer--doc-writer--claude-_RUN-260822-cf4da6.log
A  .task-board/.resources/TASK-260822-3fkfmf/TASK-260822-3fkfmf_spawn-log_-reviewer--reviewer--claude-_RUN-260822-55c205.log
A  .task-board/.resources/TASK-260822-3fkfmf/TASK-260822-3fkfmf_spawn-log_-reviewer--reviewer--claude-_RUN-260822-bac22e.log
A  .task-board/.resources/TASK-260822-3j4bcb/TASK-260822-3j4bcb_go-test.log
A  .task-board/.resources/TASK-260822-3j4bcb/TASK-260822-3j4bcb_golangci-lint.log
A  .task-board/.resources/TASK-260822-3j4bcb/TASK-260822-3j4bcb_results.md
A  .task-board/.resources/TASK-260822-3j4bcb/TASK-260822-3j4bcb_review-verdict.md
A  .task-board/.resources/TASK-260822-3j4bcb/TASK-260822-3j4bcb_spawn-log_-implementer--developer--claude-_RUN-260822-52b441.log
A  .task-board/.resources/TASK-260822-3j4bcb/TASK-260822-3j4bcb_spawn-log_-reviewer--reviewer--claude-_RUN-260822-bc9f3a.log
A  .task-board/.resources/TASK-260822-3nvx91/TASK-260822-3nvx91_spawn-log_-implementer--developer--claude-_RUN-260822-8195d6.log
A  .task-board/.resources/TASK-260822-3pkc80/TASK-260822-3pkc80_implementation-notes.md
A  .task-board/.resources/TASK-260822-3pkc80/TASK-260822-3pkc80_review.md
A  .task-board/.resources/TASK-260822-3pkc80/TASK-260822-3pkc80_spawn-log_-implementer--developer--claude-_RUN-260822-d2b78c.log
A  .task-board/.resources/TASK-260822-3pkc80/TASK-260822-3pkc80_spawn-log_-reviewer--reviewer--claude-_RUN-260822-0dff48.log
A  .task-board/.resources/TASK-260822-3pkc80/TASK-260822-3pkc80_verification.log
A  .task-board/.resources/TASK-260822-4p3dcq/TASK-260822-4p3dcq_docs-only.patch
A  .task-board/.resources/TASK-260822-4p3dcq/TASK-260822-4p3dcq_docsamples.log
A  .task-board/.resources/TASK-260822-4p3dcq/TASK-260822-4p3dcq_final.patch
A  .task-board/.resources/TASK-260822-4p3dcq/TASK-260822-4p3dcq_results.md
A  .task-board/.resources/TASK-260822-4p3dcq/TASK-260822-4p3dcq_review-gotest.log
A  .task-board/.resources/TASK-260822-4p3dcq/TASK-260822-4p3dcq_review.md
A  .task-board/.resources/TASK-260822-4p3dcq/TASK-260822-4p3dcq_spawn-log_-implementer--developer--claude-_RUN-260822-e767cb.log
A  .task-board/.resources/TASK-260822-4p3dcq/TASK-260822-4p3dcq_spawn-log_-reviewer--reviewer--claude-_RUN-260822-3dc3b7.log
A  .task-board/.resources/TASK-260822-5wfdfx/TASK-260822-5wfdfx_manifest-fallback-fail-loud.md
A  .task-board/.resources/TASK-260822-5wfdfx/TASK-260822-5wfdfx_mutant-2-stat-presence.log
A  .task-board/.resources/TASK-260822-5wfdfx/TASK-260822-5wfdfx_results.md
A  .task-board/.resources/TASK-260822-5wfdfx/TASK-260822-5wfdfx_review-verdict.md
A  .task-board/.resources/TASK-260822-5wfdfx/TASK-260822-5wfdfx_spawn-log_-implementer--developer--claude-_RUN-260822-b89c6b.log
A  .task-board/.resources/TASK-260822-5wfdfx/TASK-260822-5wfdfx_spawn-log_-implementer--developer--claude-_RUN-260822-c1807e.log
A  .task-board/.resources/TASK-260822-5wfdfx/TASK-260822-5wfdfx_spawn-log_-reviewer--reviewer--claude-_RUN-260822-694018.log
A  .task-board/.resources/TASK-260822-96m5pj/TASK-260822-96m5pj_build-ssh-config.patch
A  .task-board/.resources/TASK-260822-96m5pj/TASK-260822-96m5pj_full-test-01.log
A  .task-board/.resources/TASK-260822-96m5pj/TASK-260822-96m5pj_full-test-02.log
A  .task-board/.resources/TASK-260822-96m5pj/TASK-260822-96m5pj_implementation-notes.md
A  .task-board/.resources/TASK-260822-96m5pj/TASK-260822-96m5pj_results.md
A  .task-board/.resources/TASK-260822-96m5pj/TASK-260822-96m5pj_review-config-tests.log
A  .task-board/.resources/TASK-260822-96m5pj/TASK-260822-96m5pj_review.md
A  .task-board/.resources/TASK-260822-96m5pj/TASK-260822-96m5pj_reviewer-probe_test.go.txt
A  .task-board/.resources/TASK-260822-96m5pj/TASK-260822-96m5pj_spawn-log_-implementer--developer--claude-_RUN-260822-13cbfb.log
A  .task-board/.resources/TASK-260822-96m5pj/TASK-260822-96m5pj_spawn-log_-implementer--developer--claude-_RUN-260822-fad725.log
A  .task-board/.resources/TASK-260822-96m5pj/TASK-260822-96m5pj_spawn-log_-reviewer--reviewer--claude-_RUN-260822-b910b6.log
A  .task-board/.resources/TASK-260822-a6jpu9/TASK-260822-a6jpu9_go-test.log
A  .task-board/.resources/TASK-260822-a6jpu9/TASK-260822-a6jpu9_review-verdict.md
A  .task-board/.resources/TASK-260822-a6jpu9/TASK-260822-a6jpu9_spawn-log_-implementer--developer--claude-_RUN-260822-205910.log
A  .task-board/.resources/TASK-260822-a6jpu9/TASK-260822-a6jpu9_spawn-log_-reviewer--reviewer--claude-_RUN-260822-2559c8.log
A  .task-board/.resources/TASK-260822-a6jpu9/TASK-260822-a6jpu9_vendor-inert-text-audit-policy.md
A  .task-board/.resources/TASK-260822-b0wg3a/TASK-260822-b0wg3a_final.patch
A  .task-board/.resources/TASK-260822-b0wg3a/TASK-260822-b0wg3a_full-suite-final.log
A  .task-board/.resources/TASK-260822-b0wg3a/TASK-260822-b0wg3a_results.md
A  .task-board/.resources/TASK-260822-b0wg3a/TASK-260822-b0wg3a_review-fullsuite-RUN-fad8ab.log
A  .task-board/.resources/TASK-260822-b0wg3a/TASK-260822-b0wg3a_review-verdict-RUN-fad8ab.md
A  .task-board/.resources/TASK-260822-b0wg3a/TASK-260822-b0wg3a_spawn-log_-implementer--developer--claude-_RUN-260822-46ddd9.log
A  .task-board/.resources/TASK-260822-b0wg3a/TASK-260822-b0wg3a_spawn-log_-implementer--developer--claude-_RUN-260822-e5785a.log
A  .task-board/.resources/TASK-260822-b0wg3a/TASK-260822-b0wg3a_spawn-log_-reviewer--reviewer--claude-_RUN-260822-fad8ab.log
A  .task-board/.resources/TASK-260822-f4qv7w/TASK-260822-f4qv7w_spawn-log_-implementer--developer--claude-_RUN-260822-0c1746.log
A  .task-board/.resources/TASK-260823-qwr5w9/TASK-260823-qwr5w9_composite-evidence.md
A  .task-board/.resources/TASK-260823-qwr5w9/TASK-260823-qwr5w9_landing.md
A  .task-board/.resources/TASK-260823-qwr5w9/TASK-260823-qwr5w9_review-verdict.md
A  .task-board/.resources/TASK-260823-qwr5w9/TASK-260823-qwr5w9_spawn-log_-implementer--developer--claude-_RUN-260822-3e579b.log
A  .task-board/.resources/TASK-260823-qwr5w9/TASK-260823-qwr5w9_spawn-log_-implementer--developer--claude-_RUN-260822-ccec5f.log
A  .task-board/.resources/TASK-260823-qwr5w9/TASK-260823-qwr5w9_spawn-log_-reviewer--reviewer--claude-_RUN-260823-00b261.log
A  .task-board/.resources/TASK-260823-qwr5w9/TASK-260823-qwr5w9_spawn-log_-reviewer--reviewer--claude-_RUN-260823-16c34e.log
M  .task-board/EPIC-260712-302356_protocol-formats/progress.md
M  .task-board/EPIC-260712-3efdab_closure-and-activation/progress.md
M  .task-board/EPIC-260712-466f8e_sources-and-identity/progress.md
M  .task-board/EPIC-260712-560c3d_tui/progress.md
M  .task-board/EPIC-260712-691972_audit-gate/progress.md
M  .task-board/EPIC-260712-785993_shell-and-cli/progress.md
M  .task-board/EPIC-260712-78cc4d_bootstrap-and-ci/progress.md
M  .task-board/EPIC-260712-978324_scopes-and-gc/progress.md
A  .task-board/EPIC-260712-b62557_install-engine/STORY-260712-31558c_runtime-store-and-shims/BUG-260823-1vx45a_managerlock-windows-tempdir-contention/README.md
A  .task-board/EPIC-260712-b62557_install-engine/STORY-260712-31558c_runtime-store-and-shims/BUG-260823-1vx45a_managerlock-windows-tempdir-contention/progress.md
M  .task-board/EPIC-260712-b62557_install-engine/STORY-260712-31558c_runtime-store-and-shims/progress.md
M  .task-board/EPIC-260712-b62557_install-engine/progress.md
M  .task-board/EPIC-260712-c8ac0f_interop-golden-suite/STORY-260713-d0d4e8_v0-1-conformance-review/TASK-260713-7a9c1e_review-and-correct/progress.md
M  .task-board/EPIC-260712-c8ac0f_interop-golden-suite/STORY-260713-d0d4e8_v0-1-conformance-review/progress.md
M  .task-board/EPIC-260712-c8ac0f_interop-golden-suite/progress.md
M  .task-board/EPIC-260712-d77d32_registry-client/progress.md
M  .task-board/EPIC-260712-ebe5d8_mcp-requirements/progress.md
M  .task-board/EPIC-260713-c12fbe_dedicated-website/progress.md
A  .task-board/EPIC-260720-21aq1i_declarative-compiled-builds/README.md
A  .task-board/EPIC-260720-21aq1i_declarative-compiled-builds/STORY-260720-1uv5gi_csk-go-build-driver/BUG-260801-1iu1ln_bind-rc6-lifecycle-to-observed-csk-traces/README.md
A  .task-board/EPIC-260720-21aq1i_declarative-compiled-builds/STORY-260720-1uv5gi_csk-go-build-driver/BUG-260801-1iu1ln_bind-rc6-lifecycle-to-observed-csk-traces/progress.md
A  .task-board/EPIC-260720-21aq1i_declarative-compiled-builds/STORY-260720-1uv5gi_csk-go-build-driver/BUG-260801-1xvc35_bind-rc6-rejections-to-observed-csk-outcomes/README.md
A  .task-board/EPIC-260720-21aq1i_declarative-compiled-builds/STORY-260720-1uv5gi_csk-go-build-driver/BUG-260801-1xvc35_bind-rc6-rejections-to-observed-csk-outcomes/progress.md
A  .task-board/EPIC-260720-21aq1i_declarative-compiled-builds/STORY-260720-1uv5gi_csk-go-build-driver/BUG-260801-nzpar0_diagnose-windows-handle-rename-winerror87/README.md
A  .task-board/EPIC-260720-21aq1i_declarative-compiled-builds/STORY-260720-1uv5gi_csk-go-build-driver/BUG-260801-nzpar0_diagnose-windows-handle-rename-winerror87/progress.md
A  .task-board/EPIC-260720-21aq1i_declarative-compiled-builds/STORY-260720-1uv5gi_csk-go-build-driver/BUG-260802-1s021p_pr19-independent-preacceptance-review/README.md
A  .task-board/EPIC-260720-21aq1i_declarative-compiled-builds/STORY-260720-1uv5gi_csk-go-build-driver/BUG-260802-1s021p_pr19-independent-preacceptance-review/progress.md
A  .task-board/EPIC-260720-21aq1i_declarative-compiled-builds/STORY-260720-1uv5gi_csk-go-build-driver/BUG-260802-3cacev_pr19-windows-runtime-audit/README.md
A  .task-board/EPIC-260720-21aq1i_declarative-compiled-builds/STORY-260720-1uv5gi_csk-go-build-driver/BUG-260802-3cacev_pr19-windows-runtime-audit/progress.md
A  .task-board/EPIC-260720-21aq1i_declarative-compiled-builds/STORY-260720-1uv5gi_csk-go-build-driver/BUG-260802-3fbn47_csk-integrated-verification-readiness-audit/README.md
A  .task-board/EPIC-260720-21aq1i_declarative-compiled-builds/STORY-260720-1uv5gi_csk-go-build-driver/BUG-260802-3fbn47_csk-integrated-verification-readiness-audit/progress.md
A  .task-board/EPIC-260720-21aq1i_declarative-compiled-builds/STORY-260720-1uv5gi_csk-go-build-driver/BUG-260802-3ibgu1_csk-go-e2e-readiness-audit/README.md
A  .task-board/EPIC-260720-21aq1i_declarative-compiled-builds/STORY-260720-1uv5gi_csk-go-build-driver/BUG-260802-3ibgu1_csk-go-e2e-readiness-audit/progress.md
A  .task-board/EPIC-260720-21aq1i_declarative-compiled-builds/STORY-260720-1uv5gi_csk-go-build-driver/README.md
A  .task-board/EPIC-260720-21aq1i_declarative-compiled-builds/STORY-260720-1uv5gi_csk-go-build-driver/TASK-260720-11yhth_command-runtime-activation/README.md
A  .task-board/EPIC-260720-21aq1i_declarative-compiled-builds/STORY-260720-1uv5gi_csk-go-build-driver/TASK-260720-11yhth_command-runtime-activation/progress.md
A  .task-board/EPIC-260720-21aq1i_declarative-compiled-builds/STORY-260720-1uv5gi_csk-go-build-driver/TASK-260720-12r55p_shared-v6-vector-consumer/README.md
A  .task-board/EPIC-260720-21aq1i_declarative-compiled-builds/STORY-260720-1uv5gi_csk-go-build-driver/TASK-260720-12r55p_shared-v6-vector-consumer/progress.md
A  .task-board/EPIC-260720-21aq1i_declarative-compiled-builds/STORY-260720-1uv5gi_csk-go-build-driver/TASK-260720-2dnqw2_canonical-build-metadata/README.md
A  .task-board/EPIC-260720-21aq1i_declarative-compiled-builds/STORY-260720-1uv5gi_csk-go-build-driver/TASK-260720-2dnqw2_canonical-build-metadata/progress.md
A  .task-board/EPIC-260720-21aq1i_declarative-compiled-builds/STORY-260720-1uv5gi_csk-go-build-driver/TASK-260720-2g21eg_go-v1-compile-driver/README.md
A  .task-board/EPIC-260720-21aq1i_declarative-compiled-builds/STORY-260720-1uv5gi_csk-go-build-driver/TASK-260720-2g21eg_go-v1-compile-driver/progress.md
A  .task-board/EPIC-260720-21aq1i_declarative-compiled-builds/STORY-260720-1uv5gi_csk-go-build-driver/TASK-260720-2jfnz6_protected-build-cache-posix/README.md
A  .task-board/EPIC-260720-21aq1i_declarative-compiled-builds/STORY-260720-1uv5gi_csk-go-build-driver/TASK-260720-2jfnz6_protected-build-cache-posix/progress.md
A  .task-board/EPIC-260720-21aq1i_declarative-compiled-builds/STORY-260720-1uv5gi_csk-go-build-driver/TASK-260720-2x6mjn_side-effect-free-build-planner/README.md
A  .task-board/EPIC-260720-21aq1i_declarative-compiled-builds/STORY-260720-1uv5gi_csk-go-build-driver/TASK-260720-2x6mjn_side-effect-free-build-planner/progress.md
A  .task-board/EPIC-260720-21aq1i_declarative-compiled-builds/STORY-260720-1uv5gi_csk-go-build-driver/TASK-260720-3c0ss2_build-source-context-boundary/README.md
A  .task-board/EPIC-260720-21aq1i_declarative-compiled-builds/STORY-260720-1uv5gi_csk-go-build-driver/TASK-260720-3c0ss2_build-source-context-boundary/progress.md
A  .task-board/EPIC-260720-21aq1i_declarative-compiled-builds/STORY-260720-1uv5gi_csk-go-build-driver/TASK-260720-3j8pp5_go-toolchain-identity/README.md
A  .task-board/EPIC-260720-21aq1i_declarative-compiled-builds/STORY-260720-1uv5gi_csk-go-build-driver/TASK-260720-3j8pp5_go-toolchain-identity/progress.md
A  .task-board/EPIC-260720-21aq1i_declarative-compiled-builds/STORY-260720-1uv5gi_csk-go-build-driver/TASK-260720-3pemm6_cross-platform-go-build-e2e/README.md
A  .task-board/EPIC-260720-21aq1i_declarative-compiled-builds/STORY-260720-1uv5gi_csk-go-build-driver/TASK-260720-3pemm6_cross-platform-go-build-e2e/progress.md
A  .task-board/EPIC-260720-21aq1i_declarative-compiled-builds/STORY-260720-1uv5gi_csk-go-build-driver/TASK-260720-3s27te_integrated-csk-v6-verification/README.md
A  .task-board/EPIC-260720-21aq1i_declarative-compiled-builds/STORY-260720-1uv5gi_csk-go-build-driver/TASK-260720-3s27te_integrated-csk-v6-verification/progress.md
A  .task-board/EPIC-260720-21aq1i_declarative-compiled-builds/STORY-260720-1uv5gi_csk-go-build-driver/TASK-260720-3t8nr3_transactional-project-hybrid-install/README.md
A  .task-board/EPIC-260720-21aq1i_declarative-compiled-builds/STORY-260720-1uv5gi_csk-go-build-driver/TASK-260720-3t8nr3_transactional-project-hybrid-install/progress.md
A  .task-board/EPIC-260720-21aq1i_declarative-compiled-builds/STORY-260720-1uv5gi_csk-go-build-driver/TASK-260720-8nxlgx_protected-build-cache-windows/README.md
A  .task-board/EPIC-260720-21aq1i_declarative-compiled-builds/STORY-260720-1uv5gi_csk-go-build-driver/TASK-260720-8nxlgx_protected-build-cache-windows/progress.md
A  .task-board/EPIC-260720-21aq1i_declarative-compiled-builds/STORY-260720-1uv5gi_csk-go-build-driver/TASK-260720-akf5kh_schema-v6-user-docs/README.md
A  .task-board/EPIC-260720-21aq1i_declarative-compiled-builds/STORY-260720-1uv5gi_csk-go-build-driver/TASK-260720-akf5kh_schema-v6-user-docs/progress.md
A  .task-board/EPIC-260720-21aq1i_declarative-compiled-builds/STORY-260720-1uv5gi_csk-go-build-driver/TASK-260720-g7kgox_transactional-global-install/README.md
A  .task-board/EPIC-260720-21aq1i_declarative-compiled-builds/STORY-260720-1uv5gi_csk-go-build-driver/TASK-260720-g7kgox_transactional-global-install/progress.md
A  .task-board/EPIC-260720-21aq1i_declarative-compiled-builds/STORY-260720-1uv5gi_csk-go-build-driver/TASK-260720-th0jdi_build-currentness-repair-gc/README.md
A  .task-board/EPIC-260720-21aq1i_declarative-compiled-builds/STORY-260720-1uv5gi_csk-go-build-driver/TASK-260720-th0jdi_build-currentness-repair-gc/progress.md
A  .task-board/EPIC-260720-21aq1i_declarative-compiled-builds/STORY-260720-1uv5gi_csk-go-build-driver/TASK-260720-z2z795_install-transaction-engine/README.md
A  .task-board/EPIC-260720-21aq1i_declarative-compiled-builds/STORY-260720-1uv5gi_csk-go-build-driver/TASK-260720-z2z795_install-transaction-engine/progress.md
A  .task-board/EPIC-260720-21aq1i_declarative-compiled-builds/STORY-260720-1uv5gi_csk-go-build-driver/TASK-260720-z9j4c9_schema-v6-build-model/README.md
A  .task-board/EPIC-260720-21aq1i_declarative-compiled-builds/STORY-260720-1uv5gi_csk-go-build-driver/TASK-260720-z9j4c9_schema-v6-build-model/progress.md
A  .task-board/EPIC-260720-21aq1i_declarative-compiled-builds/STORY-260720-1uv5gi_csk-go-build-driver/TASK-260729-1b9tc3_design-csk-rc5-conformance-consumer/README.md
A  .task-board/EPIC-260720-21aq1i_declarative-compiled-builds/STORY-260720-1uv5gi_csk-go-build-driver/TASK-260729-1b9tc3_design-csk-rc5-conformance-consumer/progress.md
A  .task-board/EPIC-260720-21aq1i_declarative-compiled-builds/STORY-260720-1uv5gi_csk-go-build-driver/TASK-260729-1bf72u_qualify-csk-macos-windows-runner-readiness/README.md
A  .task-board/EPIC-260720-21aq1i_declarative-compiled-builds/STORY-260720-1uv5gi_csk-go-build-driver/TASK-260729-1bf72u_qualify-csk-macos-windows-runner-readiness/progress.md
A  .task-board/EPIC-260720-21aq1i_declarative-compiled-builds/STORY-260720-1uv5gi_csk-go-build-driver/TASK-260729-1t1z2l_map-curator-go-to-csk-parity-delta/README.md
A  .task-board/EPIC-260720-21aq1i_declarative-compiled-builds/STORY-260720-1uv5gi_csk-go-build-driver/TASK-260729-1t1z2l_map-curator-go-to-csk-parity-delta/progress.md
A  .task-board/EPIC-260720-21aq1i_declarative-compiled-builds/STORY-260720-1uv5gi_csk-go-build-driver/TASK-260729-35tb37_refresh-csk-baseline-and-file-map/README.md
A  .task-board/EPIC-260720-21aq1i_declarative-compiled-builds/STORY-260720-1uv5gi_csk-go-build-driver/TASK-260729-35tb37_refresh-csk-baseline-and-file-map/progress.md
A  .task-board/EPIC-260720-21aq1i_declarative-compiled-builds/STORY-260720-1uv5gi_csk-go-build-driver/TASK-260729-v5hqnv_retarget-csk-go-briefs-to-rc5/README.md
A  .task-board/EPIC-260720-21aq1i_declarative-compiled-builds/STORY-260720-1uv5gi_csk-go-build-driver/TASK-260729-v5hqnv_retarget-csk-go-briefs-to-rc5/progress.md
A  .task-board/EPIC-260720-21aq1i_declarative-compiled-builds/STORY-260720-1uv5gi_csk-go-build-driver/TASK-260730-2gtlzn_publish-cocoaskills-go-parity-rc/README.md
A  .task-board/EPIC-260720-21aq1i_declarative-compiled-builds/STORY-260720-1uv5gi_csk-go-build-driver/TASK-260730-2gtlzn_publish-cocoaskills-go-parity-rc/progress.md
A  .task-board/EPIC-260720-21aq1i_declarative-compiled-builds/STORY-260720-1uv5gi_csk-go-build-driver/progress.md
A  .task-board/EPIC-260720-21aq1i_declarative-compiled-builds/STORY-260720-21bsr2_compiled-build-interop/README.md
A  .task-board/EPIC-260720-21aq1i_declarative-compiled-builds/STORY-260720-21bsr2_compiled-build-interop/TASK-260720-14jjgt_compiled-skill-authoring-guide/README.md
A  .task-board/EPIC-260720-21aq1i_declarative-compiled-builds/STORY-260720-21bsr2_compiled-build-interop/TASK-260720-14jjgt_compiled-skill-authoring-guide/progress.md
A  .task-board/EPIC-260720-21aq1i_declarative-compiled-builds/STORY-260720-21bsr2_compiled-build-interop/TASK-260720-1673lr_curator-shared-build-suite-consumer/README.md
A  .task-board/EPIC-260720-21aq1i_declarative-compiled-builds/STORY-260720-21bsr2_compiled-build-interop/TASK-260720-1673lr_curator-shared-build-suite-consumer/progress.md
A  .task-board/EPIC-260720-21aq1i_declarative-compiled-builds/STORY-260720-21bsr2_compiled-build-interop/TASK-260720-1utsx8_audit-csk-released-suite-pin/README.md
A  .task-board/EPIC-260720-21aq1i_declarative-compiled-builds/STORY-260720-21bsr2_compiled-build-interop/TASK-260720-1utsx8_audit-csk-released-suite-pin/progress.md
A  .task-board/EPIC-260720-21aq1i_declarative-compiled-builds/STORY-260720-21bsr2_compiled-build-interop/TASK-260720-22ynoi_verify-cross-manager-build-interop/README.md
A  .task-board/EPIC-260720-21aq1i_declarative-compiled-builds/STORY-260720-21bsr2_compiled-build-interop/TASK-260720-22ynoi_verify-cross-manager-build-interop/progress.md
A  .task-board/EPIC-260720-21aq1i_declarative-compiled-builds/STORY-260720-21bsr2_compiled-build-interop/TASK-260720-25d05o_qualify-protocol-release-evidence/README.md
A  .task-board/EPIC-260720-21aq1i_declarative-compiled-builds/STORY-260720-21bsr2_compiled-build-interop/TASK-260720-25d05o_qualify-protocol-release-evidence/progress.md
A  .task-board/EPIC-260720-21aq1i_declarative-compiled-builds/STORY-260720-21bsr2_compiled-build-interop/TASK-260720-2g7avf_shared-compiled-build-interop-cases/README.md
A  .task-board/EPIC-260720-21aq1i_declarative-compiled-builds/STORY-260720-21bsr2_compiled-build-interop/TASK-260720-2g7avf_shared-compiled-build-interop-cases/progress.md
A  .task-board/EPIC-260720-21aq1i_declarative-compiled-builds/STORY-260720-21bsr2_compiled-build-interop/TASK-260720-31zeo2_csk-shared-build-suite-consumer/README.md
A  .task-board/EPIC-260720-21aq1i_declarative-compiled-builds/STORY-260720-21bsr2_compiled-build-interop/TASK-260720-31zeo2_csk-shared-build-suite-consumer/progress.md
A  .task-board/EPIC-260720-21aq1i_declarative-compiled-builds/STORY-260720-21bsr2_compiled-build-interop/TASK-260720-38l1sy_audit-curator-released-suite-pin/README.md
A  .task-board/EPIC-260720-21aq1i_declarative-compiled-builds/STORY-260720-21bsr2_compiled-build-interop/TASK-260720-38l1sy_audit-curator-released-suite-pin/progress.md
A  .task-board/EPIC-260720-21aq1i_declarative-compiled-builds/STORY-260720-21bsr2_compiled-build-interop/TASK-260720-3nj1r6_cross-manager-interop-runner/README.md
A  .task-board/EPIC-260720-21aq1i_declarative-compiled-builds/STORY-260720-21bsr2_compiled-build-interop/TASK-260720-3nj1r6_cross-manager-interop-runner/progress.md
A  .task-board/EPIC-260720-21aq1i_declarative-compiled-builds/STORY-260720-21bsr2_compiled-build-interop/TASK-260720-3pvihp_qualify-manager-release-evidence/README.md
A  .task-board/EPIC-260720-21aq1i_declarative-compiled-builds/STORY-260720-21bsr2_compiled-build-interop/TASK-260720-3pvihp_qualify-manager-release-evidence/progress.md
A  .task-board/EPIC-260720-21aq1i_declarative-compiled-builds/STORY-260720-21bsr2_compiled-build-interop/TASK-260720-p7sdhg_language-driver-admission-matrix/README.md
A  .task-board/EPIC-260720-21aq1i_declarative-compiled-builds/STORY-260720-21bsr2_compiled-build-interop/TASK-260720-p7sdhg_language-driver-admission-matrix/progress.md
A  .task-board/EPIC-260720-21aq1i_declarative-compiled-builds/STORY-260720-21bsr2_compiled-build-interop/TASK-260720-vs6den_promote-spec-implementation-pins/README.md
A  .task-board/EPIC-260720-21aq1i_declarative-compiled-builds/STORY-260720-21bsr2_compiled-build-interop/TASK-260720-vs6den_promote-spec-implementation-pins/progress.md
A  .task-board/EPIC-260720-21aq1i_declarative-compiled-builds/STORY-260720-21bsr2_compiled-build-interop/TASK-260729-1kq1rd_resolve-protocol-publication-gate-for-parity/README.md
A  .task-board/EPIC-260720-21aq1i_declarative-compiled-builds/STORY-260720-21bsr2_compiled-build-interop/TASK-260729-1kq1rd_resolve-protocol-publication-gate-for-parity/progress.md
A  .task-board/EPIC-260720-21aq1i_declarative-compiled-builds/STORY-260720-21bsr2_compiled-build-interop/progress.md
A  .task-board/EPIC-260720-21aq1i_declarative-compiled-builds/STORY-260720-35dck7_protocol-schema-v6/BUG-260731-11bpa4_curator-windows-test-vet-compile-break/README.md
A  .task-board/EPIC-260720-21aq1i_declarative-compiled-builds/STORY-260720-35dck7_protocol-schema-v6/BUG-260731-11bpa4_curator-windows-test-vet-compile-break/progress.md
A  .task-board/EPIC-260720-21aq1i_declarative-compiled-builds/STORY-260720-35dck7_protocol-schema-v6/BUG-260731-1rldqv_windows-transactional-install-regression/README.md
A  .task-board/EPIC-260720-21aq1i_declarative-compiled-builds/STORY-260720-35dck7_protocol-schema-v6/BUG-260731-1rldqv_windows-transactional-install-regression/progress.md
A  .task-board/EPIC-260720-21aq1i_declarative-compiled-builds/STORY-260720-35dck7_protocol-schema-v6/BUG-260731-27h1yc_curator-windows-lane-masked-test-failures/README.md
A  .task-board/EPIC-260720-21aq1i_declarative-compiled-builds/STORY-260720-35dck7_protocol-schema-v6/BUG-260731-27h1yc_curator-windows-lane-masked-test-failures/progress.md
A  .task-board/EPIC-260720-21aq1i_declarative-compiled-builds/STORY-260720-35dck7_protocol-schema-v6/BUG-260731-2rhy74_marker-v2-writer-conformance-fixture/README.md
A  .task-board/EPIC-260720-21aq1i_declarative-compiled-builds/STORY-260720-35dck7_protocol-schema-v6/BUG-260731-2rhy74_marker-v2-writer-conformance-fixture/progress.md
A  .task-board/EPIC-260720-21aq1i_declarative-compiled-builds/STORY-260720-35dck7_protocol-schema-v6/BUG-260731-33v6zz_curator-windows-lane-unowned-packages/README.md
A  .task-board/EPIC-260720-21aq1i_declarative-compiled-builds/STORY-260720-35dck7_protocol-schema-v6/BUG-260731-33v6zz_curator-windows-lane-unowned-packages/progress.md
A  .task-board/EPIC-260720-21aq1i_declarative-compiled-builds/STORY-260720-35dck7_protocol-schema-v6/BUG-260731-38dz6m_curator-windows-transaction-and-fingerprint-residuals/README.md
A  .task-board/EPIC-260720-21aq1i_declarative-compiled-builds/STORY-260720-35dck7_protocol-schema-v6/BUG-260731-38dz6m_curator-windows-transaction-and-fingerprint-residuals/progress.md
A  .task-board/EPIC-260720-21aq1i_declarative-compiled-builds/STORY-260720-35dck7_protocol-schema-v6/BUG-260731-3a5q1p_curator-install-dryrun-rc6-multiproject-binding/README.md
A  .task-board/EPIC-260720-21aq1i_declarative-compiled-builds/STORY-260720-35dck7_protocol-schema-v6/BUG-260731-3a5q1p_curator-install-dryrun-rc6-multiproject-binding/progress.md
A  .task-board/EPIC-260720-21aq1i_declarative-compiled-builds/STORY-260720-35dck7_protocol-schema-v6/BUG-260731-3gm8kc_curator-interop-lifecycle-vector-gate/README.md
A  .task-board/EPIC-260720-21aq1i_declarative-compiled-builds/STORY-260720-35dck7_protocol-schema-v6/BUG-260731-3gm8kc_curator-interop-lifecycle-vector-gate/progress.md
A  .task-board/EPIC-260720-21aq1i_declarative-compiled-builds/STORY-260720-35dck7_protocol-schema-v6/BUG-260731-fs3dht_curator-windows-trusted-goroot-resolution/README.md
A  .task-board/EPIC-260720-21aq1i_declarative-compiled-builds/STORY-260720-35dck7_protocol-schema-v6/BUG-260731-fs3dht_curator-windows-trusted-goroot-resolution/progress.md
A  .task-board/EPIC-260720-21aq1i_declarative-compiled-builds/STORY-260720-35dck7_protocol-schema-v6/BUG-260731-lepevi_curator-main-ci-red-linux-lane/README.md
A  .task-board/EPIC-260720-21aq1i_declarative-compiled-builds/STORY-260720-35dck7_protocol-schema-v6/BUG-260731-lepevi_curator-main-ci-red-linux-lane/progress.md
A  .task-board/EPIC-260720-21aq1i_declarative-compiled-builds/STORY-260720-35dck7_protocol-schema-v6/README.md
A  .task-board/EPIC-260720-21aq1i_declarative-compiled-builds/STORY-260720-35dck7_protocol-schema-v6/TASK-260720-12iigs_compiled-artifact-schemas/README.md
A  .task-board/EPIC-260720-21aq1i_declarative-compiled-builds/STORY-260720-35dck7_protocol-schema-v6/TASK-260720-12iigs_compiled-artifact-schemas/progress.md
A  .task-board/EPIC-260720-21aq1i_declarative-compiled-builds/STORY-260720-35dck7_protocol-schema-v6/TASK-260720-17llva_go-v1-manager-profile/README.md
A  .task-board/EPIC-260720-21aq1i_declarative-compiled-builds/STORY-260720-35dck7_protocol-schema-v6/TASK-260720-17llva_go-v1-manager-profile/progress.md
A  .task-board/EPIC-260720-21aq1i_declarative-compiled-builds/STORY-260720-35dck7_protocol-schema-v6/TASK-260720-1nvomm_protocol-v6-core-security-contract/README.md
A  .task-board/EPIC-260720-21aq1i_declarative-compiled-builds/STORY-260720-35dck7_protocol-schema-v6/TASK-260720-1nvomm_protocol-v6-core-security-contract/progress.md
A  .task-board/EPIC-260720-21aq1i_declarative-compiled-builds/STORY-260720-35dck7_protocol-schema-v6/TASK-260720-1s1vr6_build-driver-conformance-vectors/README.md
A  .task-board/EPIC-260720-21aq1i_declarative-compiled-builds/STORY-260720-35dck7_protocol-schema-v6/TASK-260720-1s1vr6_build-driver-conformance-vectors/progress.md
A  .task-board/EPIC-260720-21aq1i_declarative-compiled-builds/STORY-260720-35dck7_protocol-schema-v6/TASK-260720-1u7hes_validation-and-release-gates/README.md
A  .task-board/EPIC-260720-21aq1i_declarative-compiled-builds/STORY-260720-35dck7_protocol-schema-v6/TASK-260720-1u7hes_validation-and-release-gates/progress.md
A  .task-board/EPIC-260720-21aq1i_declarative-compiled-builds/STORY-260720-35dck7_protocol-schema-v6/TASK-260720-2zc6k1_conformance-claim-v2-schema/README.md
A  .task-board/EPIC-260720-21aq1i_declarative-compiled-builds/STORY-260720-35dck7_protocol-schema-v6/TASK-260720-2zc6k1_conformance-claim-v2-schema/progress.md
A  .task-board/EPIC-260720-21aq1i_declarative-compiled-builds/STORY-260720-35dck7_protocol-schema-v6/TASK-260720-37ei85_legacy-schema-compatibility-guards/README.md
A  .task-board/EPIC-260720-21aq1i_declarative-compiled-builds/STORY-260720-35dck7_protocol-schema-v6/TASK-260720-37ei85_legacy-schema-compatibility-guards/progress.md
A  .task-board/EPIC-260720-21aq1i_declarative-compiled-builds/STORY-260720-35dck7_protocol-schema-v6/TASK-260720-3ag6pi_protocol-v6-conformance-verification/README.md
A  .task-board/EPIC-260720-21aq1i_declarative-compiled-builds/STORY-260720-35dck7_protocol-schema-v6/TASK-260720-3ag6pi_protocol-v6-conformance-verification/progress.md
A  .task-board/EPIC-260720-21aq1i_declarative-compiled-builds/STORY-260720-35dck7_protocol-schema-v6/TASK-260720-3lo9jc_schema-v6-authoring-and-cli-docs/README.md
A  .task-board/EPIC-260720-21aq1i_declarative-compiled-builds/STORY-260720-35dck7_protocol-schema-v6/TASK-260720-3lo9jc_schema-v6-authoring-and-cli-docs/progress.md
A  .task-board/EPIC-260720-21aq1i_declarative-compiled-builds/STORY-260720-35dck7_protocol-schema-v6/TASK-260720-cw39jh_manager-lifecycle-build-vectors/README.md
A  .task-board/EPIC-260720-21aq1i_declarative-compiled-builds/STORY-260720-35dck7_protocol-schema-v6/TASK-260720-cw39jh_manager-lifecycle-build-vectors/progress.md
A  .task-board/EPIC-260720-21aq1i_declarative-compiled-builds/STORY-260720-35dck7_protocol-schema-v6/TASK-260720-q5oy3o_protocol-rc4-release-metadata/README.md
A  .task-board/EPIC-260720-21aq1i_declarative-compiled-builds/STORY-260720-35dck7_protocol-schema-v6/TASK-260720-q5oy3o_protocol-rc4-release-metadata/progress.md
A  .task-board/EPIC-260720-21aq1i_declarative-compiled-builds/STORY-260720-35dck7_protocol-schema-v6/TASK-260720-wajgn8_manifest-v6-schemas/README.md
A  .task-board/EPIC-260720-21aq1i_declarative-compiled-builds/STORY-260720-35dck7_protocol-schema-v6/TASK-260720-wajgn8_manifest-v6-schemas/progress.md
A  .task-board/EPIC-260720-21aq1i_declarative-compiled-builds/STORY-260720-35dck7_protocol-schema-v6/TASK-260729-3nx97g_regenerate-rc5-build-driver-goldens/README.md
A  .task-board/EPIC-260720-21aq1i_declarative-compiled-builds/STORY-260720-35dck7_protocol-schema-v6/TASK-260729-3nx97g_regenerate-rc5-build-driver-goldens/progress.md
A  .task-board/EPIC-260720-21aq1i_declarative-compiled-builds/STORY-260720-35dck7_protocol-schema-v6/TASK-260730-1fsbqd_land-accepted-curator-spec-candidate/README.md
A  .task-board/EPIC-260720-21aq1i_declarative-compiled-builds/STORY-260720-35dck7_protocol-schema-v6/TASK-260730-1fsbqd_land-accepted-curator-spec-candidate/progress.md
A  .task-board/EPIC-260720-21aq1i_declarative-compiled-builds/STORY-260720-35dck7_protocol-schema-v6/progress.md
A  .task-board/EPIC-260720-21aq1i_declarative-compiled-builds/STORY-260720-3plyvy_curator-go-build-driver/BUG-260729-1o0m8f_resolve-accepted-composite-lint-findings/README.md
A  .task-board/EPIC-260720-21aq1i_declarative-compiled-builds/STORY-260720-3plyvy_curator-go-build-driver/BUG-260729-1o0m8f_resolve-accepted-composite-lint-findings/progress.md
A  .task-board/EPIC-260720-21aq1i_declarative-compiled-builds/STORY-260720-3plyvy_curator-go-build-driver/BUG-260729-r0fe02_stabilize-godriver-cancellation-race-contract/README.md
A  .task-board/EPIC-260720-21aq1i_declarative-compiled-builds/STORY-260720-3plyvy_curator-go-build-driver/BUG-260729-r0fe02_stabilize-godriver-cancellation-race-contract/progress.md
A  .task-board/EPIC-260720-21aq1i_declarative-compiled-builds/STORY-260720-3plyvy_curator-go-build-driver/BUG-260730-3eqseq_repair-curator-v0-13-main-ci/README.md
A  .task-board/EPIC-260720-21aq1i_declarative-compiled-builds/STORY-260720-3plyvy_curator-go-build-driver/BUG-260730-3eqseq_repair-curator-v0-13-main-ci/progress.md
A  .task-board/EPIC-260720-21aq1i_declarative-compiled-builds/STORY-260720-3plyvy_curator-go-build-driver/README.md
A  .task-board/EPIC-260720-21aq1i_declarative-compiled-builds/STORY-260720-3plyvy_curator-go-build-driver/TASK-260720-11pfex_activate-build-commands-and-hide-build-roots/README.md
A  .task-board/EPIC-260720-21aq1i_declarative-compiled-builds/STORY-260720-3plyvy_curator-go-build-driver/TASK-260720-11pfex_activate-build-commands-and-hide-build-roots/progress.md
A  .task-board/EPIC-260720-21aq1i_declarative-compiled-builds/STORY-260720-3plyvy_curator-go-build-driver/TASK-260720-1ljev5_collect-build-cache-safely/README.md
A  .task-board/EPIC-260720-21aq1i_declarative-compiled-builds/STORY-260720-3plyvy_curator-go-build-driver/TASK-260720-1ljev5_collect-build-cache-safely/progress.md
A  .task-board/EPIC-260720-21aq1i_declarative-compiled-builds/STORY-260720-3plyvy_curator-go-build-driver/TASK-260720-1nlmvv_expose-build-currentness-and-repair/README.md
A  .task-board/EPIC-260720-21aq1i_declarative-compiled-builds/STORY-260720-3plyvy_curator-go-build-driver/TASK-260720-1nlmvv_expose-build-currentness-and-repair/progress.md
A  .task-board/EPIC-260720-21aq1i_declarative-compiled-builds/STORY-260720-3plyvy_curator-go-build-driver/TASK-260720-1pvfj5_enforce-cross-platform-ci-gates/README.md
A  .task-board/EPIC-260720-21aq1i_declarative-compiled-builds/STORY-260720-3plyvy_curator-go-build-driver/TASK-260720-1pvfj5_enforce-cross-platform-ci-gates/progress.md
A  .task-board/EPIC-260720-21aq1i_declarative-compiled-builds/STORY-260720-3plyvy_curator-go-build-driver/TASK-260720-1zl1cj_add-cross-platform-manager-locks/README.md
A  .task-board/EPIC-260720-21aq1i_declarative-compiled-builds/STORY-260720-3plyvy_curator-go-build-driver/TASK-260720-1zl1cj_add-cross-platform-manager-locks/progress.md
A  .task-board/EPIC-260720-21aq1i_declarative-compiled-builds/STORY-260720-3plyvy_curator-go-build-driver/TASK-260720-1zntv0_implement-go-v1-preflight-and-build/README.md
A  .task-board/EPIC-260720-21aq1i_declarative-compiled-builds/STORY-260720-3plyvy_curator-go-build-driver/TASK-260720-1zntv0_implement-go-v1-preflight-and-build/progress.md
A  .task-board/EPIC-260720-21aq1i_declarative-compiled-builds/STORY-260720-3plyvy_curator-go-build-driver/TASK-260720-2284br_commit-installations-atomically/README.md
A  .task-board/EPIC-260720-21aq1i_declarative-compiled-builds/STORY-260720-3plyvy_curator-go-build-driver/TASK-260720-2284br_commit-installations-atomically/progress.md
A  .task-board/EPIC-260720-21aq1i_declarative-compiled-builds/STORY-260720-3plyvy_curator-go-build-driver/TASK-260720-256kj1_implement-build-source-identity/README.md
A  .task-board/EPIC-260720-21aq1i_declarative-compiled-builds/STORY-260720-3plyvy_curator-go-build-driver/TASK-260720-256kj1_implement-build-source-identity/progress.md
A  .task-board/EPIC-260720-21aq1i_declarative-compiled-builds/STORY-260720-3plyvy_curator-go-build-driver/TASK-260720-29hi1h_launch-compiled-commands-through-shims/README.md
A  .task-board/EPIC-260720-21aq1i_declarative-compiled-builds/STORY-260720-3plyvy_curator-go-build-driver/TASK-260720-29hi1h_launch-compiled-commands-through-shims/progress.md
A  .task-board/EPIC-260720-21aq1i_declarative-compiled-builds/STORY-260720-3plyvy_curator-go-build-driver/TASK-260720-2g0e3b_parse-schema-v6-build-manifests/README.md
A  .task-board/EPIC-260720-21aq1i_declarative-compiled-builds/STORY-260720-3plyvy_curator-go-build-driver/TASK-260720-2g0e3b_parse-schema-v6-build-manifests/progress.md
A  .task-board/EPIC-260720-21aq1i_declarative-compiled-builds/STORY-260720-3plyvy_curator-go-build-driver/TASK-260720-2qqq0w_document-curator-compiled-builds/README.md
A  .task-board/EPIC-260720-21aq1i_declarative-compiled-builds/STORY-260720-3plyvy_curator-go-build-driver/TASK-260720-2qqq0w_document-curator-compiled-builds/progress.md
A  .task-board/EPIC-260720-21aq1i_declarative-compiled-builds/STORY-260720-3plyvy_curator-go-build-driver/TASK-260720-31nl14_add-durable-install-transaction-journal/README.md
A  .task-board/EPIC-260720-21aq1i_declarative-compiled-builds/STORY-260720-3plyvy_curator-go-build-driver/TASK-260720-31nl14_add-durable-install-transaction-journal/progress.md
A  .task-board/EPIC-260720-21aq1i_declarative-compiled-builds/STORY-260720-3plyvy_curator-go-build-driver/TASK-260720-3itlly_stage-builds-without-install-mutation/README.md
A  .task-board/EPIC-260720-21aq1i_declarative-compiled-builds/STORY-260720-3plyvy_curator-go-build-driver/TASK-260720-3itlly_stage-builds-without-install-mutation/progress.md
A  .task-board/EPIC-260720-21aq1i_declarative-compiled-builds/STORY-260720-3plyvy_curator-go-build-driver/TASK-260720-3mrm4z_canonicalize-build-inputs-and-receipts/README.md
A  .task-board/EPIC-260720-21aq1i_declarative-compiled-builds/STORY-260720-3plyvy_curator-go-build-driver/TASK-260720-3mrm4z_canonicalize-build-inputs-and-receipts/progress.md
A  .task-board/EPIC-260720-21aq1i_declarative-compiled-builds/STORY-260720-3plyvy_curator-go-build-driver/TASK-260720-3pwg2w_protect-immutable-build-cache/README.md
A  .task-board/EPIC-260720-21aq1i_declarative-compiled-builds/STORY-260720-3plyvy_curator-go-build-driver/TASK-260720-3pwg2w_protect-immutable-build-cache/progress.md
A  .task-board/EPIC-260720-21aq1i_declarative-compiled-builds/STORY-260720-3plyvy_curator-go-build-driver/TASK-260720-4bd0it_implement-install-marker-v2/README.md
A  .task-board/EPIC-260720-21aq1i_declarative-compiled-builds/STORY-260720-3plyvy_curator-go-build-driver/TASK-260720-4bd0it_implement-install-marker-v2/progress.md
A  .task-board/EPIC-260720-21aq1i_declarative-compiled-builds/STORY-260720-3plyvy_curator-go-build-driver/TASK-260720-6i3cya_establish-trusted-go-toolchain-session/README.md
A  .task-board/EPIC-260720-21aq1i_declarative-compiled-builds/STORY-260720-3plyvy_curator-go-build-driver/TASK-260720-6i3cya_establish-trusted-go-toolchain-session/progress.md
A  .task-board/EPIC-260720-21aq1i_declarative-compiled-builds/STORY-260720-3plyvy_curator-go-build-driver/TASK-260720-jrrgw9_verify-rc4-build-conformance/README.md
A  .task-board/EPIC-260720-21aq1i_declarative-compiled-builds/STORY-260720-3plyvy_curator-go-build-driver/TASK-260720-jrrgw9_verify-rc4-build-conformance/progress.md
A  .task-board/EPIC-260720-21aq1i_declarative-compiled-builds/STORY-260720-3plyvy_curator-go-build-driver/TASK-260729-1y7okj_independent-cmd-runtime-optimization-audit/README.md
A  .task-board/EPIC-260720-21aq1i_declarative-compiled-builds/STORY-260720-3plyvy_curator-go-build-driver/TASK-260729-1y7okj_independent-cmd-runtime-optimization-audit/progress.md
A  .task-board/EPIC-260720-21aq1i_declarative-compiled-builds/STORY-260720-3plyvy_curator-go-build-driver/TASK-260729-1zex8r_optimize-go-toolchain-fingerprint-walk/README.md
A  .task-board/EPIC-260720-21aq1i_declarative-compiled-builds/STORY-260720-3plyvy_curator-go-build-driver/TASK-260729-1zex8r_optimize-go-toolchain-fingerprint-walk/progress.md
A  .task-board/EPIC-260720-21aq1i_declarative-compiled-builds/STORY-260720-3plyvy_curator-go-build-driver/TASK-260729-2afulh_prototype-atomicity-fixture-trim/README.md
A  .task-board/EPIC-260720-21aq1i_declarative-compiled-builds/STORY-260720-3plyvy_curator-go-build-driver/TASK-260729-2afulh_prototype-atomicity-fixture-trim/progress.md
A  .task-board/EPIC-260720-21aq1i_declarative-compiled-builds/STORY-260720-3plyvy_curator-go-build-driver/TASK-260729-2kaopg_report-compiled-currentness-in-global-status/README.md
A  .task-board/EPIC-260720-21aq1i_declarative-compiled-builds/STORY-260720-3plyvy_curator-go-build-driver/TASK-260729-2kaopg_report-compiled-currentness-in-global-status/progress.md
A  .task-board/EPIC-260720-21aq1i_declarative-compiled-builds/STORY-260720-3plyvy_curator-go-build-driver/TASK-260729-365r5r_prototype-savejournal-namespace-validation/README.md
A  .task-board/EPIC-260720-21aq1i_declarative-compiled-builds/STORY-260720-3plyvy_curator-go-build-driver/TASK-260729-365r5r_prototype-savejournal-namespace-validation/progress.md
A  .task-board/EPIC-260720-21aq1i_declarative-compiled-builds/STORY-260720-3plyvy_curator-go-build-driver/TASK-260729-3dr6hw_diagnose-install-race-timeouts/README.md
A  .task-board/EPIC-260720-21aq1i_declarative-compiled-builds/STORY-260720-3plyvy_curator-go-build-driver/TASK-260729-3dr6hw_diagnose-install-race-timeouts/progress.md
A  .task-board/EPIC-260720-21aq1i_declarative-compiled-builds/STORY-260720-3plyvy_curator-go-build-driver/TASK-260729-3jku56_make-repeated-compiled-install-idempotent/README.md
A  .task-board/EPIC-260720-21aq1i_declarative-compiled-builds/STORY-260720-3plyvy_curator-go-build-driver/TASK-260729-3jku56_make-repeated-compiled-install-idempotent/progress.md
A  .task-board/EPIC-260720-21aq1i_declarative-compiled-builds/STORY-260720-3plyvy_curator-go-build-driver/TASK-260729-osjeay_prepare-final-curator-ci-execution-map/README.md
A  .task-board/EPIC-260720-21aq1i_declarative-compiled-builds/STORY-260720-3plyvy_curator-go-build-driver/TASK-260729-osjeay_prepare-final-curator-ci-execution-map/progress.md
A  .task-board/EPIC-260720-21aq1i_declarative-compiled-builds/STORY-260720-3plyvy_curator-go-build-driver/TASK-260729-rfrdfo_prototype-install-race-timeout-patch/README.md
A  .task-board/EPIC-260720-21aq1i_declarative-compiled-builds/STORY-260720-3plyvy_curator-go-build-driver/TASK-260729-rfrdfo_prototype-install-race-timeout-patch/progress.md
A  .task-board/EPIC-260720-21aq1i_declarative-compiled-builds/STORY-260720-3plyvy_curator-go-build-driver/TASK-260730-2kfjm8_land-accepted-curator-composite/README.md
A  .task-board/EPIC-260720-21aq1i_declarative-compiled-builds/STORY-260720-3plyvy_curator-go-build-driver/TASK-260730-2kfjm8_land-accepted-curator-composite/progress.md
A  .task-board/EPIC-260720-21aq1i_declarative-compiled-builds/STORY-260720-3plyvy_curator-go-build-driver/progress.md
A  .task-board/EPIC-260720-21aq1i_declarative-compiled-builds/STORY-260720-x8a1p7_build-driver-security-model/README.md
A  .task-board/EPIC-260720-21aq1i_declarative-compiled-builds/STORY-260720-x8a1p7_build-driver-security-model/TASK-260720-poa3ze_research-compile-only-drivers/README.md
A  .task-board/EPIC-260720-21aq1i_declarative-compiled-builds/STORY-260720-x8a1p7_build-driver-security-model/TASK-260720-poa3ze_research-compile-only-drivers/progress.md
A  .task-board/EPIC-260720-21aq1i_declarative-compiled-builds/STORY-260720-x8a1p7_build-driver-security-model/progress.md
A  .task-board/EPIC-260720-21aq1i_declarative-compiled-builds/STORY-260728-10wxx2_protocol-schema-v7-external-build-repositories/README.md
A  .task-board/EPIC-260720-21aq1i_declarative-compiled-builds/STORY-260728-10wxx2_protocol-schema-v7-external-build-repositories/TASK-260728-17sclp_external-repository-wire-schemas-and-generated-cases/README.md
A  .task-board/EPIC-260720-21aq1i_declarative-compiled-builds/STORY-260728-10wxx2_protocol-schema-v7-external-build-repositories/TASK-260728-17sclp_external-repository-wire-schemas-and-generated-cases/progress.md
A  .task-board/EPIC-260720-21aq1i_declarative-compiled-builds/STORY-260728-10wxx2_protocol-schema-v7-external-build-repositories/TASK-260728-1a52au_schema-v7-external-repository-core-contract/README.md
A  .task-board/EPIC-260720-21aq1i_declarative-compiled-builds/STORY-260728-10wxx2_protocol-schema-v7-external-build-repositories/TASK-260728-1a52au_schema-v7-external-repository-core-contract/progress.md
A  .task-board/EPIC-260720-21aq1i_declarative-compiled-builds/STORY-260728-10wxx2_protocol-schema-v7-external-build-repositories/TASK-260728-2kp3tv_rename-repository-descriptor-to-skill-build/README.md
A  .task-board/EPIC-260720-21aq1i_declarative-compiled-builds/STORY-260728-10wxx2_protocol-schema-v7-external-build-repositories/TASK-260728-2kp3tv_rename-repository-descriptor-to-skill-build/progress.md
A  .task-board/EPIC-260720-21aq1i_declarative-compiled-builds/STORY-260728-10wxx2_protocol-schema-v7-external-build-repositories/TASK-260728-3b8qym_rc5-external-repository-conformance-and-release-gates/README.md
A  .task-board/EPIC-260720-21aq1i_declarative-compiled-builds/STORY-260728-10wxx2_protocol-schema-v7-external-build-repositories/TASK-260728-3b8qym_rc5-external-repository-conformance-and-release-gates/progress.md
A  .task-board/EPIC-260720-21aq1i_declarative-compiled-builds/STORY-260728-10wxx2_protocol-schema-v7-external-build-repositories/TASK-260728-wy3dsw_external-repository-manager-profile-and-lifecycle-contract/README.md
A  .task-board/EPIC-260720-21aq1i_declarative-compiled-builds/STORY-260728-10wxx2_protocol-schema-v7-external-build-repositories/TASK-260728-wy3dsw_external-repository-manager-profile-and-lifecycle-contract/progress.md
A  .task-board/EPIC-260720-21aq1i_declarative-compiled-builds/STORY-260728-10wxx2_protocol-schema-v7-external-build-repositories/TASK-260728-zb2s4z_amend-portable-go-v1-host-execution-contract/README.md
A  .task-board/EPIC-260720-21aq1i_declarative-compiled-builds/STORY-260728-10wxx2_protocol-schema-v7-external-build-repositories/TASK-260728-zb2s4z_amend-portable-go-v1-host-execution-contract/progress.md
A  .task-board/EPIC-260720-21aq1i_declarative-compiled-builds/STORY-260728-10wxx2_protocol-schema-v7-external-build-repositories/progress.md
A  .task-board/EPIC-260720-21aq1i_declarative-compiled-builds/STORY-260728-16spsm_kotlin-compiled-build-drivers/README.md
A  .task-board/EPIC-260720-21aq1i_declarative-compiled-builds/STORY-260728-16spsm_kotlin-compiled-build-drivers/TASK-260728-1aveb2_verify-external-kotlin-cross-manager-interop/README.md
A  .task-board/EPIC-260720-21aq1i_declarative-compiled-builds/STORY-260728-16spsm_kotlin-compiled-build-drivers/TASK-260728-1aveb2_verify-external-kotlin-cross-manager-interop/progress.md
A  .task-board/EPIC-260720-21aq1i_declarative-compiled-builds/STORY-260728-16spsm_kotlin-compiled-build-drivers/TASK-260728-1koh5v_implement-local-kotlin-driver-in-curator/README.md
A  .task-board/EPIC-260720-21aq1i_declarative-compiled-builds/STORY-260728-16spsm_kotlin-compiled-build-drivers/TASK-260728-1koh5v_implement-local-kotlin-driver-in-curator/progress.md
A  .task-board/EPIC-260720-21aq1i_declarative-compiled-builds/STORY-260728-16spsm_kotlin-compiled-build-drivers/TASK-260728-1uj0bc_implement-external-kotlin-driver-in-csk/README.md
A  .task-board/EPIC-260720-21aq1i_declarative-compiled-builds/STORY-260728-16spsm_kotlin-compiled-build-drivers/TASK-260728-1uj0bc_implement-external-kotlin-driver-in-csk/progress.md
A  .task-board/EPIC-260720-21aq1i_declarative-compiled-builds/STORY-260728-16spsm_kotlin-compiled-build-drivers/TASK-260728-2uh7em_document-kotlin-driver-pair-authoring-and-operations/README.md
A  .task-board/EPIC-260720-21aq1i_declarative-compiled-builds/STORY-260728-16spsm_kotlin-compiled-build-drivers/TASK-260728-2uh7em_document-kotlin-driver-pair-authoring-and-operations/progress.md
A  .task-board/EPIC-260720-21aq1i_declarative-compiled-builds/STORY-260728-16spsm_kotlin-compiled-build-drivers/TASK-260728-3ar1qp_implement-local-kotlin-driver-in-csk/README.md
A  .task-board/EPIC-260720-21aq1i_declarative-compiled-builds/STORY-260728-16spsm_kotlin-compiled-build-drivers/TASK-260728-3ar1qp_implement-local-kotlin-driver-in-csk/progress.md
A  .task-board/EPIC-260720-21aq1i_declarative-compiled-builds/STORY-260728-16spsm_kotlin-compiled-build-drivers/TASK-260728-3u1nho_run-linux-kotlin-driver-pair-qualification/README.md
A  .task-board/EPIC-260720-21aq1i_declarative-compiled-builds/STORY-260728-16spsm_kotlin-compiled-build-drivers/TASK-260728-3u1nho_run-linux-kotlin-driver-pair-qualification/progress.md
A  .task-board/EPIC-260720-21aq1i_declarative-compiled-builds/STORY-260728-16spsm_kotlin-compiled-build-drivers/TASK-260728-gmfxdg_implement-external-kotlin-driver-in-curator/README.md
A  .task-board/EPIC-260720-21aq1i_declarative-compiled-builds/STORY-260728-16spsm_kotlin-compiled-build-drivers/TASK-260728-gmfxdg_implement-external-kotlin-driver-in-curator/progress.md
A  .task-board/EPIC-260720-21aq1i_declarative-compiled-builds/STORY-260728-16spsm_kotlin-compiled-build-drivers/TASK-260728-r3j8ef_verify-local-kotlin-cross-manager-interop/README.md
A  .task-board/EPIC-260720-21aq1i_declarative-compiled-builds/STORY-260728-16spsm_kotlin-compiled-build-drivers/TASK-260728-r3j8ef_verify-local-kotlin-cross-manager-interop/progress.md
A  .task-board/EPIC-260720-21aq1i_declarative-compiled-builds/STORY-260728-16spsm_kotlin-compiled-build-drivers/TASK-260729-2vfvgi_run-windows-kotlin-driver-pair-qualification/README.md
A  .task-board/EPIC-260720-21aq1i_declarative-compiled-builds/STORY-260728-16spsm_kotlin-compiled-build-drivers/TASK-260729-2vfvgi_run-windows-kotlin-driver-pair-qualification/progress.md
A  .task-board/EPIC-260720-21aq1i_declarative-compiled-builds/STORY-260728-16spsm_kotlin-compiled-build-drivers/progress.md
A  .task-board/EPIC-260720-21aq1i_declarative-compiled-builds/STORY-260728-19nx3g_external-build-repository-interop/README.md
A  .task-board/EPIC-260720-21aq1i_declarative-compiled-builds/STORY-260728-19nx3g_external-build-repository-interop/TASK-260728-1hwq5b_cross-manager-external-repository-runner/README.md
A  .task-board/EPIC-260720-21aq1i_declarative-compiled-builds/STORY-260728-19nx3g_external-build-repository-interop/TASK-260728-1hwq5b_cross-manager-external-repository-runner/progress.md
A  .task-board/EPIC-260720-21aq1i_declarative-compiled-builds/STORY-260728-19nx3g_external-build-repository-interop/TASK-260728-1t4cyb_external-repository-authoring-and-driver-guide/README.md
A  .task-board/EPIC-260720-21aq1i_declarative-compiled-builds/STORY-260728-19nx3g_external-build-repository-interop/TASK-260728-1t4cyb_external-repository-authoring-and-driver-guide/progress.md
A  .task-board/EPIC-260720-21aq1i_declarative-compiled-builds/STORY-260728-19nx3g_external-build-repository-interop/TASK-260728-2u5u14_shared-rc5-external-repository-cases/README.md
A  .task-board/EPIC-260720-21aq1i_declarative-compiled-builds/STORY-260728-19nx3g_external-build-repository-interop/TASK-260728-2u5u14_shared-rc5-external-repository-cases/progress.md
A  .task-board/EPIC-260720-21aq1i_declarative-compiled-builds/STORY-260728-19nx3g_external-build-repository-interop/TASK-260728-d8ktna_qualify-rc5-external-repository-release-and-pins/README.md
A  .task-board/EPIC-260720-21aq1i_declarative-compiled-builds/STORY-260728-19nx3g_external-build-repository-interop/TASK-260728-d8ktna_qualify-rc5-external-repository-release-and-pins/progress.md
A  .task-board/EPIC-260720-21aq1i_declarative-compiled-builds/STORY-260728-19nx3g_external-build-repository-interop/progress.md
A  .task-board/EPIC-260720-21aq1i_declarative-compiled-builds/STORY-260728-1eye8p_linux-native-external-build-validation/README.md
A  .task-board/EPIC-260720-21aq1i_declarative-compiled-builds/STORY-260728-1eye8p_linux-native-external-build-validation/TASK-260728-1e6811_qualify-linux-toolchain-preflight/README.md
A  .task-board/EPIC-260720-21aq1i_declarative-compiled-builds/STORY-260728-1eye8p_linux-native-external-build-validation/TASK-260728-1e6811_qualify-linux-toolchain-preflight/progress.md
A  .task-board/EPIC-260720-21aq1i_declarative-compiled-builds/STORY-260728-1eye8p_linux-native-external-build-validation/TASK-260728-1skseh_run-linux-native-external-repository-qualification/README.md
A  .task-board/EPIC-260720-21aq1i_declarative-compiled-builds/STORY-260728-1eye8p_linux-native-external-build-validation/TASK-260728-1skseh_run-linux-native-external-repository-qualification/progress.md
A  .task-board/EPIC-260720-21aq1i_declarative-compiled-builds/STORY-260728-1eye8p_linux-native-external-build-validation/TASK-260729-2sxx7k_validate-accepted-curator-go-snapshot-on-linux/README.md
A  .task-board/EPIC-260720-21aq1i_declarative-compiled-builds/STORY-260728-1eye8p_linux-native-external-build-validation/TASK-260729-2sxx7k_validate-accepted-curator-go-snapshot-on-linux/progress.md
A  .task-board/EPIC-260720-21aq1i_declarative-compiled-builds/STORY-260728-1eye8p_linux-native-external-build-validation/progress.md
A  .task-board/EPIC-260720-21aq1i_declarative-compiled-builds/STORY-260728-1ojb1p_curator-external-build-repositories/README.md
A  .task-board/EPIC-260720-21aq1i_declarative-compiled-builds/STORY-260728-1ojb1p_curator-external-build-repositories/TASK-260728-1ax4j0_curator-external-snapshot-audit-and-cache/README.md
A  .task-board/EPIC-260720-21aq1i_declarative-compiled-builds/STORY-260728-1ojb1p_curator-external-build-repositories/TASK-260728-1ax4j0_curator-external-snapshot-audit-and-cache/progress.md
A  .task-board/EPIC-260720-21aq1i_declarative-compiled-builds/STORY-260728-1ojb1p_curator-external-build-repositories/TASK-260728-1uepyd_curator-clean-git-and-raw-object-admission/README.md
A  .task-board/EPIC-260720-21aq1i_declarative-compiled-builds/STORY-260728-1ojb1p_curator-external-build-repositories/TASK-260728-1uepyd_curator-clean-git-and-raw-object-admission/progress.md
A  .task-board/EPIC-260720-21aq1i_declarative-compiled-builds/STORY-260728-1ojb1p_curator-external-build-repositories/TASK-260728-20ao7p_curator-rc5-e2e-docs-macos-windows/README.md
A  .task-board/EPIC-260720-21aq1i_declarative-compiled-builds/STORY-260728-1ojb1p_curator-external-build-repositories/TASK-260728-20ao7p_curator-rc5-e2e-docs-macos-windows/progress.md
A  .task-board/EPIC-260720-21aq1i_declarative-compiled-builds/STORY-260728-1ojb1p_curator-external-build-repositories/TASK-260728-pwbr32_curator-schema-v7-repository-models-and-substitutions/README.md
A  .task-board/EPIC-260720-21aq1i_declarative-compiled-builds/STORY-260728-1ojb1p_curator-external-build-repositories/TASK-260728-pwbr32_curator-schema-v7-repository-models-and-substitutions/progress.md
A  .task-board/EPIC-260720-21aq1i_declarative-compiled-builds/STORY-260728-1ojb1p_curator-external-build-repositories/TASK-260728-rjxrgs_curator-mixed-receipt-marker-and-lifecycle/README.md
A  .task-board/EPIC-260720-21aq1i_declarative-compiled-builds/STORY-260728-1ojb1p_curator-external-build-repositories/TASK-260728-rjxrgs_curator-mixed-receipt-marker-and-lifecycle/progress.md
A  .task-board/EPIC-260720-21aq1i_declarative-compiled-builds/STORY-260728-1ojb1p_curator-external-build-repositories/progress.md
A  .task-board/EPIC-260720-21aq1i_declarative-compiled-builds/STORY-260728-2abmzr_swift-compiled-build-drivers/README.md
A  .task-board/EPIC-260720-21aq1i_declarative-compiled-builds/STORY-260728-2abmzr_swift-compiled-build-drivers/TASK-260728-1egim2_document-swift-driver-pair-authoring-and-operations/README.md
A  .task-board/EPIC-260720-21aq1i_declarative-compiled-builds/STORY-260728-2abmzr_swift-compiled-build-drivers/TASK-260728-1egim2_document-swift-driver-pair-authoring-and-operations/progress.md
A  .task-board/EPIC-260720-21aq1i_declarative-compiled-builds/STORY-260728-2abmzr_swift-compiled-build-drivers/TASK-260728-1xviwb_verify-swift-repository-cross-manager-interop/README.md
A  .task-board/EPIC-260720-21aq1i_declarative-compiled-builds/STORY-260728-2abmzr_swift-compiled-build-drivers/TASK-260728-1xviwb_verify-swift-repository-cross-manager-interop/progress.md
A  .task-board/EPIC-260720-21aq1i_declarative-compiled-builds/STORY-260728-2abmzr_swift-compiled-build-drivers/TASK-260728-1y8u4m_run-linux-swift-driver-pair-qualification/README.md
A  .task-board/EPIC-260720-21aq1i_declarative-compiled-builds/STORY-260728-2abmzr_swift-compiled-build-drivers/TASK-260728-1y8u4m_run-linux-swift-driver-pair-qualification/progress.md
A  .task-board/EPIC-260720-21aq1i_declarative-compiled-builds/STORY-260728-2abmzr_swift-compiled-build-drivers/TASK-260728-21x3yc_implement-swift-v1-local-builds-in-curator/README.md
A  .task-board/EPIC-260720-21aq1i_declarative-compiled-builds/STORY-260728-2abmzr_swift-compiled-build-drivers/TASK-260728-21x3yc_implement-swift-v1-local-builds-in-curator/progress.md
A  .task-board/EPIC-260720-21aq1i_declarative-compiled-builds/STORY-260728-2abmzr_swift-compiled-build-drivers/TASK-260728-2lnhci_implement-swift-repository-v1-in-curator/README.md
A  .task-board/EPIC-260720-21aq1i_declarative-compiled-builds/STORY-260728-2abmzr_swift-compiled-build-drivers/TASK-260728-2lnhci_implement-swift-repository-v1-in-curator/progress.md
A  .task-board/EPIC-260720-21aq1i_declarative-compiled-builds/STORY-260728-2abmzr_swift-compiled-build-drivers/TASK-260728-2ztr3c_implement-swift-repository-v1-in-csk/README.md
A  .task-board/EPIC-260720-21aq1i_declarative-compiled-builds/STORY-260728-2abmzr_swift-compiled-build-drivers/TASK-260728-2ztr3c_implement-swift-repository-v1-in-csk/progress.md
A  .task-board/EPIC-260720-21aq1i_declarative-compiled-builds/STORY-260728-2abmzr_swift-compiled-build-drivers/TASK-260728-3j60e3_implement-swift-v1-local-builds-in-csk/README.md
A  .task-board/EPIC-260720-21aq1i_declarative-compiled-builds/STORY-260728-2abmzr_swift-compiled-build-drivers/TASK-260728-3j60e3_implement-swift-v1-local-builds-in-csk/progress.md
A  .task-board/EPIC-260720-21aq1i_declarative-compiled-builds/STORY-260728-2abmzr_swift-compiled-build-drivers/TASK-260728-3lqm4z_verify-swift-v1-local-cross-manager-interop/README.md
A  .task-board/EPIC-260720-21aq1i_declarative-compiled-builds/STORY-260728-2abmzr_swift-compiled-build-drivers/TASK-260728-3lqm4z_verify-swift-v1-local-cross-manager-interop/progress.md
A  .task-board/EPIC-260720-21aq1i_declarative-compiled-builds/STORY-260728-2abmzr_swift-compiled-build-drivers/progress.md
A  .task-board/EPIC-260720-21aq1i_declarative-compiled-builds/STORY-260728-2fsqtv_compiled-build-toolchain-preflight/README.md
A  .task-board/EPIC-260720-21aq1i_declarative-compiled-builds/STORY-260728-2fsqtv_compiled-build-toolchain-preflight/TASK-260728-1j72zq_implement-trusted-toolchain-preflight-in-csk/README.md
A  .task-board/EPIC-260720-21aq1i_declarative-compiled-builds/STORY-260728-2fsqtv_compiled-build-toolchain-preflight/TASK-260728-1j72zq_implement-trusted-toolchain-preflight-in-csk/progress.md
A  .task-board/EPIC-260720-21aq1i_declarative-compiled-builds/STORY-260728-2fsqtv_compiled-build-toolchain-preflight/TASK-260728-2gbtb9_implement-trusted-toolchain-preflight-in-curator/README.md
A  .task-board/EPIC-260720-21aq1i_declarative-compiled-builds/STORY-260728-2fsqtv_compiled-build-toolchain-preflight/TASK-260728-2gbtb9_implement-trusted-toolchain-preflight-in-curator/progress.md
A  .task-board/EPIC-260720-21aq1i_declarative-compiled-builds/STORY-260728-2fsqtv_compiled-build-toolchain-preflight/TASK-260728-3vtl57_verify-cross-manager-toolchain-preflight/README.md
A  .task-board/EPIC-260720-21aq1i_declarative-compiled-builds/STORY-260728-2fsqtv_compiled-build-toolchain-preflight/TASK-260728-3vtl57_verify-cross-manager-toolchain-preflight/progress.md
A  .task-board/EPIC-260720-21aq1i_declarative-compiled-builds/STORY-260728-2fsqtv_compiled-build-toolchain-preflight/TASK-260728-ypbuav_maintain-official-toolchain-install-guidance/README.md
A  .task-board/EPIC-260720-21aq1i_declarative-compiled-builds/STORY-260728-2fsqtv_compiled-build-toolchain-preflight/TASK-260728-ypbuav_maintain-official-toolchain-install-guidance/progress.md
A  .task-board/EPIC-260720-21aq1i_declarative-compiled-builds/STORY-260728-2fsqtv_compiled-build-toolchain-preflight/TASK-260729-1vpytz_research-official-go-bootstrap-guidance/README.md
A  .task-board/EPIC-260720-21aq1i_declarative-compiled-builds/STORY-260728-2fsqtv_compiled-build-toolchain-preflight/TASK-260729-1vpytz_research-official-go-bootstrap-guidance/progress.md
A  .task-board/EPIC-260720-21aq1i_declarative-compiled-builds/STORY-260728-2fsqtv_compiled-build-toolchain-preflight/progress.md
A  .task-board/EPIC-260720-21aq1i_declarative-compiled-builds/STORY-260728-2mnlp0_additional-language-driver-protocol/README.md
A  .task-board/EPIC-260720-21aq1i_declarative-compiled-builds/STORY-260728-2mnlp0_additional-language-driver-protocol/TASK-260728-12pnm1_design-rust-driver-pair-security-contract/README.md
A  .task-board/EPIC-260720-21aq1i_declarative-compiled-builds/STORY-260728-2mnlp0_additional-language-driver-protocol/TASK-260728-12pnm1_design-rust-driver-pair-security-contract/progress.md
A  .task-board/EPIC-260720-21aq1i_declarative-compiled-builds/STORY-260728-2mnlp0_additional-language-driver-protocol/TASK-260728-168smo_select-kotlin-artifact-model-and-driver-pair/README.md
A  .task-board/EPIC-260720-21aq1i_declarative-compiled-builds/STORY-260728-2mnlp0_additional-language-driver-protocol/TASK-260728-168smo_select-kotlin-artifact-model-and-driver-pair/progress.md
A  .task-board/EPIC-260720-21aq1i_declarative-compiled-builds/STORY-260728-2mnlp0_additional-language-driver-protocol/TASK-260728-1g0z69_define-toolchain-requirement-and-guidance-contract/README.md
A  .task-board/EPIC-260720-21aq1i_declarative-compiled-builds/STORY-260728-2mnlp0_additional-language-driver-protocol/TASK-260728-1g0z69_define-toolchain-requirement-and-guidance-contract/progress.md
A  .task-board/EPIC-260720-21aq1i_declarative-compiled-builds/STORY-260728-2mnlp0_additional-language-driver-protocol/TASK-260728-1yhuqi_design-swift-driver-pair-security-contract/README.md
A  .task-board/EPIC-260720-21aq1i_declarative-compiled-builds/STORY-260728-2mnlp0_additional-language-driver-protocol/TASK-260728-1yhuqi_design-swift-driver-pair-security-contract/progress.md
A  .task-board/EPIC-260720-21aq1i_declarative-compiled-builds/STORY-260728-2mnlp0_additional-language-driver-protocol/TASK-260728-251p01_integrate-rust-swift-kotlin-wire-contracts/README.md
A  .task-board/EPIC-260720-21aq1i_declarative-compiled-builds/STORY-260728-2mnlp0_additional-language-driver-protocol/TASK-260728-251p01_integrate-rust-swift-kotlin-wire-contracts/progress.md
A  .task-board/EPIC-260720-21aq1i_declarative-compiled-builds/STORY-260728-2mnlp0_additional-language-driver-protocol/TASK-260728-2bu2q6_qualify-additional-driver-spec-candidate/README.md
A  .task-board/EPIC-260720-21aq1i_declarative-compiled-builds/STORY-260728-2mnlp0_additional-language-driver-protocol/TASK-260728-2bu2q6_qualify-additional-driver-spec-candidate/progress.md
A  .task-board/EPIC-260720-21aq1i_declarative-compiled-builds/STORY-260728-2mnlp0_additional-language-driver-protocol/TASK-260728-2jaw7h_add-toolchain-requirements-to-curator-spec/README.md
A  .task-board/EPIC-260720-21aq1i_declarative-compiled-builds/STORY-260728-2mnlp0_additional-language-driver-protocol/TASK-260728-2jaw7h_add-toolchain-requirements-to-curator-spec/progress.md
A  .task-board/EPIC-260720-21aq1i_declarative-compiled-builds/STORY-260728-2mnlp0_additional-language-driver-protocol/TASK-260728-2spy93_define-additional-driver-version-and-artifact-boundary/README.md
A  .task-board/EPIC-260720-21aq1i_declarative-compiled-builds/STORY-260728-2mnlp0_additional-language-driver-protocol/TASK-260728-2spy93_define-additional-driver-version-and-artifact-boundary/progress.md
A  .task-board/EPIC-260720-21aq1i_declarative-compiled-builds/STORY-260728-2mnlp0_additional-language-driver-protocol/TASK-260729-iuepxx_audit-language-story-dependency-cycle/README.md
A  .task-board/EPIC-260720-21aq1i_declarative-compiled-builds/STORY-260728-2mnlp0_additional-language-driver-protocol/TASK-260729-iuepxx_audit-language-story-dependency-cycle/progress.md
A  .task-board/EPIC-260720-21aq1i_declarative-compiled-builds/STORY-260728-2mnlp0_additional-language-driver-protocol/TASK-260729-rhjxtx_probe-rust-swift-kotlin-toolchain-boundaries/README.md
A  .task-board/EPIC-260720-21aq1i_declarative-compiled-builds/STORY-260728-2mnlp0_additional-language-driver-protocol/TASK-260729-rhjxtx_probe-rust-swift-kotlin-toolchain-boundaries/progress.md
A  .task-board/EPIC-260720-21aq1i_declarative-compiled-builds/STORY-260728-2mnlp0_additional-language-driver-protocol/progress.md
A  .task-board/EPIC-260720-21aq1i_declarative-compiled-builds/STORY-260728-3qbezb_csk-external-build-repositories/README.md
A  .task-board/EPIC-260720-21aq1i_declarative-compiled-builds/STORY-260728-3qbezb_csk-external-build-repositories/TASK-260728-1ph8rs_csk-schema-v7-repository-models-and-substitutions/README.md
A  .task-board/EPIC-260720-21aq1i_declarative-compiled-builds/STORY-260728-3qbezb_csk-external-build-repositories/TASK-260728-1ph8rs_csk-schema-v7-repository-models-and-substitutions/progress.md
A  .task-board/EPIC-260720-21aq1i_declarative-compiled-builds/STORY-260728-3qbezb_csk-external-build-repositories/TASK-260728-2mfeje_csk-clean-git-and-raw-object-admission/README.md
A  .task-board/EPIC-260720-21aq1i_declarative-compiled-builds/STORY-260728-3qbezb_csk-external-build-repositories/TASK-260728-2mfeje_csk-clean-git-and-raw-object-admission/progress.md
A  .task-board/EPIC-260720-21aq1i_declarative-compiled-builds/STORY-260728-3qbezb_csk-external-build-repositories/TASK-260728-2uxmut_csk-external-snapshot-audit-and-cache/README.md
A  .task-board/EPIC-260720-21aq1i_declarative-compiled-builds/STORY-260728-3qbezb_csk-external-build-repositories/TASK-260728-2uxmut_csk-external-snapshot-audit-and-cache/progress.md
A  .task-board/EPIC-260720-21aq1i_declarative-compiled-builds/STORY-260728-3qbezb_csk-external-build-repositories/TASK-260728-3jaa57_csk-mixed-receipt-marker-and-lifecycle/README.md
A  .task-board/EPIC-260720-21aq1i_declarative-compiled-builds/STORY-260728-3qbezb_csk-external-build-repositories/TASK-260728-3jaa57_csk-mixed-receipt-marker-and-lifecycle/progress.md
A  .task-board/EPIC-260720-21aq1i_declarative-compiled-builds/STORY-260728-3qbezb_csk-external-build-repositories/TASK-260728-3kuxg7_csk-rc5-e2e-docs-macos-windows/README.md
A  .task-board/EPIC-260720-21aq1i_declarative-compiled-builds/STORY-260728-3qbezb_csk-external-build-repositories/TASK-260728-3kuxg7_csk-rc5-e2e-docs-macos-windows/progress.md
A  .task-board/EPIC-260720-21aq1i_declarative-compiled-builds/STORY-260728-3qbezb_csk-external-build-repositories/progress.md
A  .task-board/EPIC-260720-21aq1i_declarative-compiled-builds/STORY-260728-3tymqm_rust-compiled-build-drivers/README.md
A  .task-board/EPIC-260720-21aq1i_declarative-compiled-builds/STORY-260728-3tymqm_rust-compiled-build-drivers/TASK-260728-13ioo0_implement-rust-repository-v1-in-curator/README.md
A  .task-board/EPIC-260720-21aq1i_declarative-compiled-builds/STORY-260728-3tymqm_rust-compiled-build-drivers/TASK-260728-13ioo0_implement-rust-repository-v1-in-curator/progress.md
A  .task-board/EPIC-260720-21aq1i_declarative-compiled-builds/STORY-260728-3tymqm_rust-compiled-build-drivers/TASK-260728-16kefa_verify-rust-cross-manager-and-native-interop/README.md
A  .task-board/EPIC-260720-21aq1i_declarative-compiled-builds/STORY-260728-3tymqm_rust-compiled-build-drivers/TASK-260728-16kefa_verify-rust-cross-manager-and-native-interop/progress.md
A  .task-board/EPIC-260720-21aq1i_declarative-compiled-builds/STORY-260728-3tymqm_rust-compiled-build-drivers/TASK-260728-1t59zp_document-rust-driver-pair-authoring-and-operations/README.md
A  .task-board/EPIC-260720-21aq1i_declarative-compiled-builds/STORY-260728-3tymqm_rust-compiled-build-drivers/TASK-260728-1t59zp_document-rust-driver-pair-authoring-and-operations/progress.md
A  .task-board/EPIC-260720-21aq1i_declarative-compiled-builds/STORY-260728-3tymqm_rust-compiled-build-drivers/TASK-260728-26e3n2_run-linux-rust-driver-pair-qualification/README.md
A  .task-board/EPIC-260720-21aq1i_declarative-compiled-builds/STORY-260728-3tymqm_rust-compiled-build-drivers/TASK-260728-26e3n2_run-linux-rust-driver-pair-qualification/progress.md
A  .task-board/EPIC-260720-21aq1i_declarative-compiled-builds/STORY-260728-3tymqm_rust-compiled-build-drivers/TASK-260728-2yxdo7_implement-rust-v1-local-builds-in-csk/README.md
A  .task-board/EPIC-260720-21aq1i_declarative-compiled-builds/STORY-260728-3tymqm_rust-compiled-build-drivers/TASK-260728-2yxdo7_implement-rust-v1-local-builds-in-csk/progress.md
A  .task-board/EPIC-260720-21aq1i_declarative-compiled-builds/STORY-260728-3tymqm_rust-compiled-build-drivers/TASK-260728-asbuoo_verify-rust-v1-local-cross-manager-interop/README.md
A  .task-board/EPIC-260720-21aq1i_declarative-compiled-builds/STORY-260728-3tymqm_rust-compiled-build-drivers/TASK-260728-asbuoo_verify-rust-v1-local-cross-manager-interop/progress.md
A  .task-board/EPIC-260720-21aq1i_declarative-compiled-builds/STORY-260728-3tymqm_rust-compiled-build-drivers/TASK-260728-gjxj1v_implement-rust-repository-v1-in-csk/README.md
A  .task-board/EPIC-260720-21aq1i_declarative-compiled-builds/STORY-260728-3tymqm_rust-compiled-build-drivers/TASK-260728-gjxj1v_implement-rust-repository-v1-in-csk/progress.md
A  .task-board/EPIC-260720-21aq1i_declarative-compiled-builds/STORY-260728-3tymqm_rust-compiled-build-drivers/TASK-260728-q283m8_implement-rust-v1-local-builds-in-curator/README.md
A  .task-board/EPIC-260720-21aq1i_declarative-compiled-builds/STORY-260728-3tymqm_rust-compiled-build-drivers/TASK-260728-q283m8_implement-rust-v1-local-builds-in-curator/progress.md
A  .task-board/EPIC-260720-21aq1i_declarative-compiled-builds/STORY-260728-3tymqm_rust-compiled-build-drivers/progress.md
A  .task-board/EPIC-260720-21aq1i_declarative-compiled-builds/progress.md
A  .task-board/EPIC-260728-2m6dqo_hardened-compiled-build-sandbox/README.md
A  .task-board/EPIC-260728-2m6dqo_hardened-compiled-build-sandbox/STORY-260728-327soo_fail-closed-cross-platform-build-execution/README.md
A  .task-board/EPIC-260728-2m6dqo_hardened-compiled-build-sandbox/STORY-260728-327soo_fail-closed-cross-platform-build-execution/TASK-260728-1itx7a_verify-hardened-build-sandbox-conformance/README.md
A  .task-board/EPIC-260728-2m6dqo_hardened-compiled-build-sandbox/STORY-260728-327soo_fail-closed-cross-platform-build-execution/TASK-260728-1itx7a_verify-hardened-build-sandbox-conformance/progress.md
A  .task-board/EPIC-260728-2m6dqo_hardened-compiled-build-sandbox/STORY-260728-327soo_fail-closed-cross-platform-build-execution/TASK-260728-1jafds_specify-hardened-build-execution-profile/README.md
A  .task-board/EPIC-260728-2m6dqo_hardened-compiled-build-sandbox/STORY-260728-327soo_fail-closed-cross-platform-build-execution/TASK-260728-1jafds_specify-hardened-build-execution-profile/progress.md
A  .task-board/EPIC-260728-2m6dqo_hardened-compiled-build-sandbox/STORY-260728-327soo_fail-closed-cross-platform-build-execution/TASK-260728-1v71sx_implement-curator-hardened-windows-profile/README.md
A  .task-board/EPIC-260728-2m6dqo_hardened-compiled-build-sandbox/STORY-260728-327soo_fail-closed-cross-platform-build-execution/TASK-260728-1v71sx_implement-curator-hardened-windows-profile/progress.md
A  .task-board/EPIC-260728-2m6dqo_hardened-compiled-build-sandbox/STORY-260728-327soo_fail-closed-cross-platform-build-execution/TASK-260728-2hcmtg_implement-csk-hardened-windows-profile/README.md
A  .task-board/EPIC-260728-2m6dqo_hardened-compiled-build-sandbox/STORY-260728-327soo_fail-closed-cross-platform-build-execution/TASK-260728-2hcmtg_implement-csk-hardened-windows-profile/progress.md
A  .task-board/EPIC-260728-2m6dqo_hardened-compiled-build-sandbox/STORY-260728-327soo_fail-closed-cross-platform-build-execution/TASK-260728-3ihgfq_implement-curator-hardened-linux-profile/README.md
A  .task-board/EPIC-260728-2m6dqo_hardened-compiled-build-sandbox/STORY-260728-327soo_fail-closed-cross-platform-build-execution/TASK-260728-3ihgfq_implement-curator-hardened-linux-profile/progress.md
A  .task-board/EPIC-260728-2m6dqo_hardened-compiled-build-sandbox/STORY-260728-327soo_fail-closed-cross-platform-build-execution/TASK-260728-3n67j6_implement-curator-hardened-macos-profile/README.md
A  .task-board/EPIC-260728-2m6dqo_hardened-compiled-build-sandbox/STORY-260728-327soo_fail-closed-cross-platform-build-execution/TASK-260728-3n67j6_implement-curator-hardened-macos-profile/progress.md
A  .task-board/EPIC-260728-2m6dqo_hardened-compiled-build-sandbox/STORY-260728-327soo_fail-closed-cross-platform-build-execution/TASK-260728-jis03f_implement-csk-hardened-macos-profile/README.md
A  .task-board/EPIC-260728-2m6dqo_hardened-compiled-build-sandbox/STORY-260728-327soo_fail-closed-cross-platform-build-execution/TASK-260728-jis03f_implement-csk-hardened-macos-profile/progress.md
A  .task-board/EPIC-260728-2m6dqo_hardened-compiled-build-sandbox/STORY-260728-327soo_fail-closed-cross-platform-build-execution/TASK-260728-ns5yk7_implement-csk-hardened-linux-profile/README.md
A  .task-board/EPIC-260728-2m6dqo_hardened-compiled-build-sandbox/STORY-260728-327soo_fail-closed-cross-platform-build-execution/TASK-260728-ns5yk7_implement-csk-hardened-linux-profile/progress.md
A  .task-board/EPIC-260728-2m6dqo_hardened-compiled-build-sandbox/STORY-260728-327soo_fail-closed-cross-platform-build-execution/TASK-260729-3jmqgl_prototype-macos-hardened-capability-probes/README.md
A  .task-board/EPIC-260728-2m6dqo_hardened-compiled-build-sandbox/STORY-260728-327soo_fail-closed-cross-platform-build-execution/TASK-260729-3jmqgl_prototype-macos-hardened-capability-probes/progress.md
A  .task-board/EPIC-260728-2m6dqo_hardened-compiled-build-sandbox/STORY-260728-327soo_fail-closed-cross-platform-build-execution/progress.md
A  .task-board/EPIC-260728-2m6dqo_hardened-compiled-build-sandbox/progress.md
A  .task-board/EPIC-260822-18ylpq_first-party-module-roots-for-go-v1/README.md
A  .task-board/EPIC-260822-18ylpq_first-party-module-roots-for-go-v1/STORY-260822-1pm1c9_module-roots-spec-decision/README.md
A  .task-board/EPIC-260822-18ylpq_first-party-module-roots-for-go-v1/STORY-260822-1pm1c9_module-roots-spec-decision/TASK-260822-10udu1_land-module-roots-spec/README.md
A  .task-board/EPIC-260822-18ylpq_first-party-module-roots-for-go-v1/STORY-260822-1pm1c9_module-roots-spec-decision/TASK-260822-10udu1_land-module-roots-spec/progress.md
A  .task-board/EPIC-260822-18ylpq_first-party-module-roots-for-go-v1/STORY-260822-1pm1c9_module-roots-spec-decision/TASK-260822-1so0ym_module-roots-conformance-vectors/README.md
A  .task-board/EPIC-260822-18ylpq_first-party-module-roots-for-go-v1/STORY-260822-1pm1c9_module-roots-spec-decision/TASK-260822-1so0ym_module-roots-conformance-vectors/progress.md
A  .task-board/EPIC-260822-18ylpq_first-party-module-roots-for-go-v1/STORY-260822-1pm1c9_module-roots-spec-decision/TASK-260822-1yz9ug_module-roots-decision-document/README.md
A  .task-board/EPIC-260822-18ylpq_first-party-module-roots-for-go-v1/STORY-260822-1pm1c9_module-roots-spec-decision/TASK-260822-1yz9ug_module-roots-decision-document/progress.md
A  .task-board/EPIC-260822-18ylpq_first-party-module-roots-for-go-v1/STORY-260822-1pm1c9_module-roots-spec-decision/TASK-260822-3nvx91_core-md-module-roots-prose-and-schema/README.md
AM .task-board/EPIC-260822-18ylpq_first-party-module-roots-for-go-v1/STORY-260822-1pm1c9_module-roots-spec-decision/TASK-260822-3nvx91_core-md-module-roots-prose-and-schema/progress.md
AM .task-board/EPIC-260822-18ylpq_first-party-module-roots-for-go-v1/STORY-260822-1pm1c9_module-roots-spec-decision/progress.md
A  .task-board/EPIC-260822-18ylpq_first-party-module-roots-for-go-v1/STORY-260822-2lvw0e_curator-go-module-roots/README.md
A  .task-board/EPIC-260822-18ylpq_first-party-module-roots-for-go-v1/STORY-260822-2lvw0e_curator-go-module-roots/progress.md
AM .task-board/EPIC-260822-18ylpq_first-party-module-roots-for-go-v1/progress.md
A  .task-board/EPIC-260822-3ar0tv_enforced-script-capabilities/README.md
A  .task-board/EPIC-260822-3ar0tv_enforced-script-capabilities/STORY-260822-2h0v9j_curator-go-script-worker/README.md
A  .task-board/EPIC-260822-3ar0tv_enforced-script-capabilities/STORY-260822-2h0v9j_curator-go-script-worker/progress.md
A  .task-board/EPIC-260822-3ar0tv_enforced-script-capabilities/STORY-260822-2t9ikn_cocoaskills-script-worker/README.md
A  .task-board/EPIC-260822-3ar0tv_enforced-script-capabilities/STORY-260822-2t9ikn_cocoaskills-script-worker/progress.md
A  .task-board/EPIC-260822-3ar0tv_enforced-script-capabilities/STORY-260822-3k3hbs_spec-decision-and-conformance/README.md
A  .task-board/EPIC-260822-3ar0tv_enforced-script-capabilities/STORY-260822-3k3hbs_spec-decision-and-conformance/TASK-260822-1f533i_core-md-script-worker-prose/README.md
A  .task-board/EPIC-260822-3ar0tv_enforced-script-capabilities/STORY-260822-3k3hbs_spec-decision-and-conformance/TASK-260822-1f533i_core-md-script-worker-prose/progress.md
A  .task-board/EPIC-260822-3ar0tv_enforced-script-capabilities/STORY-260822-3k3hbs_spec-decision-and-conformance/TASK-260822-1l4r4f_resolve-decision-0008-open-questions/README.md
A  .task-board/EPIC-260822-3ar0tv_enforced-script-capabilities/STORY-260822-3k3hbs_spec-decision-and-conformance/TASK-260822-1l4r4f_resolve-decision-0008-open-questions/progress.md
A  .task-board/EPIC-260822-3ar0tv_enforced-script-capabilities/STORY-260822-3k3hbs_spec-decision-and-conformance/TASK-260822-1mwy10_manifest-schema-execution-policy/README.md
A  .task-board/EPIC-260822-3ar0tv_enforced-script-capabilities/STORY-260822-3k3hbs_spec-decision-and-conformance/TASK-260822-1mwy10_manifest-schema-execution-policy/progress.md
A  .task-board/EPIC-260822-3ar0tv_enforced-script-capabilities/STORY-260822-3k3hbs_spec-decision-and-conformance/TASK-260822-3fkfmf_manager-profile-and-security-prose/README.md
A  .task-board/EPIC-260822-3ar0tv_enforced-script-capabilities/STORY-260822-3k3hbs_spec-decision-and-conformance/TASK-260822-3fkfmf_manager-profile-and-security-prose/progress.md
A  .task-board/EPIC-260822-3ar0tv_enforced-script-capabilities/STORY-260822-3k3hbs_spec-decision-and-conformance/TASK-260822-c0rxj7_land-script-worker-spec/README.md
A  .task-board/EPIC-260822-3ar0tv_enforced-script-capabilities/STORY-260822-3k3hbs_spec-decision-and-conformance/TASK-260822-c0rxj7_land-script-worker-spec/progress.md
A  .task-board/EPIC-260822-3ar0tv_enforced-script-capabilities/STORY-260822-3k3hbs_spec-decision-and-conformance/TASK-260822-f4qv7w_script-worker-conformance-vectors/README.md
AM .task-board/EPIC-260822-3ar0tv_enforced-script-capabilities/STORY-260822-3k3hbs_spec-decision-and-conformance/TASK-260822-f4qv7w_script-worker-conformance-vectors/progress.md
A  .task-board/EPIC-260822-3ar0tv_enforced-script-capabilities/STORY-260822-3k3hbs_spec-decision-and-conformance/progress.md
A  .task-board/EPIC-260822-3ar0tv_enforced-script-capabilities/progress.md
A  .task-board/EPIC-260822-6etnqu_operator-credential-scopes/README.md
A  .task-board/EPIC-260822-6etnqu_operator-credential-scopes/STORY-260822-1ibduy_diagnostics-improvements/README.md
A  .task-board/EPIC-260822-6etnqu_operator-credential-scopes/STORY-260822-1ibduy_diagnostics-improvements/TASK-260822-2v5e80_toolchain-shim-remedy/README.md
A  .task-board/EPIC-260822-6etnqu_operator-credential-scopes/STORY-260822-1ibduy_diagnostics-improvements/TASK-260822-2v5e80_toolchain-shim-remedy/progress.md
A  .task-board/EPIC-260822-6etnqu_operator-credential-scopes/STORY-260822-1ibduy_diagnostics-improvements/TASK-260822-3j4bcb_closure-error-provenance/README.md
A  .task-board/EPIC-260822-6etnqu_operator-credential-scopes/STORY-260822-1ibduy_diagnostics-improvements/TASK-260822-3j4bcb_closure-error-provenance/progress.md
AM .task-board/EPIC-260822-6etnqu_operator-credential-scopes/STORY-260822-1ibduy_diagnostics-improvements/progress.md
A  .task-board/EPIC-260822-6etnqu_operator-credential-scopes/STORY-260822-2jdj9o_install-shape-hardening/README.md
A  .task-board/EPIC-260822-6etnqu_operator-credential-scopes/STORY-260822-2jdj9o_install-shape-hardening/TASK-260822-27bvo4_symlink-launcher-canonicalization/README.md
A  .task-board/EPIC-260822-6etnqu_operator-credential-scopes/STORY-260822-2jdj9o_install-shape-hardening/TASK-260822-27bvo4_symlink-launcher-canonicalization/progress.md
A  .task-board/EPIC-260822-6etnqu_operator-credential-scopes/STORY-260822-2jdj9o_install-shape-hardening/TASK-260822-5wfdfx_manifest-fallback-fail-loud/README.md
A  .task-board/EPIC-260822-6etnqu_operator-credential-scopes/STORY-260822-2jdj9o_install-shape-hardening/TASK-260822-5wfdfx_manifest-fallback-fail-loud/progress.md
A  .task-board/EPIC-260822-6etnqu_operator-credential-scopes/STORY-260822-2jdj9o_install-shape-hardening/TASK-260822-a6jpu9_vendor-inert-text-audit-policy/README.md
A  .task-board/EPIC-260822-6etnqu_operator-credential-scopes/STORY-260822-2jdj9o_install-shape-hardening/TASK-260822-a6jpu9_vendor-inert-text-audit-policy/progress.md
AM .task-board/EPIC-260822-6etnqu_operator-credential-scopes/STORY-260822-2jdj9o_install-shape-hardening/progress.md
A  .task-board/EPIC-260822-6etnqu_operator-credential-scopes/STORY-260822-2v23mv_scoped-build-ssh-config/BUG-260823-1zoub8_unify-agent-unset-diagnostics/README.md
A  .task-board/EPIC-260822-6etnqu_operator-credential-scopes/STORY-260822-2v23mv_scoped-build-ssh-config/BUG-260823-1zoub8_unify-agent-unset-diagnostics/progress.md
A  .task-board/EPIC-260822-6etnqu_operator-credential-scopes/STORY-260822-2v23mv_scoped-build-ssh-config/README.md
A  .task-board/EPIC-260822-6etnqu_operator-credential-scopes/STORY-260822-2v23mv_scoped-build-ssh-config/TASK-260822-2505vo_per-repository-credential-resolution/README.md
A  .task-board/EPIC-260822-6etnqu_operator-credential-scopes/STORY-260822-2v23mv_scoped-build-ssh-config/TASK-260822-2505vo_per-repository-credential-resolution/progress.md
A  .task-board/EPIC-260822-6etnqu_operator-credential-scopes/STORY-260822-2v23mv_scoped-build-ssh-config/TASK-260822-3pkc80_cli-config-build-ssh/README.md
A  .task-board/EPIC-260822-6etnqu_operator-credential-scopes/STORY-260822-2v23mv_scoped-build-ssh-config/TASK-260822-3pkc80_cli-config-build-ssh/progress.md
A  .task-board/EPIC-260822-6etnqu_operator-credential-scopes/STORY-260822-2v23mv_scoped-build-ssh-config/TASK-260822-4p3dcq_docs-build-ssh-surface/README.md
A  .task-board/EPIC-260822-6etnqu_operator-credential-scopes/STORY-260822-2v23mv_scoped-build-ssh-config/TASK-260822-4p3dcq_docs-build-ssh-surface/progress.md
A  .task-board/EPIC-260822-6etnqu_operator-credential-scopes/STORY-260822-2v23mv_scoped-build-ssh-config/TASK-260822-96m5pj_config-build-ssh-field/README.md
A  .task-board/EPIC-260822-6etnqu_operator-credential-scopes/STORY-260822-2v23mv_scoped-build-ssh-config/TASK-260822-96m5pj_config-build-ssh-field/progress.md
A  .task-board/EPIC-260822-6etnqu_operator-credential-scopes/STORY-260822-2v23mv_scoped-build-ssh-config/TASK-260822-b0wg3a_install-precheck-and-candidates/README.md
A  .task-board/EPIC-260822-6etnqu_operator-credential-scopes/STORY-260822-2v23mv_scoped-build-ssh-config/TASK-260822-b0wg3a_install-precheck-and-candidates/progress.md
A  .task-board/EPIC-260822-6etnqu_operator-credential-scopes/STORY-260822-2v23mv_scoped-build-ssh-config/TASK-260823-qwr5w9_land-credential-scopes-composite/README.md
A  .task-board/EPIC-260822-6etnqu_operator-credential-scopes/STORY-260822-2v23mv_scoped-build-ssh-config/TASK-260823-qwr5w9_land-credential-scopes-composite/progress.md
AM .task-board/EPIC-260822-6etnqu_operator-credential-scopes/STORY-260822-2v23mv_scoped-build-ssh-config/progress.md
AM .task-board/EPIC-260822-6etnqu_operator-credential-scopes/progress.md
AM LOGBOOK.md
 M internal/config/buildssh.go
 M internal/config/buildssh_test.go
?? .research/
?? .task-board/.resources/TASK-260822-3nvx91/TASK-260822-3nvx91_results.md
?? .task-board/.resources/TASK-260822-3nvx91/TASK-260822-3nvx91_spawn-log_-implementer--developer--codex-_RUN-260823-48db47.log
?? .task-board/.resources/TASK-260822-3nvx91/TASK-260822-3nvx91_spawn-log_-reviewer--reviewer--codex-_RUN-260823-d31ef8.log
?? .task-board/.resources/TASK-260822-f4qv7w/TASK-260822-f4qv7w_make-validate.log
?? .task-board/.resources/TASK-260822-f4qv7w/TASK-260822-f4qv7w_results.md
?? .task-board/.resources/TASK-260822-f4qv7w/TASK-260822-f4qv7w_spawn-log_-implementer--developer--codex-_RUN-260823-e8ac01.log
?? .task-board/.resources/TASK-260823-omp8zt/
?? .task-board/EPIC-260822-3ar0tv_enforced-script-capabilities/STORY-260823-2zafr5_schema-8-impact-analysis/
